audio_file,image_file,category
audio/umass_tree7_robot_trunk2_segment_0_window_0_contact.wav,images/umass_tree7_robot_trunk2_segment_0_window_0_contact.jpg,trunk
audio/umass_tree7_robot_trunk2_segment_0_window_1_contact.wav,images/umass_tree7_robot_trunk2_segment_0_window_1_contact.jpg,trunk
audio/umass_tree7_robot_trunk2_segment_0_window_2_contact.wav,images/umass_tree7_robot_trunk2_segment_0_window_2_contact.jpg,trunk
audio/umass_tree7_robot_trunk2_segment_0_window_3_contact.wav,images/umass_tree7_robot_trunk2_segment_0_window_3_contact.jpg,trunk
audio/umass_tree7_robot_trunk2_segment_0_window_4_contact.wav,images/umass_tree7_robot_trunk2_segment_0_window_4_contact.jpg,trunk
audio/umass_tree7_robot_trunk2_segment_0_window_5_contact.wav,images/umass_tree7_robot_trunk2_segment_0_window_5_contact.jpg,trunk
audio/umass_tree7_robot_trunk2_segment_0_window_6_contact.wav,images/umass_tree7_robot_trunk2_segment_0_window_6_contact.jpg,trunk
audio/umass_tree7_robot_trunk2_segment_0_window_7_contact.wav,images/umass_tree7_robot_trunk2_segment_0_window_7_contact.jpg,trunk
audio/umass_tree7_robot_trunk2_segment_0_window_8_contact.wav,images/umass_tree7_robot_trunk2_segment_0_window_8_contact.jpg,trunk
audio/umass_tree7_robot_trunk2_segment_0_window_9_contact.wav,images/umass_tree7_robot_trunk2_segment_0_window_9_contact.jpg,trunk
audio/umass_tree7_robot_trunk2_segment_0_window_10_contact.wav,images/umass_tree7_robot_trunk2_segment_0_window_10_contact.jpg,trunk
audio/umass_tree7_robot_trunk2_segment_0_window_11_contact.wav,images/umass_tree7_robot_trunk2_segment_0_window_11_contact.jpg,trunk
audio/umass_tree7_robot_trunk2_segment_0_window_12_contact.wav,images/umass_tree7_robot_trunk2_segment_0_window_12_contact.jpg,trunk
audio/umass_tree7_robot_trunk2_segment_0_window_13_contact.wav,images/umass_tree7_robot_trunk2_segment_0_window_13_contact.jpg,trunk
audio/umass_tree7_robot_trunk2_segment_0_window_14_contact.wav,images/umass_tree7_robot_trunk2_segment_0_window_14_contact.jpg,trunk
audio/umass_tree7_robot_trunk2_segment_0_window_15_contact.wav,images/umass_tree7_robot_trunk2_segment_0_window_15_contact.jpg,trunk
audio/umass_tree7_robot_trunk2_segment_0_window_16_contact.wav,images/umass_tree7_robot_trunk2_segment_0_window_16_contact.jpg,trunk
audio/umass_tree7_robot_trunk2_segment_0_window_17_contact.wav,images/umass_tree7_robot_trunk2_segment_0_window_17_contact.jpg,trunk
audio/umass_tree7_robot_trunk2_segment_0_window_18_contact.wav,images/umass_tree7_robot_trunk2_segment_0_window_18_contact.jpg,trunk
audio/umass_tree7_robot_trunk2_segment_0_window_19_contact.wav,images/umass_tree7_robot_trunk2_segment_0_window_19_contact.jpg,trunk
audio/umass_tree7_robot_trunk2_segment_0_window_20_contact.wav,images/umass_tree7_robot_trunk2_segment_0_window_20_contact.jpg,trunk
audio/umass_tree7_robot_trunk2_segment_1_window_0_contact.wav,images/umass_tree7_robot_trunk2_segment_1_window_0_contact.jpg,trunk
audio/umass_tree7_robot_trunk2_segment_1_window_1_contact.wav,images/umass_tree7_robot_trunk2_segment_1_window_1_contact.jpg,trunk
audio/umass_tree7_robot_trunk2_segment_1_window_2_contact.wav,images/umass_tree7_robot_trunk2_segment_1_window_2_contact.jpg,trunk
audio/umass_tree7_robot_trunk2_segment_1_window_3_contact.wav,images/umass_tree7_robot_trunk2_segment_1_window_3_contact.jpg,trunk
audio/umass_tree7_robot_trunk2_segment_1_window_4_contact.wav,images/umass_tree7_robot_trunk2_segment_1_window_4_contact.jpg,trunk
audio/umass_tree7_robot_trunk2_segment_1_window_5_contact.wav,images/umass_tree7_robot_trunk2_segment_1_window_5_contact.jpg,trunk
audio/umass_tree7_robot_trunk2_segment_1_window_6_contact.wav,images/umass_tree7_robot_trunk2_segment_1_window_6_contact.jpg,trunk
audio/umass_tree7_robot_trunk2_segment_1_window_7_contact.wav,images/umass_tree7_robot_trunk2_segment_1_window_7_contact.jpg,trunk
audio/umass_tree7_robot_trunk2_segment_1_window_8_contact.wav,images/umass_tree7_robot_trunk2_segment_1_window_8_contact.jpg,trunk
audio/umass_tree7_robot_trunk2_segment_1_window_9_contact.wav,images/umass_tree7_robot_trunk2_segment_1_window_9_contact.jpg,trunk
audio/umass_tree7_robot_trunk2_segment_1_window_10_contact.wav,images/umass_tree7_robot_trunk2_segment_1_window_10_contact.jpg,trunk
audio/umass_tree7_robot_trunk2_segment_1_window_11_contact.wav,images/umass_tree7_robot_trunk2_segment_1_window_11_contact.jpg,trunk
audio/umass_tree7_robot_trunk2_segment_1_window_12_contact.wav,images/umass_tree7_robot_trunk2_segment_1_window_12_contact.jpg,trunk
audio/umass_tree7_robot_trunk2_segment_2_window_0_ambient.wav,images/umass_tree7_robot_trunk2_segment_2_window_0_ambient.jpg,ambient
audio/umass_tree7_robot_trunk2_segment_2_window_1_ambient.wav,images/umass_tree7_robot_trunk2_segment_2_window_1_ambient.jpg,ambient
audio/umass_tree7_robot_trunk2_segment_3_window_0_ambient.wav,images/umass_tree7_robot_trunk2_segment_3_window_0_ambient.jpg,ambient
audio/umass_tree7_robot_trunk2_segment_3_window_1_ambient.wav,images/umass_tree7_robot_trunk2_segment_3_window_1_ambient.jpg,ambient
audio/umass_tree7_robot_trunk2_segment_3_window_2_ambient.wav,images/umass_tree7_robot_trunk2_segment_3_window_2_ambient.jpg,ambient
audio/umass_tree7_robot_trunk2_segment_3_window_3_ambient.wav,images/umass_tree7_robot_trunk2_segment_3_window_3_ambient.jpg,ambient
audio/umass_tree7_robot_trunk2_segment_3_window_4_ambient.wav,images/umass_tree7_robot_trunk2_segment_3_window_4_ambient.jpg,ambient
audio/umass_tree7_robot_trunk2_segment_3_window_5_ambient.wav,images/umass_tree7_robot_trunk2_segment_3_window_5_ambient.jpg,ambient
audio/umass_tree7_robot_trunk2_segment_3_window_6_ambient.wav,images/umass_tree7_robot_trunk2_segment_3_window_6_ambient.jpg,ambient
audio/umass_tree7_robot_trunk2_segment_3_window_7_ambient.wav,images/umass_tree7_robot_trunk2_segment_3_window_7_ambient.jpg,ambient
audio/umass_tree7_robot_trunk2_segment_3_window_8_ambient.wav,images/umass_tree7_robot_trunk2_segment_3_window_8_ambient.jpg,ambient
audio/umass_tree7_robot_trunk2_segment_3_window_9_ambient.wav,images/umass_tree7_robot_trunk2_segment_3_window_9_ambient.jpg,ambient
audio/umass_tree7_robot_trunk2_segment_3_window_10_ambient.wav,images/umass_tree7_robot_trunk2_segment_3_window_10_ambient.jpg,ambient
audio/umass_tree7_robot_trunk2_segment_4_window_0_contact.wav,images/umass_tree7_robot_trunk2_segment_4_window_0_contact.jpg,trunk
audio/umass_tree7_robot_trunk2_segment_5_window_0_ambient.wav,images/umass_tree7_robot_trunk2_segment_5_window_0_ambient.jpg,ambient
audio/umass_tree7_robot_trunk2_segment_5_window_1_ambient.wav,images/umass_tree7_robot_trunk2_segment_5_window_1_ambient.jpg,ambient
audio/umass_tree7_robot_trunk2_segment_5_window_2_ambient.wav,images/umass_tree7_robot_trunk2_segment_5_window_2_ambient.jpg,ambient
audio/umass_tree7_robot_trunk2_segment_5_window_3_ambient.wav,images/umass_tree7_robot_trunk2_segment_5_window_3_ambient.jpg,ambient
audio/umass_tree7_robot_trunk2_segment_5_window_4_ambient.wav,images/umass_tree7_robot_trunk2_segment_5_window_4_ambient.jpg,ambient
audio/umass_tree7_robot_trunk2_segment_5_window_5_ambient.wav,images/umass_tree7_robot_trunk2_segment_5_window_5_ambient.jpg,ambient
audio/umass_tree7_robot_trunk2_segment_5_window_6_ambient.wav,images/umass_tree7_robot_trunk2_segment_5_window_6_ambient.jpg,ambient
audio/umass_tree7_robot_trunk2_segment_5_window_7_ambient.wav,images/umass_tree7_robot_trunk2_segment_5_window_7_ambient.jpg,ambient
audio/umass_tree7_robot_trunk2_segment_5_window_8_ambient.wav,images/umass_tree7_robot_trunk2_segment_5_window_8_ambient.jpg,ambient
audio/umass_tree7_robot_trunk2_segment_5_window_9_ambient.wav,images/umass_tree7_robot_trunk2_segment_5_window_9_ambient.jpg,ambient
audio/umass_tree7_robot_trunk2_segment_5_window_10_ambient.wav,images/umass_tree7_robot_trunk2_segment_5_window_10_ambient.jpg,ambient
audio/umass_tree7_robot_trunk2_segment_5_window_11_ambient.wav,images/umass_tree7_robot_trunk2_segment_5_window_11_ambient.jpg,ambient
audio/umass_tree7_robot_trunk2_segment_6_window_0_ambient.wav,images/umass_tree7_robot_trunk2_segment_6_window_0_ambient.jpg,ambient
audio/umass_tree7_robot_trunk2_segment_6_window_1_ambient.wav,images/umass_tree7_robot_trunk2_segment_6_window_1_ambient.jpg,ambient
audio/umass_tree7_robot_trunk2_segment_6_window_2_ambient.wav,images/umass_tree7_robot_trunk2_segment_6_window_2_ambient.jpg,ambient
audio/umass_tree7_robot_trunk2_segment_6_window_3_ambient.wav,images/umass_tree7_robot_trunk2_segment_6_window_3_ambient.jpg,ambient
audio/umass_tree7_robot_trunk2_segment_6_window_4_ambient.wav,images/umass_tree7_robot_trunk2_segment_6_window_4_ambient.jpg,ambient
audio/umass_tree7_robot_trunk2_segment_6_window_5_ambient.wav,images/umass_tree7_robot_trunk2_segment_6_window_5_ambient.jpg,ambient
audio/umass_tree7_robot_trunk2_segment_6_window_6_ambient.wav,images/umass_tree7_robot_trunk2_segment_6_window_6_ambient.jpg,ambient
audio/umass_tree7_robot_trunk2_segment_6_window_7_ambient.wav,images/umass_tree7_robot_trunk2_segment_6_window_7_ambient.jpg,ambient
audio/umass_tree7_robot_trunk2_segment_6_window_8_ambient.wav,images/umass_tree7_robot_trunk2_segment_6_window_8_ambient.jpg,ambient
audio/umass_tree7_robot_trunk2_segment_6_window_9_ambient.wav,images/umass_tree7_robot_trunk2_segment_6_window_9_ambient.jpg,ambient
audio/umass_tree7_robot_trunk2_segment_6_window_10_ambient.wav,images/umass_tree7_robot_trunk2_segment_6_window_10_ambient.jpg,ambient
audio/umass_tree7_robot_trunk2_segment_6_window_11_ambient.wav,images/umass_tree7_robot_trunk2_segment_6_window_11_ambient.jpg,ambient
audio/umass_tree7_robot_trunk2_segment_6_window_12_ambient.wav,images/umass_tree7_robot_trunk2_segment_6_window_12_ambient.jpg,ambient
audio/umass_tree7_robot_trunk2_segment_6_window_13_ambient.wav,images/umass_tree7_robot_trunk2_segment_6_window_13_ambient.jpg,ambient
audio/umass_tree7_robot_trunk2_segment_6_window_14_ambient.wav,images/umass_tree7_robot_trunk2_segment_6_window_14_ambient.jpg,ambient
audio/umass_tree7_robot_trunk2_segment_6_window_15_ambient.wav,images/umass_tree7_robot_trunk2_segment_6_window_15_ambient.jpg,ambient
audio/umass_tree7_robot_trunk2_segment_6_window_16_ambient.wav,images/umass_tree7_robot_trunk2_segment_6_window_16_ambient.jpg,ambient
audio/umass_tree7_robot_trunk2_segment_6_window_17_ambient.wav,images/umass_tree7_robot_trunk2_segment_6_window_17_ambient.jpg,ambient
audio/umass_tree7_robot_trunk2_segment_6_window_18_ambient.wav,images/umass_tree7_robot_trunk2_segment_6_window_18_ambient.jpg,ambient
audio/umass_tree7_robot_trunk2_segment_7_window_0_contact.wav,images/umass_tree7_robot_trunk2_segment_7_window_0_contact.jpg,trunk
audio/umass_tree7_robot_trunk2_segment_7_window_1_contact.wav,images/umass_tree7_robot_trunk2_segment_7_window_1_contact.jpg,trunk
audio/umass_tree7_robot_trunk2_segment_7_window_2_contact.wav,images/umass_tree7_robot_trunk2_segment_7_window_2_contact.jpg,trunk
audio/umass_tree7_robot_trunk2_segment_7_window_3_contact.wav,images/umass_tree7_robot_trunk2_segment_7_window_3_contact.jpg,trunk
audio/umass_tree7_robot_trunk2_segment_7_window_4_contact.wav,images/umass_tree7_robot_trunk2_segment_7_window_4_contact.jpg,trunk
audio/umass_tree7_robot_trunk2_segment_8_window_0_ambient.wav,images/umass_tree7_robot_trunk2_segment_8_window_0_ambient.jpg,ambient
audio/umass_tree7_robot_trunk2_segment_9_window_0_contact.wav,images/umass_tree7_robot_trunk2_segment_9_window_0_contact.jpg,trunk
audio/umass_tree7_robot_trunk2_segment_9_window_1_contact.wav,images/umass_tree7_robot_trunk2_segment_9_window_1_contact.jpg,trunk
audio/umass_tree7_robot_trunk2_segment_9_window_2_contact.wav,images/umass_tree7_robot_trunk2_segment_9_window_2_contact.jpg,trunk
audio/umass_tree7_robot_trunk2_segment_9_window_3_contact.wav,images/umass_tree7_robot_trunk2_segment_9_window_3_contact.jpg,trunk
audio/umass_tree7_robot_trunk2_segment_9_window_4_contact.wav,images/umass_tree7_robot_trunk2_segment_9_window_4_contact.jpg,trunk
audio/umass_tree7_robot_trunk2_segment_9_window_5_contact.wav,images/umass_tree7_robot_trunk2_segment_9_window_5_contact.jpg,trunk
audio/umass_tree7_robot_trunk2_segment_9_window_6_contact.wav,images/umass_tree7_robot_trunk2_segment_9_window_6_contact.jpg,trunk
audio/umass_tree7_robot_trunk2_segment_9_window_7_contact.wav,images/umass_tree7_robot_trunk2_segment_9_window_7_contact.jpg,trunk
audio/umass_tree7_robot_trunk2_segment_9_window_8_contact.wav,images/umass_tree7_robot_trunk2_segment_9_window_8_contact.jpg,trunk
audio/umass_tree7_robot_trunk2_segment_9_window_9_contact.wav,images/umass_tree7_robot_trunk2_segment_9_window_9_contact.jpg,trunk
audio/umass_tree3_robot_trunk1_split_1_segment_0_window_0_contact.wav,images/umass_tree3_robot_trunk1_split_1_segment_0_window_0_contact.jpg,trunk
audio/umass_tree3_robot_trunk1_split_1_segment_0_window_1_contact.wav,images/umass_tree3_robot_trunk1_split_1_segment_0_window_1_contact.jpg,trunk
audio/umass_tree3_robot_trunk1_split_1_segment_1_window_0_ambient.wav,images/umass_tree3_robot_trunk1_split_1_segment_1_window_0_ambient.jpg,ambient
audio/umass_tree3_robot_trunk1_split_1_segment_1_window_1_ambient.wav,images/umass_tree3_robot_trunk1_split_1_segment_1_window_1_ambient.jpg,ambient
audio/umass_tree3_robot_trunk1_split_1_segment_1_window_2_ambient.wav,images/umass_tree3_robot_trunk1_split_1_segment_1_window_2_ambient.jpg,ambient
audio/umass_tree3_robot_trunk1_split_1_segment_1_window_3_ambient.wav,images/umass_tree3_robot_trunk1_split_1_segment_1_window_3_ambient.jpg,ambient
audio/umass_tree3_robot_trunk1_split_1_segment_1_window_4_ambient.wav,images/umass_tree3_robot_trunk1_split_1_segment_1_window_4_ambient.jpg,ambient
audio/umass_tree3_robot_trunk1_split_1_segment_1_window_5_ambient.wav,images/umass_tree3_robot_trunk1_split_1_segment_1_window_5_ambient.jpg,ambient
audio/umass_tree3_robot_trunk1_split_1_segment_1_window_6_ambient.wav,images/umass_tree3_robot_trunk1_split_1_segment_1_window_6_ambient.jpg,ambient
audio/umass_tree3_robot_trunk1_split_1_segment_1_window_7_ambient.wav,images/umass_tree3_robot_trunk1_split_1_segment_1_window_7_ambient.jpg,ambient
audio/umass_tree3_robot_trunk1_split_1_segment_1_window_8_ambient.wav,images/umass_tree3_robot_trunk1_split_1_segment_1_window_8_ambient.jpg,ambient
audio/umass_tree3_robot_trunk1_split_1_segment_1_window_9_ambient.wav,images/umass_tree3_robot_trunk1_split_1_segment_1_window_9_ambient.jpg,ambient
audio/umass_tree3_robot_trunk1_split_1_segment_1_window_10_ambient.wav,images/umass_tree3_robot_trunk1_split_1_segment_1_window_10_ambient.jpg,ambient
audio/umass_tree3_robot_trunk1_split_1_segment_2_window_0_contact.wav,images/umass_tree3_robot_trunk1_split_1_segment_2_window_0_contact.jpg,trunk
audio/umass_tree3_robot_trunk1_split_1_segment_2_window_1_contact.wav,images/umass_tree3_robot_trunk1_split_1_segment_2_window_1_contact.jpg,trunk
audio/umass_tree3_robot_trunk1_split_1_segment_2_window_2_contact.wav,images/umass_tree3_robot_trunk1_split_1_segment_2_window_2_contact.jpg,trunk
audio/umass_tree3_robot_trunk1_split_1_segment_2_window_3_contact.wav,images/umass_tree3_robot_trunk1_split_1_segment_2_window_3_contact.jpg,trunk
audio/umass_tree3_robot_trunk1_split_1_segment_2_window_4_contact.wav,images/umass_tree3_robot_trunk1_split_1_segment_2_window_4_contact.jpg,trunk
audio/umass_tree3_robot_trunk1_split_1_segment_2_window_5_contact.wav,images/umass_tree3_robot_trunk1_split_1_segment_2_window_5_contact.jpg,trunk
audio/umass_tree3_robot_trunk1_split_1_segment_2_window_6_contact.wav,images/umass_tree3_robot_trunk1_split_1_segment_2_window_6_contact.jpg,trunk
audio/umass_tree3_robot_trunk1_split_1_segment_2_window_7_contact.wav,images/umass_tree3_robot_trunk1_split_1_segment_2_window_7_contact.jpg,trunk
audio/umass_tree3_robot_trunk1_split_1_segment_2_window_8_contact.wav,images/umass_tree3_robot_trunk1_split_1_segment_2_window_8_contact.jpg,trunk
audio/umass_tree3_robot_trunk1_split_1_segment_2_window_9_contact.wav,images/umass_tree3_robot_trunk1_split_1_segment_2_window_9_contact.jpg,trunk
audio/umass_tree3_robot_trunk1_split_1_segment_2_window_10_contact.wav,images/umass_tree3_robot_trunk1_split_1_segment_2_window_10_contact.jpg,trunk
audio/umass_tree3_robot_trunk1_split_1_segment_2_window_11_contact.wav,images/umass_tree3_robot_trunk1_split_1_segment_2_window_11_contact.jpg,trunk
audio/umass_tree3_robot_trunk1_split_1_segment_2_window_12_contact.wav,images/umass_tree3_robot_trunk1_split_1_segment_2_window_12_contact.jpg,trunk
audio/umass_tree3_robot_trunk1_split_1_segment_2_window_13_contact.wav,images/umass_tree3_robot_trunk1_split_1_segment_2_window_13_contact.jpg,trunk
audio/umass_tree3_robot_trunk1_split_1_segment_2_window_14_contact.wav,images/umass_tree3_robot_trunk1_split_1_segment_2_window_14_contact.jpg,trunk
audio/umass_tree3_robot_trunk1_split_1_segment_2_window_15_contact.wav,images/umass_tree3_robot_trunk1_split_1_segment_2_window_15_contact.jpg,trunk
audio/umass_tree3_robot_trunk1_split_1_segment_2_window_16_contact.wav,images/umass_tree3_robot_trunk1_split_1_segment_2_window_16_contact.jpg,trunk
audio/umass_tree3_robot_trunk1_split_1_segment_3_window_0_ambient.wav,images/umass_tree3_robot_trunk1_split_1_segment_3_window_0_ambient.jpg,ambient
audio/umass_tree3_robot_trunk1_split_1_segment_3_window_1_ambient.wav,images/umass_tree3_robot_trunk1_split_1_segment_3_window_1_ambient.jpg,ambient
audio/umass_tree3_robot_trunk1_split_1_segment_3_window_2_ambient.wav,images/umass_tree3_robot_trunk1_split_1_segment_3_window_2_ambient.jpg,ambient
audio/umass_tree3_robot_trunk1_split_1_segment_3_window_3_ambient.wav,images/umass_tree3_robot_trunk1_split_1_segment_3_window_3_ambient.jpg,ambient
audio/umass_tree3_robot_trunk1_split_1_segment_3_window_4_ambient.wav,images/umass_tree3_robot_trunk1_split_1_segment_3_window_4_ambient.jpg,ambient
audio/umass_tree3_robot_trunk1_split_1_segment_3_window_5_ambient.wav,images/umass_tree3_robot_trunk1_split_1_segment_3_window_5_ambient.jpg,ambient
audio/umass_tree3_robot_trunk1_split_1_segment_3_window_6_ambient.wav,images/umass_tree3_robot_trunk1_split_1_segment_3_window_6_ambient.jpg,ambient
audio/umass_tree3_robot_trunk1_split_1_segment_4_window_0_ambient.wav,images/umass_tree3_robot_trunk1_split_1_segment_4_window_0_ambient.jpg,ambient
audio/umass_tree3_robot_trunk1_split_1_segment_4_window_1_ambient.wav,images/umass_tree3_robot_trunk1_split_1_segment_4_window_1_ambient.jpg,ambient
audio/umass_tree3_robot_trunk1_split_1_segment_4_window_2_ambient.wav,images/umass_tree3_robot_trunk1_split_1_segment_4_window_2_ambient.jpg,ambient
audio/umass_tree3_robot_trunk1_split_1_segment_4_window_3_ambient.wav,images/umass_tree3_robot_trunk1_split_1_segment_4_window_3_ambient.jpg,ambient
audio/umass_tree3_robot_trunk1_split_1_segment_4_window_4_ambient.wav,images/umass_tree3_robot_trunk1_split_1_segment_4_window_4_ambient.jpg,ambient
audio/umass_tree3_robot_trunk1_split_1_segment_4_window_5_ambient.wav,images/umass_tree3_robot_trunk1_split_1_segment_4_window_5_ambient.jpg,ambient
audio/umass_tree3_robot_trunk1_split_1_segment_4_window_6_ambient.wav,images/umass_tree3_robot_trunk1_split_1_segment_4_window_6_ambient.jpg,ambient
audio/umass_tree3_robot_trunk1_split_1_segment_4_window_7_ambient.wav,images/umass_tree3_robot_trunk1_split_1_segment_4_window_7_ambient.jpg,ambient
audio/umass_tree3_robot_trunk1_split_1_segment_4_window_8_ambient.wav,images/umass_tree3_robot_trunk1_split_1_segment_4_window_8_ambient.jpg,ambient
audio/umass_tree3_robot_trunk1_split_1_segment_4_window_9_ambient.wav,images/umass_tree3_robot_trunk1_split_1_segment_4_window_9_ambient.jpg,ambient
audio/umass_tree3_robot_trunk1_split_1_segment_4_window_10_ambient.wav,images/umass_tree3_robot_trunk1_split_1_segment_4_window_10_ambient.jpg,ambient
audio/umass_tree3_robot_trunk1_split_1_segment_4_window_11_ambient.wav,images/umass_tree3_robot_trunk1_split_1_segment_4_window_11_ambient.jpg,ambient
audio/umass_tree3_robot_trunk1_split_1_segment_4_window_12_ambient.wav,images/umass_tree3_robot_trunk1_split_1_segment_4_window_12_ambient.jpg,ambient
audio/umass_tree3_robot_trunk1_split_1_segment_4_window_13_ambient.wav,images/umass_tree3_robot_trunk1_split_1_segment_4_window_13_ambient.jpg,ambient
audio/umass_tree3_robot_trunk1_split_1_segment_4_window_14_ambient.wav,images/umass_tree3_robot_trunk1_split_1_segment_4_window_14_ambient.jpg,ambient
audio/umass_tree3_robot_trunk1_split_1_segment_4_window_15_ambient.wav,images/umass_tree3_robot_trunk1_split_1_segment_4_window_15_ambient.jpg,ambient
audio/umass_tree3_robot_trunk1_split_1_segment_4_window_16_ambient.wav,images/umass_tree3_robot_trunk1_split_1_segment_4_window_16_ambient.jpg,ambient
audio/umass_tree3_robot_trunk1_split_1_segment_4_window_17_ambient.wav,images/umass_tree3_robot_trunk1_split_1_segment_4_window_17_ambient.jpg,ambient
audio/umass_tree3_robot_trunk1_split_1_segment_4_window_18_ambient.wav,images/umass_tree3_robot_trunk1_split_1_segment_4_window_18_ambient.jpg,ambient
audio/umass_tree3_robot_trunk1_split_1_segment_4_window_19_ambient.wav,images/umass_tree3_robot_trunk1_split_1_segment_4_window_19_ambient.jpg,ambient
audio/umass_tree7_robot_twig1_segment_0_window_0_ambient.wav,images/umass_tree7_robot_twig1_segment_0_window_0_ambient.jpg,ambient
audio/umass_tree7_robot_twig1_segment_0_window_1_ambient.wav,images/umass_tree7_robot_twig1_segment_0_window_1_ambient.jpg,ambient
audio/umass_tree7_robot_twig1_segment_0_window_2_ambient.wav,images/umass_tree7_robot_twig1_segment_0_window_2_ambient.jpg,ambient
audio/umass_tree7_robot_twig1_segment_0_window_3_ambient.wav,images/umass_tree7_robot_twig1_segment_0_window_3_ambient.jpg,ambient
audio/umass_tree7_robot_twig1_segment_0_window_4_ambient.wav,images/umass_tree7_robot_twig1_segment_0_window_4_ambient.jpg,ambient
audio/umass_tree7_robot_twig1_segment_0_window_5_ambient.wav,images/umass_tree7_robot_twig1_segment_0_window_5_ambient.jpg,ambient
audio/umass_tree7_robot_twig1_segment_0_window_6_ambient.wav,images/umass_tree7_robot_twig1_segment_0_window_6_ambient.jpg,ambient
audio/umass_tree7_robot_twig1_segment_0_window_7_ambient.wav,images/umass_tree7_robot_twig1_segment_0_window_7_ambient.jpg,ambient
audio/umass_tree7_robot_twig1_segment_0_window_8_ambient.wav,images/umass_tree7_robot_twig1_segment_0_window_8_ambient.jpg,ambient
audio/umass_tree7_robot_twig1_segment_0_window_9_ambient.wav,images/umass_tree7_robot_twig1_segment_0_window_9_ambient.jpg,ambient
audio/umass_tree7_robot_twig1_segment_1_window_0_contact.wav,images/umass_tree7_robot_twig1_segment_1_window_0_contact.jpg,twig
audio/umass_tree7_robot_twig1_segment_1_window_1_contact.wav,images/umass_tree7_robot_twig1_segment_1_window_1_contact.jpg,twig
audio/umass_tree7_robot_twig1_segment_1_window_2_contact.wav,images/umass_tree7_robot_twig1_segment_1_window_2_contact.jpg,twig
audio/umass_tree7_robot_twig1_segment_1_window_3_contact.wav,images/umass_tree7_robot_twig1_segment_1_window_3_contact.jpg,twig
audio/umass_tree7_robot_twig1_segment_1_window_4_contact.wav,images/umass_tree7_robot_twig1_segment_1_window_4_contact.jpg,twig
audio/umass_tree7_robot_twig1_segment_1_window_5_contact.wav,images/umass_tree7_robot_twig1_segment_1_window_5_contact.jpg,twig
audio/umass_tree7_robot_twig1_segment_1_window_6_contact.wav,images/umass_tree7_robot_twig1_segment_1_window_6_contact.jpg,twig
audio/umass_tree7_robot_twig1_segment_1_window_7_contact.wav,images/umass_tree7_robot_twig1_segment_1_window_7_contact.jpg,twig
audio/umass_tree7_robot_twig1_segment_1_window_8_contact.wav,images/umass_tree7_robot_twig1_segment_1_window_8_contact.jpg,twig
audio/umass_tree7_robot_twig1_segment_1_window_9_contact.wav,images/umass_tree7_robot_twig1_segment_1_window_9_contact.jpg,twig
audio/umass_tree7_robot_twig1_segment_1_window_10_contact.wav,images/umass_tree7_robot_twig1_segment_1_window_10_contact.jpg,twig
audio/umass_tree7_robot_twig1_segment_1_window_11_contact.wav,images/umass_tree7_robot_twig1_segment_1_window_11_contact.jpg,twig
audio/umass_tree7_robot_twig1_segment_2_window_0_ambient.wav,images/umass_tree7_robot_twig1_segment_2_window_0_ambient.jpg,ambient
audio/umass_tree7_robot_twig1_segment_2_window_1_ambient.wav,images/umass_tree7_robot_twig1_segment_2_window_1_ambient.jpg,ambient
audio/umass_tree7_robot_twig1_segment_2_window_2_ambient.wav,images/umass_tree7_robot_twig1_segment_2_window_2_ambient.jpg,ambient
audio/umass_tree7_robot_twig1_segment_2_window_3_ambient.wav,images/umass_tree7_robot_twig1_segment_2_window_3_ambient.jpg,ambient
audio/umass_tree7_robot_twig1_segment_2_window_4_ambient.wav,images/umass_tree7_robot_twig1_segment_2_window_4_ambient.jpg,ambient
audio/umass_tree7_robot_twig1_segment_2_window_5_ambient.wav,images/umass_tree7_robot_twig1_segment_2_window_5_ambient.jpg,ambient
audio/umass_tree7_robot_twig1_segment_2_window_6_ambient.wav,images/umass_tree7_robot_twig1_segment_2_window_6_ambient.jpg,ambient
audio/umass_tree7_robot_twig1_segment_2_window_7_ambient.wav,images/umass_tree7_robot_twig1_segment_2_window_7_ambient.jpg,ambient
audio/umass_tree7_robot_twig1_segment_2_window_8_ambient.wav,images/umass_tree7_robot_twig1_segment_2_window_8_ambient.jpg,ambient
audio/umass_tree7_robot_twig1_segment_2_window_9_ambient.wav,images/umass_tree7_robot_twig1_segment_2_window_9_ambient.jpg,ambient
audio/umass_tree7_robot_twig1_segment_2_window_10_ambient.wav,images/umass_tree7_robot_twig1_segment_2_window_10_ambient.jpg,ambient
audio/umass_tree7_robot_twig1_segment_3_window_0_ambient.wav,images/umass_tree7_robot_twig1_segment_3_window_0_ambient.jpg,ambient
audio/umass_tree7_robot_twig1_segment_3_window_1_ambient.wav,images/umass_tree7_robot_twig1_segment_3_window_1_ambient.jpg,ambient
audio/umass_tree7_robot_twig1_segment_3_window_2_ambient.wav,images/umass_tree7_robot_twig1_segment_3_window_2_ambient.jpg,ambient
audio/umass_tree7_robot_twig1_segment_3_window_3_ambient.wav,images/umass_tree7_robot_twig1_segment_3_window_3_ambient.jpg,ambient
audio/umass_tree7_robot_twig1_segment_3_window_4_ambient.wav,images/umass_tree7_robot_twig1_segment_3_window_4_ambient.jpg,ambient
audio/umass_tree7_robot_twig1_segment_3_window_5_ambient.wav,images/umass_tree7_robot_twig1_segment_3_window_5_ambient.jpg,ambient
audio/umass_tree7_robot_twig1_segment_3_window_6_ambient.wav,images/umass_tree7_robot_twig1_segment_3_window_6_ambient.jpg,ambient
audio/umass_tree7_robot_twig1_segment_3_window_7_ambient.wav,images/umass_tree7_robot_twig1_segment_3_window_7_ambient.jpg,ambient
audio/umass_tree7_robot_twig1_segment_3_window_8_ambient.wav,images/umass_tree7_robot_twig1_segment_3_window_8_ambient.jpg,ambient
audio/umass_tree7_robot_twig1_segment_3_window_9_ambient.wav,images/umass_tree7_robot_twig1_segment_3_window_9_ambient.jpg,ambient
audio/umass_tree7_robot_twig1_segment_3_window_10_ambient.wav,images/umass_tree7_robot_twig1_segment_3_window_10_ambient.jpg,ambient
audio/umass_tree7_robot_twig1_segment_4_window_0_contact.wav,images/umass_tree7_robot_twig1_segment_4_window_0_contact.jpg,twig
audio/umass_tree7_robot_twig1_segment_4_window_1_contact.wav,images/umass_tree7_robot_twig1_segment_4_window_1_contact.jpg,twig
audio/umass_tree3_robot_trunk2_segment_0_window_0_ambient.wav,images/umass_tree3_robot_trunk2_segment_0_window_0_ambient.jpg,ambient
audio/umass_tree3_robot_trunk2_segment_0_window_1_ambient.wav,images/umass_tree3_robot_trunk2_segment_0_window_1_ambient.jpg,ambient
audio/umass_tree3_robot_trunk2_segment_0_window_2_ambient.wav,images/umass_tree3_robot_trunk2_segment_0_window_2_ambient.jpg,ambient
audio/umass_tree3_robot_trunk2_segment_0_window_3_ambient.wav,images/umass_tree3_robot_trunk2_segment_0_window_3_ambient.jpg,ambient
audio/umass_tree3_robot_trunk2_segment_0_window_4_ambient.wav,images/umass_tree3_robot_trunk2_segment_0_window_4_ambient.jpg,ambient
audio/umass_tree3_robot_trunk2_segment_0_window_5_ambient.wav,images/umass_tree3_robot_trunk2_segment_0_window_5_ambient.jpg,ambient
audio/umass_tree3_robot_trunk2_segment_0_window_6_ambient.wav,images/umass_tree3_robot_trunk2_segment_0_window_6_ambient.jpg,ambient
audio/umass_tree3_robot_trunk2_segment_0_window_7_ambient.wav,images/umass_tree3_robot_trunk2_segment_0_window_7_ambient.jpg,ambient
audio/umass_tree3_robot_trunk2_segment_1_window_0_ambient.wav,images/umass_tree3_robot_trunk2_segment_1_window_0_ambient.jpg,ambient
audio/umass_tree3_robot_trunk2_segment_1_window_1_ambient.wav,images/umass_tree3_robot_trunk2_segment_1_window_1_ambient.jpg,ambient
audio/umass_tree3_robot_trunk2_segment_1_window_2_ambient.wav,images/umass_tree3_robot_trunk2_segment_1_window_2_ambient.jpg,ambient
audio/umass_tree3_robot_trunk2_segment_2_window_0_ambient.wav,images/umass_tree3_robot_trunk2_segment_2_window_0_ambient.jpg,ambient
audio/umass_tree3_robot_trunk2_segment_2_window_1_ambient.wav,images/umass_tree3_robot_trunk2_segment_2_window_1_ambient.jpg,ambient
audio/umass_tree3_robot_trunk2_segment_2_window_2_ambient.wav,images/umass_tree3_robot_trunk2_segment_2_window_2_ambient.jpg,ambient
audio/umass_tree3_robot_trunk2_segment_2_window_3_ambient.wav,images/umass_tree3_robot_trunk2_segment_2_window_3_ambient.jpg,ambient
audio/umass_tree3_robot_trunk2_segment_2_window_4_ambient.wav,images/umass_tree3_robot_trunk2_segment_2_window_4_ambient.jpg,ambient
audio/umass_tree3_robot_trunk2_segment_2_window_5_ambient.wav,images/umass_tree3_robot_trunk2_segment_2_window_5_ambient.jpg,ambient
audio/umass_tree3_robot_trunk2_segment_2_window_6_ambient.wav,images/umass_tree3_robot_trunk2_segment_2_window_6_ambient.jpg,ambient
audio/umass_tree3_robot_trunk2_segment_2_window_7_ambient.wav,images/umass_tree3_robot_trunk2_segment_2_window_7_ambient.jpg,ambient
audio/umass_tree3_robot_trunk2_segment_3_window_0_contact.wav,images/umass_tree3_robot_trunk2_segment_3_window_0_contact.jpg,trunk
audio/umass_tree3_robot_trunk2_segment_3_window_1_contact.wav,images/umass_tree3_robot_trunk2_segment_3_window_1_contact.jpg,trunk
audio/umass_tree3_robot_trunk2_segment_3_window_2_contact.wav,images/umass_tree3_robot_trunk2_segment_3_window_2_contact.jpg,trunk
audio/umass_tree3_robot_trunk2_segment_3_window_3_contact.wav,images/umass_tree3_robot_trunk2_segment_3_window_3_contact.jpg,trunk
audio/umass_tree3_robot_trunk2_segment_3_window_4_contact.wav,images/umass_tree3_robot_trunk2_segment_3_window_4_contact.jpg,trunk
audio/umass_tree3_robot_trunk2_segment_3_window_5_contact.wav,images/umass_tree3_robot_trunk2_segment_3_window_5_contact.jpg,trunk
audio/umass_tree3_robot_trunk2_segment_3_window_6_contact.wav,images/umass_tree3_robot_trunk2_segment_3_window_6_contact.jpg,trunk
audio/umass_tree3_robot_trunk2_segment_3_window_7_contact.wav,images/umass_tree3_robot_trunk2_segment_3_window_7_contact.jpg,trunk
audio/umass_tree3_robot_trunk2_segment_3_window_8_contact.wav,images/umass_tree3_robot_trunk2_segment_3_window_8_contact.jpg,trunk
audio/umass_tree3_robot_trunk2_segment_3_window_9_contact.wav,images/umass_tree3_robot_trunk2_segment_3_window_9_contact.jpg,trunk
audio/umass_tree3_robot_trunk2_segment_3_window_10_contact.wav,images/umass_tree3_robot_trunk2_segment_3_window_10_contact.jpg,trunk
audio/umass_tree3_robot_trunk2_segment_3_window_11_contact.wav,images/umass_tree3_robot_trunk2_segment_3_window_11_contact.jpg,trunk
audio/umass_tree3_robot_trunk2_segment_3_window_12_contact.wav,images/umass_tree3_robot_trunk2_segment_3_window_12_contact.jpg,trunk
audio/umass_tree3_robot_trunk2_segment_3_window_13_contact.wav,images/umass_tree3_robot_trunk2_segment_3_window_13_contact.jpg,trunk
audio/umass_tree3_robot_trunk2_segment_3_window_14_contact.wav,images/umass_tree3_robot_trunk2_segment_3_window_14_contact.jpg,trunk
audio/umass_tree3_robot_trunk2_segment_3_window_15_contact.wav,images/umass_tree3_robot_trunk2_segment_3_window_15_contact.jpg,trunk
audio/umass_tree3_robot_trunk2_segment_3_window_16_contact.wav,images/umass_tree3_robot_trunk2_segment_3_window_16_contact.jpg,trunk
audio/umass_tree3_robot_trunk2_segment_3_window_17_contact.wav,images/umass_tree3_robot_trunk2_segment_3_window_17_contact.jpg,trunk
audio/umass_tree3_robot_trunk2_segment_3_window_18_contact.wav,images/umass_tree3_robot_trunk2_segment_3_window_18_contact.jpg,trunk
audio/umass_tree3_robot_trunk2_segment_4_window_0_ambient.wav,images/umass_tree3_robot_trunk2_segment_4_window_0_ambient.jpg,ambient
audio/umass_tree3_robot_trunk2_segment_4_window_1_ambient.wav,images/umass_tree3_robot_trunk2_segment_4_window_1_ambient.jpg,ambient
audio/umass_tree3_robot_trunk2_segment_4_window_2_ambient.wav,images/umass_tree3_robot_trunk2_segment_4_window_2_ambient.jpg,ambient
audio/umass_tree3_robot_trunk2_segment_4_window_3_ambient.wav,images/umass_tree3_robot_trunk2_segment_4_window_3_ambient.jpg,ambient
audio/umass_tree3_robot_trunk2_segment_4_window_4_ambient.wav,images/umass_tree3_robot_trunk2_segment_4_window_4_ambient.jpg,ambient
audio/umass_tree3_robot_trunk2_segment_4_window_5_ambient.wav,images/umass_tree3_robot_trunk2_segment_4_window_5_ambient.jpg,ambient
audio/umass_tree3_robot_trunk2_segment_4_window_6_ambient.wav,images/umass_tree3_robot_trunk2_segment_4_window_6_ambient.jpg,ambient
audio/umass_tree3_robot_trunk2_segment_4_window_7_ambient.wav,images/umass_tree3_robot_trunk2_segment_4_window_7_ambient.jpg,ambient
audio/umass_tree3_robot_trunk2_segment_5_window_0_contact.wav,images/umass_tree3_robot_trunk2_segment_5_window_0_contact.jpg,trunk
audio/umass_tree8_robot_trunk1_segment_0_window_0_contact.wav,images/umass_tree8_robot_trunk1_segment_0_window_0_contact.jpg,trunk
audio/umass_tree8_robot_trunk1_segment_0_window_1_contact.wav,images/umass_tree8_robot_trunk1_segment_0_window_1_contact.jpg,trunk
audio/umass_tree8_robot_trunk1_segment_0_window_2_contact.wav,images/umass_tree8_robot_trunk1_segment_0_window_2_contact.jpg,trunk
audio/umass_tree8_robot_trunk1_segment_0_window_3_contact.wav,images/umass_tree8_robot_trunk1_segment_0_window_3_contact.jpg,trunk
audio/umass_tree8_robot_trunk1_segment_0_window_4_contact.wav,images/umass_tree8_robot_trunk1_segment_0_window_4_contact.jpg,trunk
audio/umass_tree8_robot_trunk1_segment_0_window_5_contact.wav,images/umass_tree8_robot_trunk1_segment_0_window_5_contact.jpg,trunk
audio/umass_tree8_robot_trunk1_segment_1_window_0_ambient.wav,images/umass_tree8_robot_trunk1_segment_1_window_0_ambient.jpg,ambient
audio/umass_tree8_robot_trunk1_segment_1_window_1_ambient.wav,images/umass_tree8_robot_trunk1_segment_1_window_1_ambient.jpg,ambient
audio/umass_tree8_robot_trunk1_segment_1_window_2_ambient.wav,images/umass_tree8_robot_trunk1_segment_1_window_2_ambient.jpg,ambient
audio/umass_tree8_robot_trunk1_segment_1_window_3_ambient.wav,images/umass_tree8_robot_trunk1_segment_1_window_3_ambient.jpg,ambient
audio/umass_tree8_robot_trunk1_segment_1_window_4_ambient.wav,images/umass_tree8_robot_trunk1_segment_1_window_4_ambient.jpg,ambient
audio/umass_tree8_robot_trunk1_segment_1_window_5_ambient.wav,images/umass_tree8_robot_trunk1_segment_1_window_5_ambient.jpg,ambient
audio/umass_tree8_robot_trunk1_segment_1_window_6_ambient.wav,images/umass_tree8_robot_trunk1_segment_1_window_6_ambient.jpg,ambient
audio/umass_tree8_robot_trunk1_segment_2_window_0_contact.wav,images/umass_tree8_robot_trunk1_segment_2_window_0_contact.jpg,trunk
audio/umass_tree8_robot_trunk1_segment_2_window_1_contact.wav,images/umass_tree8_robot_trunk1_segment_2_window_1_contact.jpg,trunk
audio/umass_tree8_robot_trunk1_segment_2_window_2_contact.wav,images/umass_tree8_robot_trunk1_segment_2_window_2_contact.jpg,trunk
audio/umass_tree8_robot_trunk1_segment_2_window_3_contact.wav,images/umass_tree8_robot_trunk1_segment_2_window_3_contact.jpg,trunk
audio/umass_tree8_robot_trunk1_segment_2_window_4_contact.wav,images/umass_tree8_robot_trunk1_segment_2_window_4_contact.jpg,trunk
audio/umass_tree8_robot_trunk1_segment_2_window_5_contact.wav,images/umass_tree8_robot_trunk1_segment_2_window_5_contact.jpg,trunk
audio/umass_tree8_robot_trunk1_segment_2_window_6_contact.wav,images/umass_tree8_robot_trunk1_segment_2_window_6_contact.jpg,trunk
audio/umass_tree8_robot_trunk1_segment_2_window_7_contact.wav,images/umass_tree8_robot_trunk1_segment_2_window_7_contact.jpg,trunk
audio/umass_tree8_robot_trunk1_segment_2_window_8_contact.wav,images/umass_tree8_robot_trunk1_segment_2_window_8_contact.jpg,trunk
audio/umass_tree8_robot_trunk1_segment_2_window_9_contact.wav,images/umass_tree8_robot_trunk1_segment_2_window_9_contact.jpg,trunk
audio/umass_tree8_robot_trunk1_segment_2_window_10_contact.wav,images/umass_tree8_robot_trunk1_segment_2_window_10_contact.jpg,trunk
audio/umass_tree8_robot_trunk1_segment_2_window_11_contact.wav,images/umass_tree8_robot_trunk1_segment_2_window_11_contact.jpg,trunk
audio/umass_tree8_robot_trunk1_segment_2_window_12_contact.wav,images/umass_tree8_robot_trunk1_segment_2_window_12_contact.jpg,trunk
audio/umass_tree8_robot_trunk1_segment_2_window_13_contact.wav,images/umass_tree8_robot_trunk1_segment_2_window_13_contact.jpg,trunk
audio/umass_tree8_robot_trunk1_segment_2_window_14_contact.wav,images/umass_tree8_robot_trunk1_segment_2_window_14_contact.jpg,trunk
audio/umass_tree8_robot_trunk1_segment_2_window_15_contact.wav,images/umass_tree8_robot_trunk1_segment_2_window_15_contact.jpg,trunk
audio/umass_tree8_robot_trunk1_segment_2_window_16_contact.wav,images/umass_tree8_robot_trunk1_segment_2_window_16_contact.jpg,trunk
audio/umass_tree8_robot_trunk1_segment_2_window_17_contact.wav,images/umass_tree8_robot_trunk1_segment_2_window_17_contact.jpg,trunk
audio/umass_tree8_robot_trunk1_segment_3_window_0_ambient.wav,images/umass_tree8_robot_trunk1_segment_3_window_0_ambient.jpg,ambient
audio/umass_tree8_robot_trunk1_segment_3_window_1_ambient.wav,images/umass_tree8_robot_trunk1_segment_3_window_1_ambient.jpg,ambient
audio/umass_tree8_robot_trunk1_segment_3_window_2_ambient.wav,images/umass_tree8_robot_trunk1_segment_3_window_2_ambient.jpg,ambient
audio/umass_tree8_robot_trunk1_segment_3_window_3_ambient.wav,images/umass_tree8_robot_trunk1_segment_3_window_3_ambient.jpg,ambient
audio/umass_tree8_robot_trunk1_segment_3_window_4_ambient.wav,images/umass_tree8_robot_trunk1_segment_3_window_4_ambient.jpg,ambient
audio/umass_tree8_robot_trunk1_segment_3_window_5_ambient.wav,images/umass_tree8_robot_trunk1_segment_3_window_5_ambient.jpg,ambient
audio/umass_tree5_robot_twig2_segment_0_window_0_ambient.wav,images/umass_tree5_robot_twig2_segment_0_window_0_ambient.jpg,ambient
audio/umass_tree5_robot_twig2_segment_0_window_1_ambient.wav,images/umass_tree5_robot_twig2_segment_0_window_1_ambient.jpg,ambient
audio/umass_tree5_robot_twig2_segment_0_window_2_ambient.wav,images/umass_tree5_robot_twig2_segment_0_window_2_ambient.jpg,ambient
audio/umass_tree5_robot_twig2_segment_0_window_3_ambient.wav,images/umass_tree5_robot_twig2_segment_0_window_3_ambient.jpg,ambient
audio/umass_tree5_robot_twig2_segment_0_window_4_ambient.wav,images/umass_tree5_robot_twig2_segment_0_window_4_ambient.jpg,ambient
audio/umass_tree5_robot_twig2_segment_1_window_0_contact.wav,images/umass_tree5_robot_twig2_segment_1_window_0_contact.jpg,twig
audio/umass_tree5_robot_twig2_segment_1_window_1_contact.wav,images/umass_tree5_robot_twig2_segment_1_window_1_contact.jpg,twig
audio/umass_tree5_robot_twig2_segment_1_window_2_contact.wav,images/umass_tree5_robot_twig2_segment_1_window_2_contact.jpg,twig
audio/umass_tree5_robot_twig2_segment_1_window_3_contact.wav,images/umass_tree5_robot_twig2_segment_1_window_3_contact.jpg,twig
audio/umass_tree5_robot_twig2_segment_1_window_4_contact.wav,images/umass_tree5_robot_twig2_segment_1_window_4_contact.jpg,twig
audio/umass_tree5_robot_twig2_segment_1_window_5_contact.wav,images/umass_tree5_robot_twig2_segment_1_window_5_contact.jpg,twig
audio/umass_tree5_robot_twig2_segment_1_window_6_contact.wav,images/umass_tree5_robot_twig2_segment_1_window_6_contact.jpg,twig
audio/umass_tree5_robot_twig2_segment_1_window_7_contact.wav,images/umass_tree5_robot_twig2_segment_1_window_7_contact.jpg,twig
audio/umass_tree5_robot_twig2_segment_1_window_8_contact.wav,images/umass_tree5_robot_twig2_segment_1_window_8_contact.jpg,twig
audio/umass_tree5_robot_twig2_segment_1_window_9_contact.wav,images/umass_tree5_robot_twig2_segment_1_window_9_contact.jpg,twig
audio/umass_tree5_robot_twig2_segment_1_window_10_contact.wav,images/umass_tree5_robot_twig2_segment_1_window_10_contact.jpg,twig
audio/umass_tree5_robot_twig2_segment_1_window_11_contact.wav,images/umass_tree5_robot_twig2_segment_1_window_11_contact.jpg,twig
audio/umass_tree5_robot_twig2_segment_1_window_12_contact.wav,images/umass_tree5_robot_twig2_segment_1_window_12_contact.jpg,twig
audio/umass_tree5_robot_twig2_segment_1_window_13_contact.wav,images/umass_tree5_robot_twig2_segment_1_window_13_contact.jpg,twig
audio/umass_tree5_robot_twig2_segment_1_window_14_contact.wav,images/umass_tree5_robot_twig2_segment_1_window_14_contact.jpg,twig
audio/umass_tree5_robot_twig2_segment_1_window_15_contact.wav,images/umass_tree5_robot_twig2_segment_1_window_15_contact.jpg,twig
audio/umass_tree5_robot_twig2_segment_1_window_16_contact.wav,images/umass_tree5_robot_twig2_segment_1_window_16_contact.jpg,twig
audio/umass_tree5_robot_twig2_segment_1_window_17_contact.wav,images/umass_tree5_robot_twig2_segment_1_window_17_contact.jpg,twig
audio/umass_tree5_robot_twig2_segment_1_window_18_contact.wav,images/umass_tree5_robot_twig2_segment_1_window_18_contact.jpg,twig
audio/umass_tree5_robot_twig2_segment_1_window_19_contact.wav,images/umass_tree5_robot_twig2_segment_1_window_19_contact.jpg,twig
audio/umass_tree5_robot_twig2_segment_1_window_20_contact.wav,images/umass_tree5_robot_twig2_segment_1_window_20_contact.jpg,twig
audio/umass_tree5_robot_twig2_segment_1_window_21_contact.wav,images/umass_tree5_robot_twig2_segment_1_window_21_contact.jpg,twig
audio/umass_tree5_robot_twig2_segment_1_window_22_contact.wav,images/umass_tree5_robot_twig2_segment_1_window_22_contact.jpg,twig
audio/umass_tree5_robot_twig2_segment_1_window_23_contact.wav,images/umass_tree5_robot_twig2_segment_1_window_23_contact.jpg,twig
audio/umass_tree5_robot_twig2_segment_1_window_24_contact.wav,images/umass_tree5_robot_twig2_segment_1_window_24_contact.jpg,twig
audio/umass_tree5_robot_twig2_segment_1_window_25_contact.wav,images/umass_tree5_robot_twig2_segment_1_window_25_contact.jpg,twig
audio/umass_tree5_robot_twig2_segment_1_window_26_contact.wav,images/umass_tree5_robot_twig2_segment_1_window_26_contact.jpg,twig
audio/umass_tree5_robot_twig2_segment_1_window_27_contact.wav,images/umass_tree5_robot_twig2_segment_1_window_27_contact.jpg,twig
audio/umass_tree5_robot_twig2_segment_2_window_0_ambient.wav,images/umass_tree5_robot_twig2_segment_2_window_0_ambient.jpg,ambient
audio/umass_tree5_robot_twig2_segment_2_window_1_ambient.wav,images/umass_tree5_robot_twig2_segment_2_window_1_ambient.jpg,ambient
audio/umass_tree5_robot_twig2_segment_2_window_2_ambient.wav,images/umass_tree5_robot_twig2_segment_2_window_2_ambient.jpg,ambient
audio/umass_tree5_robot_twig2_segment_2_window_3_ambient.wav,images/umass_tree5_robot_twig2_segment_2_window_3_ambient.jpg,ambient
audio/umass_tree5_robot_twig2_segment_2_window_4_ambient.wav,images/umass_tree5_robot_twig2_segment_2_window_4_ambient.jpg,ambient
audio/umass_tree5_robot_twig2_segment_2_window_5_ambient.wav,images/umass_tree5_robot_twig2_segment_2_window_5_ambient.jpg,ambient
audio/umass_tree5_robot_twig2_segment_2_window_6_ambient.wav,images/umass_tree5_robot_twig2_segment_2_window_6_ambient.jpg,ambient
audio/umass_tree5_robot_twig2_segment_2_window_7_ambient.wav,images/umass_tree5_robot_twig2_segment_2_window_7_ambient.jpg,ambient
audio/umass_tree5_robot_twig2_segment_2_window_8_ambient.wav,images/umass_tree5_robot_twig2_segment_2_window_8_ambient.jpg,ambient
audio/umass_tree5_robot_twig2_segment_2_window_9_ambient.wav,images/umass_tree5_robot_twig2_segment_2_window_9_ambient.jpg,ambient
audio/umass_tree5_robot_twig2_segment_3_window_0_contact.wav,images/umass_tree5_robot_twig2_segment_3_window_0_contact.jpg,twig
audio/umass_tree5_robot_twig2_segment_3_window_1_contact.wav,images/umass_tree5_robot_twig2_segment_3_window_1_contact.jpg,twig
audio/umass_tree5_robot_twig2_segment_3_window_2_contact.wav,images/umass_tree5_robot_twig2_segment_3_window_2_contact.jpg,twig
audio/umass_tree5_robot_twig2_segment_3_window_3_contact.wav,images/umass_tree5_robot_twig2_segment_3_window_3_contact.jpg,twig
audio/umass_tree5_robot_twig2_segment_3_window_4_contact.wav,images/umass_tree5_robot_twig2_segment_3_window_4_contact.jpg,twig
audio/umass_tree5_robot_twig2_segment_3_window_5_contact.wav,images/umass_tree5_robot_twig2_segment_3_window_5_contact.jpg,twig
audio/umass_tree5_robot_twig2_segment_3_window_6_contact.wav,images/umass_tree5_robot_twig2_segment_3_window_6_contact.jpg,twig
audio/umass_tree5_robot_twig2_segment_3_window_7_contact.wav,images/umass_tree5_robot_twig2_segment_3_window_7_contact.jpg,twig
audio/umass_tree5_robot_twig2_segment_3_window_8_contact.wav,images/umass_tree5_robot_twig2_segment_3_window_8_contact.jpg,twig
audio/umass_tree5_robot_twig2_segment_3_window_9_contact.wav,images/umass_tree5_robot_twig2_segment_3_window_9_contact.jpg,twig
audio/umass_tree5_robot_twig2_segment_4_window_0_ambient.wav,images/umass_tree5_robot_twig2_segment_4_window_0_ambient.jpg,ambient
audio/umass_tree5_robot_twig2_segment_4_window_1_ambient.wav,images/umass_tree5_robot_twig2_segment_4_window_1_ambient.jpg,ambient
audio/umass_tree5_robot_twig2_segment_4_window_2_ambient.wav,images/umass_tree5_robot_twig2_segment_4_window_2_ambient.jpg,ambient
audio/umass_tree5_robot_twig2_segment_4_window_3_ambient.wav,images/umass_tree5_robot_twig2_segment_4_window_3_ambient.jpg,ambient
audio/umass_tree5_robot_twig2_segment_4_window_4_ambient.wav,images/umass_tree5_robot_twig2_segment_4_window_4_ambient.jpg,ambient
audio/umass_tree5_robot_twig2_segment_4_window_5_ambient.wav,images/umass_tree5_robot_twig2_segment_4_window_5_ambient.jpg,ambient
audio/umass_tree5_robot_twig2_segment_4_window_6_ambient.wav,images/umass_tree5_robot_twig2_segment_4_window_6_ambient.jpg,ambient
audio/umass_tree5_robot_twig2_segment_4_window_7_ambient.wav,images/umass_tree5_robot_twig2_segment_4_window_7_ambient.jpg,ambient
audio/umass_tree5_robot_twig2_segment_4_window_8_ambient.wav,images/umass_tree5_robot_twig2_segment_4_window_8_ambient.jpg,ambient
audio/umass_tree5_robot_twig2_segment_4_window_9_ambient.wav,images/umass_tree5_robot_twig2_segment_4_window_9_ambient.jpg,ambient
audio/umass_tree5_robot_twig2_segment_5_window_0_contact.wav,images/umass_tree5_robot_twig2_segment_5_window_0_contact.jpg,twig
audio/umass_tree5_robot_twig2_segment_5_window_1_contact.wav,images/umass_tree5_robot_twig2_segment_5_window_1_contact.jpg,twig
audio/umass_tree5_robot_twig2_segment_5_window_2_contact.wav,images/umass_tree5_robot_twig2_segment_5_window_2_contact.jpg,twig
audio/umass_tree5_robot_twig2_segment_5_window_3_contact.wav,images/umass_tree5_robot_twig2_segment_5_window_3_contact.jpg,twig
audio/umass_tree5_robot_twig2_segment_5_window_4_contact.wav,images/umass_tree5_robot_twig2_segment_5_window_4_contact.jpg,twig
audio/umass_tree5_robot_twig2_segment_5_window_5_contact.wav,images/umass_tree5_robot_twig2_segment_5_window_5_contact.jpg,twig
audio/umass_tree5_robot_twig2_segment_5_window_6_contact.wav,images/umass_tree5_robot_twig2_segment_5_window_6_contact.jpg,twig
audio/umass_tree5_robot_twig2_segment_5_window_7_contact.wav,images/umass_tree5_robot_twig2_segment_5_window_7_contact.jpg,twig
audio/umass_tree5_robot_twig2_segment_5_window_8_contact.wav,images/umass_tree5_robot_twig2_segment_5_window_8_contact.jpg,twig
audio/umass_tree5_robot_twig2_segment_5_window_9_contact.wav,images/umass_tree5_robot_twig2_segment_5_window_9_contact.jpg,twig
audio/umass_tree5_robot_twig2_segment_5_window_10_contact.wav,images/umass_tree5_robot_twig2_segment_5_window_10_contact.jpg,twig
audio/umass_tree5_robot_twig2_segment_5_window_11_contact.wav,images/umass_tree5_robot_twig2_segment_5_window_11_contact.jpg,twig
audio/umass_tree5_robot_twig2_segment_5_window_12_contact.wav,images/umass_tree5_robot_twig2_segment_5_window_12_contact.jpg,twig
audio/umass_tree5_robot_twig2_segment_5_window_13_contact.wav,images/umass_tree5_robot_twig2_segment_5_window_13_contact.jpg,twig
audio/umass_tree5_robot_twig2_segment_5_window_14_contact.wav,images/umass_tree5_robot_twig2_segment_5_window_14_contact.jpg,twig
audio/umass_tree5_robot_twig2_segment_5_window_15_contact.wav,images/umass_tree5_robot_twig2_segment_5_window_15_contact.jpg,twig
audio/umass_tree3_robot_twig2_segment_0_window_0_ambient.wav,images/umass_tree3_robot_twig2_segment_0_window_0_ambient.jpg,ambient
audio/umass_tree3_robot_twig2_segment_0_window_1_ambient.wav,images/umass_tree3_robot_twig2_segment_0_window_1_ambient.jpg,ambient
audio/umass_tree3_robot_twig2_segment_0_window_2_ambient.wav,images/umass_tree3_robot_twig2_segment_0_window_2_ambient.jpg,ambient
audio/umass_tree3_robot_twig2_segment_0_window_3_ambient.wav,images/umass_tree3_robot_twig2_segment_0_window_3_ambient.jpg,ambient
audio/umass_tree3_robot_twig2_segment_1_window_0_contact.wav,images/umass_tree3_robot_twig2_segment_1_window_0_contact.jpg,twig
audio/umass_tree3_robot_twig2_segment_1_window_1_contact.wav,images/umass_tree3_robot_twig2_segment_1_window_1_contact.jpg,twig
audio/umass_tree3_robot_twig2_segment_1_window_2_contact.wav,images/umass_tree3_robot_twig2_segment_1_window_2_contact.jpg,twig
audio/umass_tree3_robot_twig2_segment_1_window_3_contact.wav,images/umass_tree3_robot_twig2_segment_1_window_3_contact.jpg,twig
audio/umass_tree3_robot_twig2_segment_1_window_4_contact.wav,images/umass_tree3_robot_twig2_segment_1_window_4_contact.jpg,twig
audio/umass_tree3_robot_twig2_segment_1_window_5_contact.wav,images/umass_tree3_robot_twig2_segment_1_window_5_contact.jpg,twig
audio/umass_tree3_robot_twig2_segment_1_window_6_contact.wav,images/umass_tree3_robot_twig2_segment_1_window_6_contact.jpg,twig
audio/umass_tree3_robot_twig2_segment_2_window_0_ambient.wav,images/umass_tree3_robot_twig2_segment_2_window_0_ambient.jpg,ambient
audio/umass_tree3_robot_twig2_segment_2_window_1_ambient.wav,images/umass_tree3_robot_twig2_segment_2_window_1_ambient.jpg,ambient
audio/umass_tree3_robot_twig2_segment_2_window_2_ambient.wav,images/umass_tree3_robot_twig2_segment_2_window_2_ambient.jpg,ambient
audio/umass_tree3_robot_twig2_segment_2_window_3_ambient.wav,images/umass_tree3_robot_twig2_segment_2_window_3_ambient.jpg,ambient
audio/umass_tree3_robot_twig2_segment_2_window_4_ambient.wav,images/umass_tree3_robot_twig2_segment_2_window_4_ambient.jpg,ambient
audio/umass_tree3_robot_twig2_segment_2_window_5_ambient.wav,images/umass_tree3_robot_twig2_segment_2_window_5_ambient.jpg,ambient
audio/umass_tree3_robot_twig2_segment_2_window_6_ambient.wav,images/umass_tree3_robot_twig2_segment_2_window_6_ambient.jpg,ambient
audio/umass_tree3_robot_twig2_segment_2_window_7_ambient.wav,images/umass_tree3_robot_twig2_segment_2_window_7_ambient.jpg,ambient
audio/umass_tree3_robot_twig2_segment_2_window_8_ambient.wav,images/umass_tree3_robot_twig2_segment_2_window_8_ambient.jpg,ambient
audio/umass_tree3_robot_twig2_segment_2_window_9_ambient.wav,images/umass_tree3_robot_twig2_segment_2_window_9_ambient.jpg,ambient
audio/umass_tree3_robot_twig2_segment_2_window_10_ambient.wav,images/umass_tree3_robot_twig2_segment_2_window_10_ambient.jpg,ambient
audio/umass_tree3_robot_twig2_segment_3_window_0_contact.wav,images/umass_tree3_robot_twig2_segment_3_window_0_contact.jpg,twig
audio/umass_tree3_robot_twig2_segment_3_window_1_contact.wav,images/umass_tree3_robot_twig2_segment_3_window_1_contact.jpg,twig
audio/umass_tree3_robot_twig2_segment_4_window_0_contact.wav,images/umass_tree3_robot_twig2_segment_4_window_0_contact.jpg,twig
audio/umass_tree3_robot_twig2_segment_4_window_1_contact.wav,images/umass_tree3_robot_twig2_segment_4_window_1_contact.jpg,twig
audio/umass_tree3_robot_twig2_segment_5_window_0_ambient.wav,images/umass_tree3_robot_twig2_segment_5_window_0_ambient.jpg,ambient
audio/umass_tree3_robot_twig2_segment_5_window_1_ambient.wav,images/umass_tree3_robot_twig2_segment_5_window_1_ambient.jpg,ambient
audio/umass_tree3_robot_twig2_segment_5_window_2_ambient.wav,images/umass_tree3_robot_twig2_segment_5_window_2_ambient.jpg,ambient
audio/umass_tree3_robot_twig2_segment_5_window_3_ambient.wav,images/umass_tree3_robot_twig2_segment_5_window_3_ambient.jpg,ambient
audio/umass_tree3_robot_twig2_segment_5_window_4_ambient.wav,images/umass_tree3_robot_twig2_segment_5_window_4_ambient.jpg,ambient
audio/umass_tree3_robot_twig2_segment_5_window_5_ambient.wav,images/umass_tree3_robot_twig2_segment_5_window_5_ambient.jpg,ambient
audio/umass_tree3_robot_twig2_segment_5_window_6_ambient.wav,images/umass_tree3_robot_twig2_segment_5_window_6_ambient.jpg,ambient
audio/umass_tree3_robot_twig2_segment_5_window_7_ambient.wav,images/umass_tree3_robot_twig2_segment_5_window_7_ambient.jpg,ambient
audio/umass_tree3_robot_twig2_segment_5_window_8_ambient.wav,images/umass_tree3_robot_twig2_segment_5_window_8_ambient.jpg,ambient
audio/umass_tree3_robot_twig2_segment_5_window_9_ambient.wav,images/umass_tree3_robot_twig2_segment_5_window_9_ambient.jpg,ambient
audio/umass_tree3_robot_twig2_segment_5_window_10_ambient.wav,images/umass_tree3_robot_twig2_segment_5_window_10_ambient.jpg,ambient
audio/umass_tree3_robot_twig2_segment_5_window_11_ambient.wav,images/umass_tree3_robot_twig2_segment_5_window_11_ambient.jpg,ambient
audio/umass_tree3_robot_twig2_segment_5_window_12_ambient.wav,images/umass_tree3_robot_twig2_segment_5_window_12_ambient.jpg,ambient
audio/umass_tree3_robot_twig2_segment_5_window_13_ambient.wav,images/umass_tree3_robot_twig2_segment_5_window_13_ambient.jpg,ambient
audio/umass_tree3_robot_twig2_segment_5_window_14_ambient.wav,images/umass_tree3_robot_twig2_segment_5_window_14_ambient.jpg,ambient
audio/umass_tree3_robot_twig2_segment_5_window_15_ambient.wav,images/umass_tree3_robot_twig2_segment_5_window_15_ambient.jpg,ambient
audio/umass_tree3_robot_twig2_segment_5_window_16_ambient.wav,images/umass_tree3_robot_twig2_segment_5_window_16_ambient.jpg,ambient
audio/umass_tree3_robot_twig2_segment_5_window_17_ambient.wav,images/umass_tree3_robot_twig2_segment_5_window_17_ambient.jpg,ambient
audio/umass_tree3_robot_twig2_segment_5_window_18_ambient.wav,images/umass_tree3_robot_twig2_segment_5_window_18_ambient.jpg,ambient
audio/umass_tree3_robot_twig2_segment_5_window_19_ambient.wav,images/umass_tree3_robot_twig2_segment_5_window_19_ambient.jpg,ambient
audio/umass_tree4_robot_trunk2_segment_0_window_0_ambient.wav,images/umass_tree4_robot_trunk2_segment_0_window_0_ambient.jpg,ambient
audio/umass_tree4_robot_trunk2_segment_0_window_1_ambient.wav,images/umass_tree4_robot_trunk2_segment_0_window_1_ambient.jpg,ambient
audio/umass_tree4_robot_trunk2_segment_0_window_2_ambient.wav,images/umass_tree4_robot_trunk2_segment_0_window_2_ambient.jpg,ambient
audio/umass_tree4_robot_trunk2_segment_0_window_3_ambient.wav,images/umass_tree4_robot_trunk2_segment_0_window_3_ambient.jpg,ambient
audio/umass_tree4_robot_trunk2_segment_0_window_4_ambient.wav,images/umass_tree4_robot_trunk2_segment_0_window_4_ambient.jpg,ambient
audio/umass_tree4_robot_trunk2_segment_0_window_5_ambient.wav,images/umass_tree4_robot_trunk2_segment_0_window_5_ambient.jpg,ambient
audio/umass_tree4_robot_trunk2_segment_1_window_0_contact.wav,images/umass_tree4_robot_trunk2_segment_1_window_0_contact.jpg,trunk
audio/umass_tree4_robot_trunk2_segment_1_window_1_contact.wav,images/umass_tree4_robot_trunk2_segment_1_window_1_contact.jpg,trunk
audio/umass_tree4_robot_trunk2_segment_2_window_0_ambient.wav,images/umass_tree4_robot_trunk2_segment_2_window_0_ambient.jpg,ambient
audio/umass_tree4_robot_trunk2_segment_2_window_1_ambient.wav,images/umass_tree4_robot_trunk2_segment_2_window_1_ambient.jpg,ambient
audio/umass_tree4_robot_trunk2_segment_2_window_2_ambient.wav,images/umass_tree4_robot_trunk2_segment_2_window_2_ambient.jpg,ambient
audio/umass_tree4_robot_trunk2_segment_2_window_3_ambient.wav,images/umass_tree4_robot_trunk2_segment_2_window_3_ambient.jpg,ambient
audio/umass_tree4_robot_trunk2_segment_3_window_0_contact.wav,images/umass_tree4_robot_trunk2_segment_3_window_0_contact.jpg,trunk
audio/umass_tree4_robot_trunk2_segment_3_window_1_contact.wav,images/umass_tree4_robot_trunk2_segment_3_window_1_contact.jpg,trunk
audio/umass_tree4_robot_trunk2_segment_3_window_2_contact.wav,images/umass_tree4_robot_trunk2_segment_3_window_2_contact.jpg,trunk
audio/umass_tree4_robot_trunk2_segment_3_window_3_contact.wav,images/umass_tree4_robot_trunk2_segment_3_window_3_contact.jpg,trunk
audio/umass_tree4_robot_trunk2_segment_3_window_4_contact.wav,images/umass_tree4_robot_trunk2_segment_3_window_4_contact.jpg,trunk
audio/umass_tree4_robot_trunk2_segment_3_window_5_contact.wav,images/umass_tree4_robot_trunk2_segment_3_window_5_contact.jpg,trunk
audio/umass_tree4_robot_trunk2_segment_3_window_6_contact.wav,images/umass_tree4_robot_trunk2_segment_3_window_6_contact.jpg,trunk
audio/umass_tree4_robot_trunk2_segment_3_window_7_contact.wav,images/umass_tree4_robot_trunk2_segment_3_window_7_contact.jpg,trunk
audio/umass_tree4_robot_trunk2_segment_3_window_8_contact.wav,images/umass_tree4_robot_trunk2_segment_3_window_8_contact.jpg,trunk
audio/umass_tree4_robot_trunk2_segment_4_window_0_ambient.wav,images/umass_tree4_robot_trunk2_segment_4_window_0_ambient.jpg,ambient
audio/umass_tree4_robot_trunk2_segment_4_window_1_ambient.wav,images/umass_tree4_robot_trunk2_segment_4_window_1_ambient.jpg,ambient
audio/umass_tree4_robot_trunk2_segment_4_window_2_ambient.wav,images/umass_tree4_robot_trunk2_segment_4_window_2_ambient.jpg,ambient
audio/umass_tree4_robot_trunk2_segment_4_window_3_ambient.wav,images/umass_tree4_robot_trunk2_segment_4_window_3_ambient.jpg,ambient
audio/umass_tree4_robot_trunk2_segment_4_window_4_ambient.wav,images/umass_tree4_robot_trunk2_segment_4_window_4_ambient.jpg,ambient
audio/umass_tree4_robot_trunk2_segment_4_window_5_ambient.wav,images/umass_tree4_robot_trunk2_segment_4_window_5_ambient.jpg,ambient
audio/umass_tree4_robot_trunk2_segment_4_window_6_ambient.wav,images/umass_tree4_robot_trunk2_segment_4_window_6_ambient.jpg,ambient
audio/umass_tree4_robot_trunk2_segment_4_window_7_ambient.wav,images/umass_tree4_robot_trunk2_segment_4_window_7_ambient.jpg,ambient
audio/umass_tree4_robot_trunk2_segment_4_window_8_ambient.wav,images/umass_tree4_robot_trunk2_segment_4_window_8_ambient.jpg,ambient
audio/umass_tree4_robot_trunk2_segment_4_window_9_ambient.wav,images/umass_tree4_robot_trunk2_segment_4_window_9_ambient.jpg,ambient
audio/umass_tree4_robot_trunk2_segment_4_window_10_ambient.wav,images/umass_tree4_robot_trunk2_segment_4_window_10_ambient.jpg,ambient
audio/umass_tree4_robot_trunk2_segment_4_window_11_ambient.wav,images/umass_tree4_robot_trunk2_segment_4_window_11_ambient.jpg,ambient
audio/umass_tree4_robot_trunk2_segment_4_window_12_ambient.wav,images/umass_tree4_robot_trunk2_segment_4_window_12_ambient.jpg,ambient
audio/umass_tree4_robot_trunk2_segment_4_window_13_ambient.wav,images/umass_tree4_robot_trunk2_segment_4_window_13_ambient.jpg,ambient
audio/umass_tree4_robot_trunk2_segment_4_window_14_ambient.wav,images/umass_tree4_robot_trunk2_segment_4_window_14_ambient.jpg,ambient
audio/umass_tree4_robot_trunk2_segment_4_window_15_ambient.wav,images/umass_tree4_robot_trunk2_segment_4_window_15_ambient.jpg,ambient
audio/umass_tree4_robot_trunk2_segment_5_window_0_ambient.wav,images/umass_tree4_robot_trunk2_segment_5_window_0_ambient.jpg,ambient
audio/umass_tree4_robot_trunk2_segment_5_window_1_ambient.wav,images/umass_tree4_robot_trunk2_segment_5_window_1_ambient.jpg,ambient
audio/umass_tree4_robot_trunk2_segment_5_window_2_ambient.wav,images/umass_tree4_robot_trunk2_segment_5_window_2_ambient.jpg,ambient
audio/umass_tree4_robot_trunk2_segment_5_window_3_ambient.wav,images/umass_tree4_robot_trunk2_segment_5_window_3_ambient.jpg,ambient
audio/umass_tree4_robot_trunk2_segment_5_window_4_ambient.wav,images/umass_tree4_robot_trunk2_segment_5_window_4_ambient.jpg,ambient
audio/umass_tree4_robot_trunk2_segment_5_window_5_ambient.wav,images/umass_tree4_robot_trunk2_segment_5_window_5_ambient.jpg,ambient
audio/umass_tree4_robot_trunk2_segment_5_window_6_ambient.wav,images/umass_tree4_robot_trunk2_segment_5_window_6_ambient.jpg,ambient
audio/umass_tree4_robot_trunk2_segment_5_window_7_ambient.wav,images/umass_tree4_robot_trunk2_segment_5_window_7_ambient.jpg,ambient
audio/umass_tree4_robot_trunk2_segment_5_window_8_ambient.wav,images/umass_tree4_robot_trunk2_segment_5_window_8_ambient.jpg,ambient
audio/umass_tree4_robot_trunk2_segment_5_window_9_ambient.wav,images/umass_tree4_robot_trunk2_segment_5_window_9_ambient.jpg,ambient
audio/umass_tree4_robot_trunk2_segment_5_window_10_ambient.wav,images/umass_tree4_robot_trunk2_segment_5_window_10_ambient.jpg,ambient
audio/umass_tree4_robot_trunk2_segment_5_window_11_ambient.wav,images/umass_tree4_robot_trunk2_segment_5_window_11_ambient.jpg,ambient
audio/umass_tree4_robot_trunk2_segment_6_window_0_contact.wav,images/umass_tree4_robot_trunk2_segment_6_window_0_contact.jpg,trunk
audio/umass_tree4_robot_trunk2_segment_6_window_1_contact.wav,images/umass_tree4_robot_trunk2_segment_6_window_1_contact.jpg,trunk
audio/umass_tree4_robot_trunk2_segment_6_window_2_contact.wav,images/umass_tree4_robot_trunk2_segment_6_window_2_contact.jpg,trunk
audio/umass_tree4_robot_trunk2_segment_6_window_3_contact.wav,images/umass_tree4_robot_trunk2_segment_6_window_3_contact.jpg,trunk
audio/umass_tree4_robot_trunk2_segment_6_window_4_contact.wav,images/umass_tree4_robot_trunk2_segment_6_window_4_contact.jpg,trunk
audio/umass_tree4_robot_trunk2_segment_6_window_5_contact.wav,images/umass_tree4_robot_trunk2_segment_6_window_5_contact.jpg,trunk
audio/umass_tree3_robot_twig1_segment_0_window_0_ambient.wav,images/umass_tree3_robot_twig1_segment_0_window_0_ambient.jpg,ambient
audio/umass_tree3_robot_twig1_segment_0_window_1_ambient.wav,images/umass_tree3_robot_twig1_segment_0_window_1_ambient.jpg,ambient
audio/umass_tree3_robot_twig1_segment_0_window_2_ambient.wav,images/umass_tree3_robot_twig1_segment_0_window_2_ambient.jpg,ambient
audio/umass_tree3_robot_twig1_segment_0_window_3_ambient.wav,images/umass_tree3_robot_twig1_segment_0_window_3_ambient.jpg,ambient
audio/umass_tree3_robot_twig1_segment_0_window_4_ambient.wav,images/umass_tree3_robot_twig1_segment_0_window_4_ambient.jpg,ambient
audio/umass_tree3_robot_twig1_segment_0_window_5_ambient.wav,images/umass_tree3_robot_twig1_segment_0_window_5_ambient.jpg,ambient
audio/umass_tree3_robot_twig1_segment_0_window_6_ambient.wav,images/umass_tree3_robot_twig1_segment_0_window_6_ambient.jpg,ambient
audio/umass_tree3_robot_twig1_segment_0_window_7_ambient.wav,images/umass_tree3_robot_twig1_segment_0_window_7_ambient.jpg,ambient
audio/umass_tree3_robot_twig1_segment_1_window_0_contact.wav,images/umass_tree3_robot_twig1_segment_1_window_0_contact.jpg,twig
audio/umass_tree3_robot_twig1_segment_1_window_1_contact.wav,images/umass_tree3_robot_twig1_segment_1_window_1_contact.jpg,twig
audio/umass_tree3_robot_twig1_segment_1_window_2_contact.wav,images/umass_tree3_robot_twig1_segment_1_window_2_contact.jpg,twig
audio/umass_tree3_robot_twig1_segment_1_window_3_contact.wav,images/umass_tree3_robot_twig1_segment_1_window_3_contact.jpg,twig
audio/umass_tree3_robot_twig1_segment_1_window_4_contact.wav,images/umass_tree3_robot_twig1_segment_1_window_4_contact.jpg,twig
audio/umass_tree3_robot_twig1_segment_1_window_5_contact.wav,images/umass_tree3_robot_twig1_segment_1_window_5_contact.jpg,twig
audio/umass_tree3_robot_twig1_segment_1_window_6_contact.wav,images/umass_tree3_robot_twig1_segment_1_window_6_contact.jpg,twig
audio/umass_tree3_robot_twig1_segment_1_window_7_contact.wav,images/umass_tree3_robot_twig1_segment_1_window_7_contact.jpg,twig
audio/umass_tree3_robot_twig1_segment_1_window_8_contact.wav,images/umass_tree3_robot_twig1_segment_1_window_8_contact.jpg,twig
audio/umass_tree3_robot_twig1_segment_1_window_9_contact.wav,images/umass_tree3_robot_twig1_segment_1_window_9_contact.jpg,twig
audio/umass_tree3_robot_twig1_segment_1_window_10_contact.wav,images/umass_tree3_robot_twig1_segment_1_window_10_contact.jpg,twig
audio/umass_tree3_robot_twig1_segment_1_window_11_contact.wav,images/umass_tree3_robot_twig1_segment_1_window_11_contact.jpg,twig
audio/umass_tree3_robot_twig1_segment_1_window_12_contact.wav,images/umass_tree3_robot_twig1_segment_1_window_12_contact.jpg,twig
audio/umass_tree3_robot_twig1_segment_1_window_13_contact.wav,images/umass_tree3_robot_twig1_segment_1_window_13_contact.jpg,twig
audio/umass_tree3_robot_twig1_segment_1_window_14_contact.wav,images/umass_tree3_robot_twig1_segment_1_window_14_contact.jpg,twig
audio/umass_tree3_robot_twig1_segment_1_window_15_contact.wav,images/umass_tree3_robot_twig1_segment_1_window_15_contact.jpg,twig
audio/umass_tree3_robot_twig1_segment_1_window_16_contact.wav,images/umass_tree3_robot_twig1_segment_1_window_16_contact.jpg,twig
audio/umass_tree3_robot_twig1_segment_1_window_17_contact.wav,images/umass_tree3_robot_twig1_segment_1_window_17_contact.jpg,twig
audio/umass_tree3_robot_twig1_segment_2_window_0_contact.wav,images/umass_tree3_robot_twig1_segment_2_window_0_contact.jpg,twig
audio/umass_tree3_robot_twig1_segment_2_window_1_contact.wav,images/umass_tree3_robot_twig1_segment_2_window_1_contact.jpg,twig
audio/umass_tree3_robot_twig1_segment_2_window_2_contact.wav,images/umass_tree3_robot_twig1_segment_2_window_2_contact.jpg,twig
audio/umass_tree3_robot_twig1_segment_3_window_0_ambient.wav,images/umass_tree3_robot_twig1_segment_3_window_0_ambient.jpg,ambient
audio/umass_tree3_robot_twig1_segment_3_window_1_ambient.wav,images/umass_tree3_robot_twig1_segment_3_window_1_ambient.jpg,ambient
audio/umass_tree3_robot_twig1_segment_3_window_2_ambient.wav,images/umass_tree3_robot_twig1_segment_3_window_2_ambient.jpg,ambient
audio/umass_tree3_robot_twig1_segment_3_window_3_ambient.wav,images/umass_tree3_robot_twig1_segment_3_window_3_ambient.jpg,ambient
audio/umass_tree3_robot_twig1_segment_3_window_4_ambient.wav,images/umass_tree3_robot_twig1_segment_3_window_4_ambient.jpg,ambient
audio/umass_tree3_robot_twig1_segment_3_window_5_ambient.wav,images/umass_tree3_robot_twig1_segment_3_window_5_ambient.jpg,ambient
audio/umass_tree3_robot_twig1_segment_3_window_6_ambient.wav,images/umass_tree3_robot_twig1_segment_3_window_6_ambient.jpg,ambient
audio/umass_tree3_robot_twig1_segment_3_window_7_ambient.wav,images/umass_tree3_robot_twig1_segment_3_window_7_ambient.jpg,ambient
audio/umass_tree3_robot_twig1_segment_3_window_8_ambient.wav,images/umass_tree3_robot_twig1_segment_3_window_8_ambient.jpg,ambient
audio/umass_tree3_robot_twig1_segment_3_window_9_ambient.wav,images/umass_tree3_robot_twig1_segment_3_window_9_ambient.jpg,ambient
audio/umass_tree3_robot_twig1_segment_4_window_0_ambient.wav,images/umass_tree3_robot_twig1_segment_4_window_0_ambient.jpg,ambient
audio/umass_tree3_robot_twig1_segment_4_window_1_ambient.wav,images/umass_tree3_robot_twig1_segment_4_window_1_ambient.jpg,ambient
audio/umass_tree3_robot_twig1_segment_4_window_2_ambient.wav,images/umass_tree3_robot_twig1_segment_4_window_2_ambient.jpg,ambient
audio/umass_tree3_robot_twig1_segment_4_window_3_ambient.wav,images/umass_tree3_robot_twig1_segment_4_window_3_ambient.jpg,ambient
audio/umass_tree3_robot_twig1_segment_4_window_4_ambient.wav,images/umass_tree3_robot_twig1_segment_4_window_4_ambient.jpg,ambient
audio/umass_tree3_robot_twig1_segment_4_window_5_ambient.wav,images/umass_tree3_robot_twig1_segment_4_window_5_ambient.jpg,ambient
audio/umass_tree3_robot_twig1_segment_4_window_6_ambient.wav,images/umass_tree3_robot_twig1_segment_4_window_6_ambient.jpg,ambient
audio/umass_tree3_robot_twig1_segment_4_window_7_ambient.wav,images/umass_tree3_robot_twig1_segment_4_window_7_ambient.jpg,ambient
audio/umass_tree3_robot_twig1_segment_4_window_8_ambient.wav,images/umass_tree3_robot_twig1_segment_4_window_8_ambient.jpg,ambient
audio/umass_tree3_robot_twig1_segment_5_window_0_contact.wav,images/umass_tree3_robot_twig1_segment_5_window_0_contact.jpg,twig
audio/umass_tree3_robot_twig1_segment_5_window_1_contact.wav,images/umass_tree3_robot_twig1_segment_5_window_1_contact.jpg,twig
audio/umass_tree3_robot_twig1_segment_5_window_2_contact.wav,images/umass_tree3_robot_twig1_segment_5_window_2_contact.jpg,twig
audio/umass_tree3_robot_twig1_segment_6_window_0_ambient.wav,images/umass_tree3_robot_twig1_segment_6_window_0_ambient.jpg,ambient
audio/umass_tree3_robot_twig1_segment_6_window_1_ambient.wav,images/umass_tree3_robot_twig1_segment_6_window_1_ambient.jpg,ambient
audio/umass_tree3_robot_twig1_segment_7_window_0_ambient.wav,images/umass_tree3_robot_twig1_segment_7_window_0_ambient.jpg,ambient
audio/umass_tree3_robot_twig1_segment_7_window_1_ambient.wav,images/umass_tree3_robot_twig1_segment_7_window_1_ambient.jpg,ambient
audio/umass_tree8_robot_leaf2_segment_0_window_0_ambient.wav,images/umass_tree8_robot_leaf2_segment_0_window_0_ambient.jpg,ambient
audio/umass_tree8_robot_leaf2_segment_0_window_1_ambient.wav,images/umass_tree8_robot_leaf2_segment_0_window_1_ambient.jpg,ambient
audio/umass_tree8_robot_leaf2_segment_0_window_2_ambient.wav,images/umass_tree8_robot_leaf2_segment_0_window_2_ambient.jpg,ambient
audio/umass_tree8_robot_leaf2_segment_0_window_3_ambient.wav,images/umass_tree8_robot_leaf2_segment_0_window_3_ambient.jpg,ambient
audio/umass_tree8_robot_leaf2_segment_0_window_4_ambient.wav,images/umass_tree8_robot_leaf2_segment_0_window_4_ambient.jpg,ambient
audio/umass_tree8_robot_leaf2_segment_1_window_0_contact.wav,images/umass_tree8_robot_leaf2_segment_1_window_0_contact.jpg,leaf
audio/umass_tree8_robot_leaf2_segment_1_window_1_contact.wav,images/umass_tree8_robot_leaf2_segment_1_window_1_contact.jpg,leaf
audio/umass_tree8_robot_leaf2_segment_1_window_2_contact.wav,images/umass_tree8_robot_leaf2_segment_1_window_2_contact.jpg,leaf
audio/umass_tree8_robot_leaf2_segment_1_window_3_contact.wav,images/umass_tree8_robot_leaf2_segment_1_window_3_contact.jpg,leaf
audio/umass_tree8_robot_leaf2_segment_2_window_0_ambient.wav,images/umass_tree8_robot_leaf2_segment_2_window_0_ambient.jpg,ambient
audio/umass_tree8_robot_leaf2_segment_2_window_1_ambient.wav,images/umass_tree8_robot_leaf2_segment_2_window_1_ambient.jpg,ambient
audio/umass_tree8_robot_leaf2_segment_2_window_2_ambient.wav,images/umass_tree8_robot_leaf2_segment_2_window_2_ambient.jpg,ambient
audio/umass_tree8_robot_leaf2_segment_2_window_3_ambient.wav,images/umass_tree8_robot_leaf2_segment_2_window_3_ambient.jpg,ambient
audio/umass_tree8_robot_leaf2_segment_2_window_4_ambient.wav,images/umass_tree8_robot_leaf2_segment_2_window_4_ambient.jpg,ambient
audio/umass_tree8_robot_leaf2_segment_2_window_5_ambient.wav,images/umass_tree8_robot_leaf2_segment_2_window_5_ambient.jpg,ambient
audio/umass_tree8_robot_leaf2_segment_2_window_6_ambient.wav,images/umass_tree8_robot_leaf2_segment_2_window_6_ambient.jpg,ambient
audio/umass_tree8_robot_leaf2_segment_2_window_7_ambient.wav,images/umass_tree8_robot_leaf2_segment_2_window_7_ambient.jpg,ambient
audio/umass_tree8_robot_leaf2_segment_2_window_8_ambient.wav,images/umass_tree8_robot_leaf2_segment_2_window_8_ambient.jpg,ambient
audio/umass_tree8_robot_leaf2_segment_2_window_9_ambient.wav,images/umass_tree8_robot_leaf2_segment_2_window_9_ambient.jpg,ambient
audio/umass_tree8_robot_leaf2_segment_3_window_0_contact.wav,images/umass_tree8_robot_leaf2_segment_3_window_0_contact.jpg,leaf
audio/umass_tree8_robot_leaf2_segment_3_window_1_contact.wav,images/umass_tree8_robot_leaf2_segment_3_window_1_contact.jpg,leaf
audio/umass_tree8_robot_leaf2_segment_3_window_2_contact.wav,images/umass_tree8_robot_leaf2_segment_3_window_2_contact.jpg,leaf
audio/umass_tree8_robot_leaf2_segment_3_window_3_contact.wav,images/umass_tree8_robot_leaf2_segment_3_window_3_contact.jpg,leaf
audio/umass_tree8_robot_leaf2_segment_3_window_4_contact.wav,images/umass_tree8_robot_leaf2_segment_3_window_4_contact.jpg,leaf
audio/umass_tree8_robot_leaf2_segment_3_window_5_contact.wav,images/umass_tree8_robot_leaf2_segment_3_window_5_contact.jpg,leaf
audio/umass_tree8_robot_leaf2_segment_3_window_6_contact.wav,images/umass_tree8_robot_leaf2_segment_3_window_6_contact.jpg,leaf
audio/umass_tree8_robot_leaf2_segment_3_window_7_contact.wav,images/umass_tree8_robot_leaf2_segment_3_window_7_contact.jpg,leaf
audio/umass_tree8_robot_leaf2_segment_4_window_0_ambient.wav,images/umass_tree8_robot_leaf2_segment_4_window_0_ambient.jpg,ambient
audio/umass_tree8_robot_leaf2_segment_4_window_1_ambient.wav,images/umass_tree8_robot_leaf2_segment_4_window_1_ambient.jpg,ambient
audio/umass_tree8_robot_leaf2_segment_4_window_2_ambient.wav,images/umass_tree8_robot_leaf2_segment_4_window_2_ambient.jpg,ambient
audio/umass_tree8_robot_leaf2_segment_4_window_3_ambient.wav,images/umass_tree8_robot_leaf2_segment_4_window_3_ambient.jpg,ambient
audio/umass_tree8_robot_leaf2_segment_4_window_4_ambient.wav,images/umass_tree8_robot_leaf2_segment_4_window_4_ambient.jpg,ambient
audio/umass_tree8_robot_leaf2_segment_4_window_5_ambient.wav,images/umass_tree8_robot_leaf2_segment_4_window_5_ambient.jpg,ambient
audio/umass_tree8_robot_leaf2_segment_4_window_6_ambient.wav,images/umass_tree8_robot_leaf2_segment_4_window_6_ambient.jpg,ambient
audio/umass_tree8_robot_leaf2_segment_4_window_7_ambient.wav,images/umass_tree8_robot_leaf2_segment_4_window_7_ambient.jpg,ambient
audio/umass_tree8_robot_leaf2_segment_4_window_8_ambient.wav,images/umass_tree8_robot_leaf2_segment_4_window_8_ambient.jpg,ambient
audio/umass_tree8_robot_leaf2_segment_4_window_9_ambient.wav,images/umass_tree8_robot_leaf2_segment_4_window_9_ambient.jpg,ambient
audio/umass_tree8_robot_leaf2_segment_4_window_10_ambient.wav,images/umass_tree8_robot_leaf2_segment_4_window_10_ambient.jpg,ambient
audio/umass_tree8_robot_leaf2_segment_4_window_11_ambient.wav,images/umass_tree8_robot_leaf2_segment_4_window_11_ambient.jpg,ambient
audio/umass_tree8_robot_leaf2_segment_4_window_12_ambient.wav,images/umass_tree8_robot_leaf2_segment_4_window_12_ambient.jpg,ambient
audio/umass_tree8_robot_leaf2_segment_4_window_13_ambient.wav,images/umass_tree8_robot_leaf2_segment_4_window_13_ambient.jpg,ambient
audio/umass_tree8_robot_leaf2_segment_4_window_14_ambient.wav,images/umass_tree8_robot_leaf2_segment_4_window_14_ambient.jpg,ambient
audio/umass_tree8_robot_leaf2_segment_5_window_0_ambient.wav,images/umass_tree8_robot_leaf2_segment_5_window_0_ambient.jpg,ambient
audio/umass_tree8_robot_leaf2_segment_5_window_1_ambient.wav,images/umass_tree8_robot_leaf2_segment_5_window_1_ambient.jpg,ambient
audio/umass_tree8_robot_leaf2_segment_5_window_2_ambient.wav,images/umass_tree8_robot_leaf2_segment_5_window_2_ambient.jpg,ambient
audio/umass_tree8_robot_leaf2_segment_5_window_3_ambient.wav,images/umass_tree8_robot_leaf2_segment_5_window_3_ambient.jpg,ambient
audio/umass_tree8_robot_leaf2_segment_5_window_4_ambient.wav,images/umass_tree8_robot_leaf2_segment_5_window_4_ambient.jpg,ambient
audio/umass_tree8_robot_leaf2_segment_5_window_5_ambient.wav,images/umass_tree8_robot_leaf2_segment_5_window_5_ambient.jpg,ambient
audio/umass_tree8_robot_leaf2_segment_5_window_6_ambient.wav,images/umass_tree8_robot_leaf2_segment_5_window_6_ambient.jpg,ambient
audio/umass_tree8_robot_leaf2_segment_5_window_7_ambient.wav,images/umass_tree8_robot_leaf2_segment_5_window_7_ambient.jpg,ambient
audio/umass_tree8_robot_leaf2_segment_5_window_8_ambient.wav,images/umass_tree8_robot_leaf2_segment_5_window_8_ambient.jpg,ambient
audio/umass_tree8_robot_leaf2_segment_5_window_9_ambient.wav,images/umass_tree8_robot_leaf2_segment_5_window_9_ambient.jpg,ambient
audio/umass_tree8_robot_leaf2_segment_5_window_10_ambient.wav,images/umass_tree8_robot_leaf2_segment_5_window_10_ambient.jpg,ambient
audio/umass_tree8_robot_leaf2_segment_5_window_11_ambient.wav,images/umass_tree8_robot_leaf2_segment_5_window_11_ambient.jpg,ambient
audio/umass_tree8_robot_leaf2_segment_5_window_12_ambient.wav,images/umass_tree8_robot_leaf2_segment_5_window_12_ambient.jpg,ambient
audio/umass_tree8_robot_leaf2_segment_5_window_13_ambient.wav,images/umass_tree8_robot_leaf2_segment_5_window_13_ambient.jpg,ambient
audio/umass_tree8_robot_leaf2_segment_5_window_14_ambient.wav,images/umass_tree8_robot_leaf2_segment_5_window_14_ambient.jpg,ambient
audio/umass_tree8_robot_leaf2_segment_5_window_15_ambient.wav,images/umass_tree8_robot_leaf2_segment_5_window_15_ambient.jpg,ambient
audio/umass_tree8_robot_leaf2_segment_5_window_16_ambient.wav,images/umass_tree8_robot_leaf2_segment_5_window_16_ambient.jpg,ambient
audio/umass_tree8_robot_leaf2_segment_5_window_17_ambient.wav,images/umass_tree8_robot_leaf2_segment_5_window_17_ambient.jpg,ambient
audio/umass_tree8_robot_leaf2_segment_5_window_18_ambient.wav,images/umass_tree8_robot_leaf2_segment_5_window_18_ambient.jpg,ambient
audio/umass_tree8_robot_leaf2_segment_5_window_19_ambient.wav,images/umass_tree8_robot_leaf2_segment_5_window_19_ambient.jpg,ambient
audio/umass_tree8_robot_leaf2_segment_5_window_20_ambient.wav,images/umass_tree8_robot_leaf2_segment_5_window_20_ambient.jpg,ambient
audio/umass_tree8_robot_leaf2_segment_5_window_21_ambient.wav,images/umass_tree8_robot_leaf2_segment_5_window_21_ambient.jpg,ambient
audio/umass_tree8_robot_leaf2_segment_5_window_22_ambient.wav,images/umass_tree8_robot_leaf2_segment_5_window_22_ambient.jpg,ambient
audio/umass_tree8_robot_leaf2_segment_5_window_23_ambient.wav,images/umass_tree8_robot_leaf2_segment_5_window_23_ambient.jpg,ambient
audio/umass_tree8_robot_leaf2_segment_5_window_24_ambient.wav,images/umass_tree8_robot_leaf2_segment_5_window_24_ambient.jpg,ambient
audio/umass_tree8_robot_leaf2_segment_5_window_25_ambient.wav,images/umass_tree8_robot_leaf2_segment_5_window_25_ambient.jpg,ambient
audio/umass_tree8_robot_leaf2_segment_5_window_26_ambient.wav,images/umass_tree8_robot_leaf2_segment_5_window_26_ambient.jpg,ambient
audio/umass_tree8_robot_leaf2_segment_5_window_27_ambient.wav,images/umass_tree8_robot_leaf2_segment_5_window_27_ambient.jpg,ambient
audio/umass_tree8_robot_leaf2_segment_5_window_28_ambient.wav,images/umass_tree8_robot_leaf2_segment_5_window_28_ambient.jpg,ambient
audio/umass_tree8_robot_leaf2_segment_5_window_29_ambient.wav,images/umass_tree8_robot_leaf2_segment_5_window_29_ambient.jpg,ambient
audio/umass_tree8_robot_leaf2_segment_5_window_30_ambient.wav,images/umass_tree8_robot_leaf2_segment_5_window_30_ambient.jpg,ambient
audio/umass_tree8_robot_leaf2_segment_6_window_0_contact.wav,images/umass_tree8_robot_leaf2_segment_6_window_0_contact.jpg,leaf
audio/umass_tree8_robot_leaf2_segment_6_window_1_contact.wav,images/umass_tree8_robot_leaf2_segment_6_window_1_contact.jpg,leaf
audio/umass_tree8_robot_leaf2_segment_6_window_2_contact.wav,images/umass_tree8_robot_leaf2_segment_6_window_2_contact.jpg,leaf
audio/umass_tree8_robot_leaf2_segment_6_window_3_contact.wav,images/umass_tree8_robot_leaf2_segment_6_window_3_contact.jpg,leaf
audio/umass_tree6_robot_trunk1_segment_0_window_0_ambient.wav,images/umass_tree6_robot_trunk1_segment_0_window_0_ambient.jpg,ambient
audio/umass_tree6_robot_trunk1_segment_0_window_1_ambient.wav,images/umass_tree6_robot_trunk1_segment_0_window_1_ambient.jpg,ambient
audio/umass_tree6_robot_trunk1_segment_0_window_2_ambient.wav,images/umass_tree6_robot_trunk1_segment_0_window_2_ambient.jpg,ambient
audio/umass_tree6_robot_trunk1_segment_0_window_3_ambient.wav,images/umass_tree6_robot_trunk1_segment_0_window_3_ambient.jpg,ambient
audio/umass_tree6_robot_trunk1_segment_0_window_4_ambient.wav,images/umass_tree6_robot_trunk1_segment_0_window_4_ambient.jpg,ambient
audio/umass_tree6_robot_trunk1_segment_1_window_0_ambient.wav,images/umass_tree6_robot_trunk1_segment_1_window_0_ambient.jpg,ambient
audio/umass_tree6_robot_trunk1_segment_1_window_1_ambient.wav,images/umass_tree6_robot_trunk1_segment_1_window_1_ambient.jpg,ambient
audio/umass_tree6_robot_trunk1_segment_1_window_2_ambient.wav,images/umass_tree6_robot_trunk1_segment_1_window_2_ambient.jpg,ambient
audio/umass_tree6_robot_trunk1_segment_1_window_3_ambient.wav,images/umass_tree6_robot_trunk1_segment_1_window_3_ambient.jpg,ambient
audio/umass_tree6_robot_trunk1_segment_1_window_4_ambient.wav,images/umass_tree6_robot_trunk1_segment_1_window_4_ambient.jpg,ambient
audio/umass_tree6_robot_trunk1_segment_1_window_5_ambient.wav,images/umass_tree6_robot_trunk1_segment_1_window_5_ambient.jpg,ambient
audio/umass_tree6_robot_trunk1_segment_1_window_6_ambient.wav,images/umass_tree6_robot_trunk1_segment_1_window_6_ambient.jpg,ambient
audio/umass_tree6_robot_trunk1_segment_1_window_7_ambient.wav,images/umass_tree6_robot_trunk1_segment_1_window_7_ambient.jpg,ambient
audio/umass_tree6_robot_trunk1_segment_1_window_8_ambient.wav,images/umass_tree6_robot_trunk1_segment_1_window_8_ambient.jpg,ambient
audio/umass_tree6_robot_trunk1_segment_1_window_9_ambient.wav,images/umass_tree6_robot_trunk1_segment_1_window_9_ambient.jpg,ambient
audio/umass_tree6_robot_trunk1_segment_1_window_10_ambient.wav,images/umass_tree6_robot_trunk1_segment_1_window_10_ambient.jpg,ambient
audio/umass_tree6_robot_trunk1_segment_2_window_0_contact.wav,images/umass_tree6_robot_trunk1_segment_2_window_0_contact.jpg,trunk
audio/umass_tree6_robot_trunk1_segment_2_window_1_contact.wav,images/umass_tree6_robot_trunk1_segment_2_window_1_contact.jpg,trunk
audio/umass_tree6_robot_trunk1_segment_2_window_2_contact.wav,images/umass_tree6_robot_trunk1_segment_2_window_2_contact.jpg,trunk
audio/umass_tree6_robot_trunk1_segment_2_window_3_contact.wav,images/umass_tree6_robot_trunk1_segment_2_window_3_contact.jpg,trunk
audio/umass_tree6_robot_trunk1_segment_2_window_4_contact.wav,images/umass_tree6_robot_trunk1_segment_2_window_4_contact.jpg,trunk
audio/umass_tree6_robot_trunk1_segment_2_window_5_contact.wav,images/umass_tree6_robot_trunk1_segment_2_window_5_contact.jpg,trunk
audio/umass_tree6_robot_trunk1_segment_2_window_6_contact.wav,images/umass_tree6_robot_trunk1_segment_2_window_6_contact.jpg,trunk
audio/umass_tree6_robot_trunk1_segment_2_window_7_contact.wav,images/umass_tree6_robot_trunk1_segment_2_window_7_contact.jpg,trunk
audio/umass_tree6_robot_trunk1_segment_2_window_8_contact.wav,images/umass_tree6_robot_trunk1_segment_2_window_8_contact.jpg,trunk
audio/umass_tree6_robot_trunk1_segment_2_window_9_contact.wav,images/umass_tree6_robot_trunk1_segment_2_window_9_contact.jpg,trunk
audio/umass_tree6_robot_trunk1_segment_3_window_0_ambient.wav,images/umass_tree6_robot_trunk1_segment_3_window_0_ambient.jpg,ambient
audio/umass_tree6_robot_trunk1_segment_3_window_1_ambient.wav,images/umass_tree6_robot_trunk1_segment_3_window_1_ambient.jpg,ambient
audio/umass_tree6_robot_trunk1_segment_3_window_2_ambient.wav,images/umass_tree6_robot_trunk1_segment_3_window_2_ambient.jpg,ambient
audio/umass_tree6_robot_trunk1_segment_3_window_3_ambient.wav,images/umass_tree6_robot_trunk1_segment_3_window_3_ambient.jpg,ambient
audio/umass_tree6_robot_trunk1_segment_4_window_0_contact.wav,images/umass_tree6_robot_trunk1_segment_4_window_0_contact.jpg,trunk
audio/umass_tree6_robot_trunk1_segment_4_window_1_contact.wav,images/umass_tree6_robot_trunk1_segment_4_window_1_contact.jpg,trunk
audio/umass_tree6_robot_trunk1_segment_4_window_2_contact.wav,images/umass_tree6_robot_trunk1_segment_4_window_2_contact.jpg,trunk
audio/umass_tree6_robot_trunk1_segment_4_window_3_contact.wav,images/umass_tree6_robot_trunk1_segment_4_window_3_contact.jpg,trunk
audio/umass_tree6_robot_trunk1_segment_4_window_4_contact.wav,images/umass_tree6_robot_trunk1_segment_4_window_4_contact.jpg,trunk
audio/umass_tree6_robot_trunk1_segment_4_window_5_contact.wav,images/umass_tree6_robot_trunk1_segment_4_window_5_contact.jpg,trunk
audio/umass_tree6_robot_trunk1_segment_4_window_6_contact.wav,images/umass_tree6_robot_trunk1_segment_4_window_6_contact.jpg,trunk
audio/umass_tree6_robot_trunk1_segment_4_window_7_contact.wav,images/umass_tree6_robot_trunk1_segment_4_window_7_contact.jpg,trunk
audio/umass_tree6_robot_trunk1_segment_4_window_8_contact.wav,images/umass_tree6_robot_trunk1_segment_4_window_8_contact.jpg,trunk
audio/umass_tree6_robot_trunk1_segment_4_window_9_contact.wav,images/umass_tree6_robot_trunk1_segment_4_window_9_contact.jpg,trunk
audio/umass_tree6_robot_trunk1_segment_4_window_10_contact.wav,images/umass_tree6_robot_trunk1_segment_4_window_10_contact.jpg,trunk
audio/umass_tree6_robot_trunk1_segment_5_window_0_ambient.wav,images/umass_tree6_robot_trunk1_segment_5_window_0_ambient.jpg,ambient
audio/umass_tree6_robot_trunk1_segment_5_window_1_ambient.wav,images/umass_tree6_robot_trunk1_segment_5_window_1_ambient.jpg,ambient
audio/umass_tree6_robot_trunk1_segment_5_window_2_ambient.wav,images/umass_tree6_robot_trunk1_segment_5_window_2_ambient.jpg,ambient
audio/umass_tree6_robot_trunk1_segment_5_window_3_ambient.wav,images/umass_tree6_robot_trunk1_segment_5_window_3_ambient.jpg,ambient
audio/umass_tree6_robot_trunk1_segment_5_window_4_ambient.wav,images/umass_tree6_robot_trunk1_segment_5_window_4_ambient.jpg,ambient
audio/umass_tree6_robot_trunk1_segment_5_window_5_ambient.wav,images/umass_tree6_robot_trunk1_segment_5_window_5_ambient.jpg,ambient
audio/umass_tree6_robot_trunk1_segment_5_window_6_ambient.wav,images/umass_tree6_robot_trunk1_segment_5_window_6_ambient.jpg,ambient
audio/umass_tree6_robot_trunk1_segment_5_window_7_ambient.wav,images/umass_tree6_robot_trunk1_segment_5_window_7_ambient.jpg,ambient
audio/umass_tree6_robot_trunk1_segment_5_window_8_ambient.wav,images/umass_tree6_robot_trunk1_segment_5_window_8_ambient.jpg,ambient
audio/umass_tree6_robot_trunk1_segment_5_window_9_ambient.wav,images/umass_tree6_robot_trunk1_segment_5_window_9_ambient.jpg,ambient
audio/umass_tree6_robot_trunk1_segment_5_window_10_ambient.wav,images/umass_tree6_robot_trunk1_segment_5_window_10_ambient.jpg,ambient
audio/umass_tree6_robot_trunk1_segment_5_window_11_ambient.wav,images/umass_tree6_robot_trunk1_segment_5_window_11_ambient.jpg,ambient
audio/umass_tree3_robot_1_split_0_newleaf_segment_0_window_0_contact.wav,images/umass_tree3_robot_1_split_0_newleaf_segment_0_window_0_contact.jpg,leaf
audio/umass_tree3_robot_1_split_0_newleaf_segment_0_window_1_contact.wav,images/umass_tree3_robot_1_split_0_newleaf_segment_0_window_1_contact.jpg,leaf
audio/umass_tree3_robot_1_split_0_newleaf_segment_0_window_2_contact.wav,images/umass_tree3_robot_1_split_0_newleaf_segment_0_window_2_contact.jpg,leaf
audio/umass_tree3_robot_1_split_0_newleaf_segment_1_window_0_contact.wav,images/umass_tree3_robot_1_split_0_newleaf_segment_1_window_0_contact.jpg,leaf
audio/umass_tree3_robot_1_split_0_newleaf_segment_1_window_1_contact.wav,images/umass_tree3_robot_1_split_0_newleaf_segment_1_window_1_contact.jpg,leaf
audio/umass_tree3_robot_1_split_0_newleaf_segment_1_window_2_contact.wav,images/umass_tree3_robot_1_split_0_newleaf_segment_1_window_2_contact.jpg,leaf
audio/umass_tree3_robot_1_split_0_newleaf_segment_1_window_3_contact.wav,images/umass_tree3_robot_1_split_0_newleaf_segment_1_window_3_contact.jpg,leaf
audio/umass_tree3_robot_1_split_0_newleaf_segment_1_window_4_contact.wav,images/umass_tree3_robot_1_split_0_newleaf_segment_1_window_4_contact.jpg,leaf
audio/umass_tree3_robot_1_split_0_newleaf_segment_1_window_5_contact.wav,images/umass_tree3_robot_1_split_0_newleaf_segment_1_window_5_contact.jpg,leaf
audio/umass_tree3_robot_1_split_0_newleaf_segment_1_window_6_contact.wav,images/umass_tree3_robot_1_split_0_newleaf_segment_1_window_6_contact.jpg,leaf
audio/umass_tree3_robot_1_split_0_newleaf_segment_1_window_7_contact.wav,images/umass_tree3_robot_1_split_0_newleaf_segment_1_window_7_contact.jpg,leaf
audio/umass_tree3_robot_1_split_0_newleaf_segment_1_window_8_contact.wav,images/umass_tree3_robot_1_split_0_newleaf_segment_1_window_8_contact.jpg,leaf
audio/umass_tree3_robot_1_split_0_newleaf_segment_2_window_0_ambient.wav,images/umass_tree3_robot_1_split_0_newleaf_segment_2_window_0_ambient.jpg,ambient
audio/umass_tree3_robot_1_split_0_newleaf_segment_2_window_1_ambient.wav,images/umass_tree3_robot_1_split_0_newleaf_segment_2_window_1_ambient.jpg,ambient
audio/umass_tree3_robot_1_split_0_newleaf_segment_2_window_2_ambient.wav,images/umass_tree3_robot_1_split_0_newleaf_segment_2_window_2_ambient.jpg,ambient
audio/umass_tree3_robot_1_split_0_newleaf_segment_2_window_3_ambient.wav,images/umass_tree3_robot_1_split_0_newleaf_segment_2_window_3_ambient.jpg,ambient
audio/umass_tree3_robot_1_split_0_newleaf_segment_3_window_0_contact.wav,images/umass_tree3_robot_1_split_0_newleaf_segment_3_window_0_contact.jpg,leaf
audio/umass_tree3_robot_1_split_0_newleaf_segment_3_window_1_contact.wav,images/umass_tree3_robot_1_split_0_newleaf_segment_3_window_1_contact.jpg,leaf
audio/umass_tree3_robot_1_split_0_newleaf_segment_3_window_2_contact.wav,images/umass_tree3_robot_1_split_0_newleaf_segment_3_window_2_contact.jpg,leaf
audio/umass_tree3_robot_1_split_0_newleaf_segment_3_window_3_contact.wav,images/umass_tree3_robot_1_split_0_newleaf_segment_3_window_3_contact.jpg,leaf
audio/umass_tree3_robot_1_split_0_newleaf_segment_3_window_4_contact.wav,images/umass_tree3_robot_1_split_0_newleaf_segment_3_window_4_contact.jpg,leaf
audio/umass_tree3_robot_1_split_0_newleaf_segment_3_window_5_contact.wav,images/umass_tree3_robot_1_split_0_newleaf_segment_3_window_5_contact.jpg,leaf
audio/umass_tree3_robot_1_split_0_newleaf_segment_3_window_6_contact.wav,images/umass_tree3_robot_1_split_0_newleaf_segment_3_window_6_contact.jpg,leaf
audio/umass_tree3_robot_1_split_0_newleaf_segment_3_window_7_contact.wav,images/umass_tree3_robot_1_split_0_newleaf_segment_3_window_7_contact.jpg,leaf
audio/umass_tree4_robot_twig2_split_0_segment_0_window_0_ambient.wav,images/umass_tree4_robot_twig2_split_0_segment_0_window_0_ambient.jpg,ambient
audio/umass_tree4_robot_twig2_split_0_segment_0_window_1_ambient.wav,images/umass_tree4_robot_twig2_split_0_segment_0_window_1_ambient.jpg,ambient
audio/umass_tree4_robot_twig2_split_0_segment_0_window_2_ambient.wav,images/umass_tree4_robot_twig2_split_0_segment_0_window_2_ambient.jpg,ambient
audio/umass_tree4_robot_twig2_split_0_segment_0_window_3_ambient.wav,images/umass_tree4_robot_twig2_split_0_segment_0_window_3_ambient.jpg,ambient
audio/umass_tree4_robot_twig2_split_0_segment_0_window_4_ambient.wav,images/umass_tree4_robot_twig2_split_0_segment_0_window_4_ambient.jpg,ambient
audio/umass_tree4_robot_twig2_split_0_segment_0_window_5_ambient.wav,images/umass_tree4_robot_twig2_split_0_segment_0_window_5_ambient.jpg,ambient
audio/umass_tree4_robot_twig2_split_0_segment_0_window_6_ambient.wav,images/umass_tree4_robot_twig2_split_0_segment_0_window_6_ambient.jpg,ambient
audio/umass_tree4_robot_twig2_split_0_segment_0_window_7_ambient.wav,images/umass_tree4_robot_twig2_split_0_segment_0_window_7_ambient.jpg,ambient
audio/umass_tree4_robot_twig2_split_0_segment_0_window_8_ambient.wav,images/umass_tree4_robot_twig2_split_0_segment_0_window_8_ambient.jpg,ambient
audio/umass_tree4_robot_twig2_split_0_segment_0_window_9_ambient.wav,images/umass_tree4_robot_twig2_split_0_segment_0_window_9_ambient.jpg,ambient
audio/umass_tree4_robot_twig2_split_0_segment_0_window_10_ambient.wav,images/umass_tree4_robot_twig2_split_0_segment_0_window_10_ambient.jpg,ambient
audio/umass_tree4_robot_twig2_split_0_segment_0_window_11_ambient.wav,images/umass_tree4_robot_twig2_split_0_segment_0_window_11_ambient.jpg,ambient
audio/umass_tree4_robot_twig2_split_0_segment_0_window_12_ambient.wav,images/umass_tree4_robot_twig2_split_0_segment_0_window_12_ambient.jpg,ambient
audio/umass_tree4_robot_twig2_split_0_segment_0_window_13_ambient.wav,images/umass_tree4_robot_twig2_split_0_segment_0_window_13_ambient.jpg,ambient
audio/umass_tree4_robot_twig2_split_0_segment_0_window_14_ambient.wav,images/umass_tree4_robot_twig2_split_0_segment_0_window_14_ambient.jpg,ambient
audio/umass_tree4_robot_twig2_split_0_segment_0_window_15_ambient.wav,images/umass_tree4_robot_twig2_split_0_segment_0_window_15_ambient.jpg,ambient
audio/umass_tree4_robot_twig2_split_0_segment_0_window_16_ambient.wav,images/umass_tree4_robot_twig2_split_0_segment_0_window_16_ambient.jpg,ambient
audio/umass_tree4_robot_twig2_split_0_segment_0_window_17_ambient.wav,images/umass_tree4_robot_twig2_split_0_segment_0_window_17_ambient.jpg,ambient
audio/umass_tree4_robot_twig2_split_0_segment_0_window_18_ambient.wav,images/umass_tree4_robot_twig2_split_0_segment_0_window_18_ambient.jpg,ambient
audio/umass_tree4_robot_twig2_split_0_segment_0_window_19_ambient.wav,images/umass_tree4_robot_twig2_split_0_segment_0_window_19_ambient.jpg,ambient
audio/umass_tree4_robot_twig2_split_0_segment_0_window_20_ambient.wav,images/umass_tree4_robot_twig2_split_0_segment_0_window_20_ambient.jpg,ambient
audio/umass_tree4_robot_twig2_split_0_segment_0_window_21_ambient.wav,images/umass_tree4_robot_twig2_split_0_segment_0_window_21_ambient.jpg,ambient
audio/umass_tree4_robot_twig2_split_0_segment_0_window_22_ambient.wav,images/umass_tree4_robot_twig2_split_0_segment_0_window_22_ambient.jpg,ambient
audio/umass_tree4_robot_twig2_split_0_segment_0_window_23_ambient.wav,images/umass_tree4_robot_twig2_split_0_segment_0_window_23_ambient.jpg,ambient
audio/umass_tree4_robot_twig2_split_0_segment_1_window_0_contact.wav,images/umass_tree4_robot_twig2_split_0_segment_1_window_0_contact.jpg,twig
audio/umass_tree4_robot_twig2_split_0_segment_1_window_1_contact.wav,images/umass_tree4_robot_twig2_split_0_segment_1_window_1_contact.jpg,twig
audio/umass_tree4_robot_twig2_split_0_segment_1_window_2_contact.wav,images/umass_tree4_robot_twig2_split_0_segment_1_window_2_contact.jpg,twig
audio/umass_tree4_robot_twig2_split_0_segment_1_window_3_contact.wav,images/umass_tree4_robot_twig2_split_0_segment_1_window_3_contact.jpg,twig
audio/umass_tree4_robot_twig2_split_0_segment_2_window_0_ambient.wav,images/umass_tree4_robot_twig2_split_0_segment_2_window_0_ambient.jpg,ambient
audio/umass_tree4_robot_twig2_split_0_segment_2_window_1_ambient.wav,images/umass_tree4_robot_twig2_split_0_segment_2_window_1_ambient.jpg,ambient
audio/umass_tree4_robot_twig2_split_0_segment_2_window_2_ambient.wav,images/umass_tree4_robot_twig2_split_0_segment_2_window_2_ambient.jpg,ambient
audio/umass_tree4_robot_twig2_split_0_segment_2_window_3_ambient.wav,images/umass_tree4_robot_twig2_split_0_segment_2_window_3_ambient.jpg,ambient
audio/umass_tree4_robot_twig2_split_0_segment_2_window_4_ambient.wav,images/umass_tree4_robot_twig2_split_0_segment_2_window_4_ambient.jpg,ambient
audio/umass_tree4_robot_twig2_split_0_segment_2_window_5_ambient.wav,images/umass_tree4_robot_twig2_split_0_segment_2_window_5_ambient.jpg,ambient
audio/umass_tree4_robot_twig2_split_0_segment_3_window_0_ambient.wav,images/umass_tree4_robot_twig2_split_0_segment_3_window_0_ambient.jpg,ambient
audio/umass_tree4_robot_twig2_split_0_segment_3_window_1_ambient.wav,images/umass_tree4_robot_twig2_split_0_segment_3_window_1_ambient.jpg,ambient
audio/umass_tree4_robot_twig2_split_0_segment_3_window_2_ambient.wav,images/umass_tree4_robot_twig2_split_0_segment_3_window_2_ambient.jpg,ambient
audio/umass_tree4_robot_twig2_split_0_segment_3_window_3_ambient.wav,images/umass_tree4_robot_twig2_split_0_segment_3_window_3_ambient.jpg,ambient
audio/umass_tree4_robot_twig2_split_0_segment_4_window_0_contact.wav,images/umass_tree4_robot_twig2_split_0_segment_4_window_0_contact.jpg,twig
audio/umass_tree4_robot_twig2_split_0_segment_4_window_1_contact.wav,images/umass_tree4_robot_twig2_split_0_segment_4_window_1_contact.jpg,twig
audio/umass_tree4_robot_twig2_split_0_segment_4_window_2_contact.wav,images/umass_tree4_robot_twig2_split_0_segment_4_window_2_contact.jpg,twig
audio/umass_tree4_robot_twig2_split_0_segment_4_window_3_contact.wav,images/umass_tree4_robot_twig2_split_0_segment_4_window_3_contact.jpg,twig
audio/umass_tree4_robot_twig2_split_0_segment_4_window_4_contact.wav,images/umass_tree4_robot_twig2_split_0_segment_4_window_4_contact.jpg,twig
audio/umass_tree4_robot_twig2_split_0_segment_4_window_5_contact.wav,images/umass_tree4_robot_twig2_split_0_segment_4_window_5_contact.jpg,twig
audio/umass_tree4_robot_twig2_split_0_segment_4_window_6_contact.wav,images/umass_tree4_robot_twig2_split_0_segment_4_window_6_contact.jpg,twig
audio/umass_tree4_robot_twig2_split_0_segment_4_window_7_contact.wav,images/umass_tree4_robot_twig2_split_0_segment_4_window_7_contact.jpg,twig
audio/umass_tree4_robot_twig2_split_0_segment_4_window_8_contact.wav,images/umass_tree4_robot_twig2_split_0_segment_4_window_8_contact.jpg,twig
audio/umass_tree4_robot_twig2_split_0_segment_4_window_9_contact.wav,images/umass_tree4_robot_twig2_split_0_segment_4_window_9_contact.jpg,twig
audio/umass_tree4_robot_twig2_split_0_segment_4_window_10_contact.wav,images/umass_tree4_robot_twig2_split_0_segment_4_window_10_contact.jpg,twig
audio/umass_tree4_robot_twig2_split_0_segment_4_window_11_contact.wav,images/umass_tree4_robot_twig2_split_0_segment_4_window_11_contact.jpg,twig
audio/umass_tree4_robot_twig2_split_0_segment_4_window_12_contact.wav,images/umass_tree4_robot_twig2_split_0_segment_4_window_12_contact.jpg,twig
audio/umass_tree5_robot_twig1_segment_0_window_0_ambient.wav,images/umass_tree5_robot_twig1_segment_0_window_0_ambient.jpg,ambient
audio/umass_tree5_robot_twig1_segment_0_window_1_ambient.wav,images/umass_tree5_robot_twig1_segment_0_window_1_ambient.jpg,ambient
audio/umass_tree5_robot_twig1_segment_0_window_2_ambient.wav,images/umass_tree5_robot_twig1_segment_0_window_2_ambient.jpg,ambient
audio/umass_tree5_robot_twig1_segment_0_window_3_ambient.wav,images/umass_tree5_robot_twig1_segment_0_window_3_ambient.jpg,ambient
audio/umass_tree5_robot_twig1_segment_1_window_0_contact.wav,images/umass_tree5_robot_twig1_segment_1_window_0_contact.jpg,twig
audio/umass_tree5_robot_twig1_segment_1_window_1_contact.wav,images/umass_tree5_robot_twig1_segment_1_window_1_contact.jpg,twig
audio/umass_tree5_robot_twig1_segment_1_window_2_contact.wav,images/umass_tree5_robot_twig1_segment_1_window_2_contact.jpg,twig
audio/umass_tree5_robot_twig1_segment_1_window_3_contact.wav,images/umass_tree5_robot_twig1_segment_1_window_3_contact.jpg,twig
audio/umass_tree5_robot_twig1_segment_1_window_4_contact.wav,images/umass_tree5_robot_twig1_segment_1_window_4_contact.jpg,twig
audio/umass_tree5_robot_twig1_segment_1_window_5_contact.wav,images/umass_tree5_robot_twig1_segment_1_window_5_contact.jpg,twig
audio/umass_tree5_robot_twig1_segment_1_window_6_contact.wav,images/umass_tree5_robot_twig1_segment_1_window_6_contact.jpg,twig
audio/umass_tree5_robot_twig1_segment_1_window_7_contact.wav,images/umass_tree5_robot_twig1_segment_1_window_7_contact.jpg,twig
audio/umass_tree5_robot_twig1_segment_1_window_8_contact.wav,images/umass_tree5_robot_twig1_segment_1_window_8_contact.jpg,twig
audio/umass_tree5_robot_twig1_segment_1_window_9_contact.wav,images/umass_tree5_robot_twig1_segment_1_window_9_contact.jpg,twig
audio/umass_tree5_robot_twig1_segment_1_window_10_contact.wav,images/umass_tree5_robot_twig1_segment_1_window_10_contact.jpg,twig
audio/umass_tree5_robot_twig1_segment_1_window_11_contact.wav,images/umass_tree5_robot_twig1_segment_1_window_11_contact.jpg,twig
audio/umass_tree5_robot_twig1_segment_1_window_12_contact.wav,images/umass_tree5_robot_twig1_segment_1_window_12_contact.jpg,twig
audio/umass_tree5_robot_twig1_segment_1_window_13_contact.wav,images/umass_tree5_robot_twig1_segment_1_window_13_contact.jpg,twig
audio/umass_tree5_robot_twig1_segment_1_window_14_contact.wav,images/umass_tree5_robot_twig1_segment_1_window_14_contact.jpg,twig
audio/umass_tree5_robot_twig1_segment_1_window_15_contact.wav,images/umass_tree5_robot_twig1_segment_1_window_15_contact.jpg,twig
audio/umass_tree5_robot_twig1_segment_1_window_16_contact.wav,images/umass_tree5_robot_twig1_segment_1_window_16_contact.jpg,twig
audio/umass_tree5_robot_twig1_segment_1_window_17_contact.wav,images/umass_tree5_robot_twig1_segment_1_window_17_contact.jpg,twig
audio/umass_tree5_robot_twig1_segment_1_window_18_contact.wav,images/umass_tree5_robot_twig1_segment_1_window_18_contact.jpg,twig
audio/umass_tree5_robot_twig1_segment_2_window_0_ambient.wav,images/umass_tree5_robot_twig1_segment_2_window_0_ambient.jpg,ambient
audio/umass_tree5_robot_twig1_segment_2_window_1_ambient.wav,images/umass_tree5_robot_twig1_segment_2_window_1_ambient.jpg,ambient
audio/umass_tree5_robot_twig1_segment_2_window_2_ambient.wav,images/umass_tree5_robot_twig1_segment_2_window_2_ambient.jpg,ambient
audio/umass_tree5_robot_twig1_segment_2_window_3_ambient.wav,images/umass_tree5_robot_twig1_segment_2_window_3_ambient.jpg,ambient
audio/umass_tree5_robot_twig1_segment_3_window_0_ambient.wav,images/umass_tree5_robot_twig1_segment_3_window_0_ambient.jpg,ambient
audio/umass_tree5_robot_twig1_segment_3_window_1_ambient.wav,images/umass_tree5_robot_twig1_segment_3_window_1_ambient.jpg,ambient
audio/umass_tree5_robot_twig1_segment_3_window_2_ambient.wav,images/umass_tree5_robot_twig1_segment_3_window_2_ambient.jpg,ambient
audio/umass_tree5_robot_twig1_segment_3_window_3_ambient.wav,images/umass_tree5_robot_twig1_segment_3_window_3_ambient.jpg,ambient
audio/umass_tree5_robot_twig1_segment_3_window_4_ambient.wav,images/umass_tree5_robot_twig1_segment_3_window_4_ambient.jpg,ambient
audio/umass_tree5_robot_twig1_segment_3_window_5_ambient.wav,images/umass_tree5_robot_twig1_segment_3_window_5_ambient.jpg,ambient
audio/umass_tree5_robot_twig1_segment_3_window_6_ambient.wav,images/umass_tree5_robot_twig1_segment_3_window_6_ambient.jpg,ambient
audio/umass_tree5_robot_twig1_segment_3_window_7_ambient.wav,images/umass_tree5_robot_twig1_segment_3_window_7_ambient.jpg,ambient
audio/umass_tree5_robot_twig1_segment_3_window_8_ambient.wav,images/umass_tree5_robot_twig1_segment_3_window_8_ambient.jpg,ambient
audio/umass_tree5_robot_twig1_segment_3_window_9_ambient.wav,images/umass_tree5_robot_twig1_segment_3_window_9_ambient.jpg,ambient
audio/umass_tree5_robot_twig1_segment_3_window_10_ambient.wav,images/umass_tree5_robot_twig1_segment_3_window_10_ambient.jpg,ambient
audio/umass_tree5_robot_twig1_segment_4_window_0_ambient.wav,images/umass_tree5_robot_twig1_segment_4_window_0_ambient.jpg,ambient
audio/umass_tree5_robot_twig1_segment_4_window_1_ambient.wav,images/umass_tree5_robot_twig1_segment_4_window_1_ambient.jpg,ambient
audio/umass_tree5_robot_twig1_segment_4_window_2_ambient.wav,images/umass_tree5_robot_twig1_segment_4_window_2_ambient.jpg,ambient
audio/umass_tree5_robot_twig1_segment_4_window_3_ambient.wav,images/umass_tree5_robot_twig1_segment_4_window_3_ambient.jpg,ambient
audio/umass_tree5_robot_twig1_segment_4_window_4_ambient.wav,images/umass_tree5_robot_twig1_segment_4_window_4_ambient.jpg,ambient
audio/umass_tree5_robot_twig1_segment_4_window_5_ambient.wav,images/umass_tree5_robot_twig1_segment_4_window_5_ambient.jpg,ambient
audio/umass_tree5_robot_twig1_segment_4_window_6_ambient.wav,images/umass_tree5_robot_twig1_segment_4_window_6_ambient.jpg,ambient
audio/umass_tree5_robot_twig1_segment_4_window_7_ambient.wav,images/umass_tree5_robot_twig1_segment_4_window_7_ambient.jpg,ambient
audio/umass_tree5_robot_twig1_segment_4_window_8_ambient.wav,images/umass_tree5_robot_twig1_segment_4_window_8_ambient.jpg,ambient
audio/umass_tree5_robot_leaf1_segment_0_window_0_ambient.wav,images/umass_tree5_robot_leaf1_segment_0_window_0_ambient.jpg,ambient
audio/umass_tree5_robot_leaf1_segment_0_window_1_ambient.wav,images/umass_tree5_robot_leaf1_segment_0_window_1_ambient.jpg,ambient
audio/umass_tree5_robot_leaf1_segment_0_window_2_ambient.wav,images/umass_tree5_robot_leaf1_segment_0_window_2_ambient.jpg,ambient
audio/umass_tree5_robot_leaf1_segment_0_window_3_ambient.wav,images/umass_tree5_robot_leaf1_segment_0_window_3_ambient.jpg,ambient
audio/umass_tree5_robot_leaf1_segment_1_window_0_contact.wav,images/umass_tree5_robot_leaf1_segment_1_window_0_contact.jpg,leaf
audio/umass_tree5_robot_leaf1_segment_1_window_1_contact.wav,images/umass_tree5_robot_leaf1_segment_1_window_1_contact.jpg,leaf
audio/umass_tree5_robot_leaf1_segment_1_window_2_contact.wav,images/umass_tree5_robot_leaf1_segment_1_window_2_contact.jpg,leaf
audio/umass_tree5_robot_leaf1_segment_1_window_3_contact.wav,images/umass_tree5_robot_leaf1_segment_1_window_3_contact.jpg,leaf
audio/umass_tree5_robot_leaf1_segment_1_window_4_contact.wav,images/umass_tree5_robot_leaf1_segment_1_window_4_contact.jpg,leaf
audio/umass_tree5_robot_leaf1_segment_1_window_5_contact.wav,images/umass_tree5_robot_leaf1_segment_1_window_5_contact.jpg,leaf
audio/umass_tree5_robot_leaf1_segment_1_window_6_contact.wav,images/umass_tree5_robot_leaf1_segment_1_window_6_contact.jpg,leaf
audio/umass_tree5_robot_leaf1_segment_1_window_7_contact.wav,images/umass_tree5_robot_leaf1_segment_1_window_7_contact.jpg,leaf
audio/umass_tree5_robot_leaf1_segment_1_window_8_contact.wav,images/umass_tree5_robot_leaf1_segment_1_window_8_contact.jpg,leaf
audio/umass_tree5_robot_leaf1_segment_1_window_9_contact.wav,images/umass_tree5_robot_leaf1_segment_1_window_9_contact.jpg,leaf
audio/umass_tree5_robot_leaf1_segment_1_window_10_contact.wav,images/umass_tree5_robot_leaf1_segment_1_window_10_contact.jpg,leaf
audio/umass_tree5_robot_leaf1_segment_1_window_11_contact.wav,images/umass_tree5_robot_leaf1_segment_1_window_11_contact.jpg,leaf
audio/umass_tree5_robot_leaf1_segment_1_window_12_contact.wav,images/umass_tree5_robot_leaf1_segment_1_window_12_contact.jpg,leaf
audio/umass_tree5_robot_leaf1_segment_1_window_13_contact.wav,images/umass_tree5_robot_leaf1_segment_1_window_13_contact.jpg,leaf
audio/umass_tree5_robot_leaf1_segment_1_window_14_contact.wav,images/umass_tree5_robot_leaf1_segment_1_window_14_contact.jpg,leaf
audio/umass_tree5_robot_leaf1_segment_1_window_15_contact.wav,images/umass_tree5_robot_leaf1_segment_1_window_15_contact.jpg,leaf
audio/umass_tree5_robot_leaf1_segment_1_window_16_contact.wav,images/umass_tree5_robot_leaf1_segment_1_window_16_contact.jpg,leaf
audio/umass_tree5_robot_leaf1_segment_1_window_17_contact.wav,images/umass_tree5_robot_leaf1_segment_1_window_17_contact.jpg,leaf
audio/umass_tree5_robot_leaf1_segment_1_window_18_contact.wav,images/umass_tree5_robot_leaf1_segment_1_window_18_contact.jpg,leaf
audio/umass_tree5_robot_leaf1_segment_2_window_0_ambient.wav,images/umass_tree5_robot_leaf1_segment_2_window_0_ambient.jpg,ambient
audio/umass_tree5_robot_leaf1_segment_2_window_1_ambient.wav,images/umass_tree5_robot_leaf1_segment_2_window_1_ambient.jpg,ambient
audio/umass_tree5_robot_leaf1_segment_2_window_2_ambient.wav,images/umass_tree5_robot_leaf1_segment_2_window_2_ambient.jpg,ambient
audio/umass_tree5_robot_leaf1_segment_2_window_3_ambient.wav,images/umass_tree5_robot_leaf1_segment_2_window_3_ambient.jpg,ambient
audio/umass_tree5_robot_leaf1_segment_2_window_4_ambient.wav,images/umass_tree5_robot_leaf1_segment_2_window_4_ambient.jpg,ambient
audio/umass_tree5_robot_leaf1_segment_2_window_5_ambient.wav,images/umass_tree5_robot_leaf1_segment_2_window_5_ambient.jpg,ambient
audio/umass_tree5_robot_leaf1_segment_2_window_6_ambient.wav,images/umass_tree5_robot_leaf1_segment_2_window_6_ambient.jpg,ambient
audio/umass_tree5_robot_leaf1_segment_2_window_7_ambient.wav,images/umass_tree5_robot_leaf1_segment_2_window_7_ambient.jpg,ambient
audio/umass_tree5_robot_leaf1_segment_2_window_8_ambient.wav,images/umass_tree5_robot_leaf1_segment_2_window_8_ambient.jpg,ambient
audio/umass_tree5_robot_leaf1_segment_2_window_9_ambient.wav,images/umass_tree5_robot_leaf1_segment_2_window_9_ambient.jpg,ambient
audio/umass_tree5_robot_leaf1_segment_2_window_10_ambient.wav,images/umass_tree5_robot_leaf1_segment_2_window_10_ambient.jpg,ambient
audio/umass_tree5_robot_leaf1_segment_2_window_11_ambient.wav,images/umass_tree5_robot_leaf1_segment_2_window_11_ambient.jpg,ambient
audio/umass_tree5_robot_leaf1_segment_3_window_0_contact.wav,images/umass_tree5_robot_leaf1_segment_3_window_0_contact.jpg,leaf
audio/umass_tree5_robot_leaf1_segment_3_window_1_contact.wav,images/umass_tree5_robot_leaf1_segment_3_window_1_contact.jpg,leaf
audio/umass_tree5_robot_leaf1_segment_3_window_2_contact.wav,images/umass_tree5_robot_leaf1_segment_3_window_2_contact.jpg,leaf
audio/umass_tree5_robot_leaf1_segment_3_window_3_contact.wav,images/umass_tree5_robot_leaf1_segment_3_window_3_contact.jpg,leaf
audio/umass_tree5_robot_leaf1_segment_3_window_4_contact.wav,images/umass_tree5_robot_leaf1_segment_3_window_4_contact.jpg,leaf
audio/umass_tree5_robot_leaf1_segment_3_window_5_contact.wav,images/umass_tree5_robot_leaf1_segment_3_window_5_contact.jpg,leaf
audio/umass_tree5_robot_leaf1_segment_4_window_0_ambient.wav,images/umass_tree5_robot_leaf1_segment_4_window_0_ambient.jpg,ambient
audio/umass_tree5_robot_leaf1_segment_4_window_1_ambient.wav,images/umass_tree5_robot_leaf1_segment_4_window_1_ambient.jpg,ambient
audio/umass_tree5_robot_leaf1_segment_4_window_2_ambient.wav,images/umass_tree5_robot_leaf1_segment_4_window_2_ambient.jpg,ambient
audio/umass_tree5_robot_leaf1_segment_4_window_3_ambient.wav,images/umass_tree5_robot_leaf1_segment_4_window_3_ambient.jpg,ambient
audio/umass_tree5_robot_leaf1_segment_4_window_4_ambient.wav,images/umass_tree5_robot_leaf1_segment_4_window_4_ambient.jpg,ambient
audio/umass_tree5_robot_leaf1_segment_4_window_5_ambient.wav,images/umass_tree5_robot_leaf1_segment_4_window_5_ambient.jpg,ambient
audio/umass_tree5_robot_leaf1_segment_4_window_6_ambient.wav,images/umass_tree5_robot_leaf1_segment_4_window_6_ambient.jpg,ambient
audio/umass_tree5_robot_leaf1_segment_4_window_7_ambient.wav,images/umass_tree5_robot_leaf1_segment_4_window_7_ambient.jpg,ambient
audio/umass_tree5_robot_leaf1_segment_4_window_8_ambient.wav,images/umass_tree5_robot_leaf1_segment_4_window_8_ambient.jpg,ambient
audio/umass_tree5_robot_leaf1_segment_4_window_9_ambient.wav,images/umass_tree5_robot_leaf1_segment_4_window_9_ambient.jpg,ambient
audio/umass_tree5_robot_leaf1_segment_4_window_10_ambient.wav,images/umass_tree5_robot_leaf1_segment_4_window_10_ambient.jpg,ambient
audio/umass_tree5_robot_leaf1_segment_4_window_11_ambient.wav,images/umass_tree5_robot_leaf1_segment_4_window_11_ambient.jpg,ambient
audio/umass_tree5_robot_leaf1_segment_4_window_12_ambient.wav,images/umass_tree5_robot_leaf1_segment_4_window_12_ambient.jpg,ambient
audio/umass_tree5_robot_leaf1_segment_4_window_13_ambient.wav,images/umass_tree5_robot_leaf1_segment_4_window_13_ambient.jpg,ambient
audio/umass_tree5_robot_leaf1_segment_4_window_14_ambient.wav,images/umass_tree5_robot_leaf1_segment_4_window_14_ambient.jpg,ambient
audio/umass_tree5_robot_leaf1_segment_5_window_0_contact.wav,images/umass_tree5_robot_leaf1_segment_5_window_0_contact.jpg,leaf
audio/umass_tree5_robot_leaf1_segment_5_window_1_contact.wav,images/umass_tree5_robot_leaf1_segment_5_window_1_contact.jpg,leaf
audio/umass_tree5_robot_leaf1_segment_6_window_0_ambient.wav,images/umass_tree5_robot_leaf1_segment_6_window_0_ambient.jpg,ambient
audio/umass_tree5_robot_leaf1_segment_6_window_1_ambient.wav,images/umass_tree5_robot_leaf1_segment_6_window_1_ambient.jpg,ambient
audio/umass_tree5_robot_leaf1_segment_6_window_2_ambient.wav,images/umass_tree5_robot_leaf1_segment_6_window_2_ambient.jpg,ambient
audio/umass_tree5_robot_leaf1_segment_6_window_3_ambient.wav,images/umass_tree5_robot_leaf1_segment_6_window_3_ambient.jpg,ambient
audio/umass_tree5_robot_leaf1_segment_6_window_4_ambient.wav,images/umass_tree5_robot_leaf1_segment_6_window_4_ambient.jpg,ambient
audio/umass_tree5_robot_leaf1_segment_6_window_5_ambient.wav,images/umass_tree5_robot_leaf1_segment_6_window_5_ambient.jpg,ambient
audio/umass_tree5_robot_leaf1_segment_6_window_6_ambient.wav,images/umass_tree5_robot_leaf1_segment_6_window_6_ambient.jpg,ambient
audio/umass_tree5_robot_leaf1_segment_6_window_7_ambient.wav,images/umass_tree5_robot_leaf1_segment_6_window_7_ambient.jpg,ambient
audio/umass_tree5_robot_leaf1_segment_6_window_8_ambient.wav,images/umass_tree5_robot_leaf1_segment_6_window_8_ambient.jpg,ambient
audio/umass_tree5_robot_leaf1_segment_6_window_9_ambient.wav,images/umass_tree5_robot_leaf1_segment_6_window_9_ambient.jpg,ambient
audio/umass_tree5_robot_leaf1_segment_6_window_10_ambient.wav,images/umass_tree5_robot_leaf1_segment_6_window_10_ambient.jpg,ambient
audio/umass_tree5_robot_leaf1_segment_6_window_11_ambient.wav,images/umass_tree5_robot_leaf1_segment_6_window_11_ambient.jpg,ambient
audio/umass_tree5_robot_leaf1_segment_6_window_12_ambient.wav,images/umass_tree5_robot_leaf1_segment_6_window_12_ambient.jpg,ambient
audio/umass_tree5_robot_leaf1_segment_6_window_13_ambient.wav,images/umass_tree5_robot_leaf1_segment_6_window_13_ambient.jpg,ambient
audio/umass_tree5_robot_leaf1_segment_6_window_14_ambient.wav,images/umass_tree5_robot_leaf1_segment_6_window_14_ambient.jpg,ambient
audio/umass_tree5_robot_leaf1_segment_6_window_15_ambient.wav,images/umass_tree5_robot_leaf1_segment_6_window_15_ambient.jpg,ambient
audio/umass_tree5_robot_leaf1_segment_7_window_0_contact.wav,images/umass_tree5_robot_leaf1_segment_7_window_0_contact.jpg,leaf
audio/umass_tree5_robot_leaf1_segment_7_window_1_contact.wav,images/umass_tree5_robot_leaf1_segment_7_window_1_contact.jpg,leaf
audio/umass_tree5_robot_leaf1_segment_7_window_2_contact.wav,images/umass_tree5_robot_leaf1_segment_7_window_2_contact.jpg,leaf
audio/umass_tree5_robot_leaf1_segment_7_window_3_contact.wav,images/umass_tree5_robot_leaf1_segment_7_window_3_contact.jpg,leaf
audio/umass_tree5_robot_leaf1_segment_7_window_4_contact.wav,images/umass_tree5_robot_leaf1_segment_7_window_4_contact.jpg,leaf
audio/umass_tree5_robot_leaf1_segment_7_window_5_contact.wav,images/umass_tree5_robot_leaf1_segment_7_window_5_contact.jpg,leaf
audio/umass_tree5_robot_leaf1_segment_7_window_6_contact.wav,images/umass_tree5_robot_leaf1_segment_7_window_6_contact.jpg,leaf
audio/umass_tree5_robot_leaf1_segment_7_window_7_contact.wav,images/umass_tree5_robot_leaf1_segment_7_window_7_contact.jpg,leaf
audio/umass_tree5_robot_leaf1_segment_7_window_8_contact.wav,images/umass_tree5_robot_leaf1_segment_7_window_8_contact.jpg,leaf
audio/umass_tree5_robot_leaf1_segment_7_window_9_contact.wav,images/umass_tree5_robot_leaf1_segment_7_window_9_contact.jpg,leaf
audio/umass_tree5_robot_leaf1_segment_7_window_10_contact.wav,images/umass_tree5_robot_leaf1_segment_7_window_10_contact.jpg,leaf
audio/umass_tree5_robot_leaf1_segment_7_window_11_contact.wav,images/umass_tree5_robot_leaf1_segment_7_window_11_contact.jpg,leaf
audio/umass_tree5_robot_leaf1_segment_7_window_12_contact.wav,images/umass_tree5_robot_leaf1_segment_7_window_12_contact.jpg,leaf
audio/umass_tree5_robot_leaf1_segment_7_window_13_contact.wav,images/umass_tree5_robot_leaf1_segment_7_window_13_contact.jpg,leaf
audio/umass_tree1_robot_twig2_segment_0_window_0_ambient.wav,images/umass_tree1_robot_twig2_segment_0_window_0_ambient.jpg,ambient
audio/umass_tree1_robot_twig2_segment_0_window_1_ambient.wav,images/umass_tree1_robot_twig2_segment_0_window_1_ambient.jpg,ambient
audio/umass_tree1_robot_twig2_segment_0_window_2_ambient.wav,images/umass_tree1_robot_twig2_segment_0_window_2_ambient.jpg,ambient
audio/umass_tree1_robot_twig2_segment_0_window_3_ambient.wav,images/umass_tree1_robot_twig2_segment_0_window_3_ambient.jpg,ambient
audio/umass_tree1_robot_twig2_segment_1_window_0_contact.wav,images/umass_tree1_robot_twig2_segment_1_window_0_contact.jpg,twig
audio/umass_tree1_robot_twig2_segment_1_window_1_contact.wav,images/umass_tree1_robot_twig2_segment_1_window_1_contact.jpg,twig
audio/umass_tree1_robot_twig2_segment_1_window_2_contact.wav,images/umass_tree1_robot_twig2_segment_1_window_2_contact.jpg,twig
audio/umass_tree1_robot_twig2_segment_1_window_3_contact.wav,images/umass_tree1_robot_twig2_segment_1_window_3_contact.jpg,twig
audio/umass_tree1_robot_twig2_segment_1_window_4_contact.wav,images/umass_tree1_robot_twig2_segment_1_window_4_contact.jpg,twig
audio/umass_tree1_robot_twig2_segment_1_window_5_contact.wav,images/umass_tree1_robot_twig2_segment_1_window_5_contact.jpg,twig
audio/umass_tree1_robot_twig2_segment_1_window_6_contact.wav,images/umass_tree1_robot_twig2_segment_1_window_6_contact.jpg,twig
audio/umass_tree1_robot_twig2_segment_1_window_7_contact.wav,images/umass_tree1_robot_twig2_segment_1_window_7_contact.jpg,twig
audio/umass_tree1_robot_twig2_segment_1_window_8_contact.wav,images/umass_tree1_robot_twig2_segment_1_window_8_contact.jpg,twig
audio/umass_tree1_robot_twig2_segment_1_window_9_contact.wav,images/umass_tree1_robot_twig2_segment_1_window_9_contact.jpg,twig
audio/umass_tree1_robot_twig2_segment_1_window_10_contact.wav,images/umass_tree1_robot_twig2_segment_1_window_10_contact.jpg,twig
audio/umass_tree1_robot_twig2_segment_1_window_11_contact.wav,images/umass_tree1_robot_twig2_segment_1_window_11_contact.jpg,twig
audio/umass_tree1_robot_twig2_segment_1_window_12_contact.wav,images/umass_tree1_robot_twig2_segment_1_window_12_contact.jpg,twig
audio/umass_tree1_robot_twig2_segment_1_window_13_contact.wav,images/umass_tree1_robot_twig2_segment_1_window_13_contact.jpg,twig
audio/umass_tree1_robot_twig2_segment_1_window_14_contact.wav,images/umass_tree1_robot_twig2_segment_1_window_14_contact.jpg,twig
audio/umass_tree1_robot_twig2_segment_1_window_15_contact.wav,images/umass_tree1_robot_twig2_segment_1_window_15_contact.jpg,twig
audio/umass_tree1_robot_twig2_segment_1_window_16_contact.wav,images/umass_tree1_robot_twig2_segment_1_window_16_contact.jpg,twig
audio/umass_tree1_robot_twig2_segment_2_window_0_ambient.wav,images/umass_tree1_robot_twig2_segment_2_window_0_ambient.jpg,ambient
audio/umass_tree1_robot_twig2_segment_2_window_1_ambient.wav,images/umass_tree1_robot_twig2_segment_2_window_1_ambient.jpg,ambient
audio/umass_tree1_robot_twig2_segment_2_window_2_ambient.wav,images/umass_tree1_robot_twig2_segment_2_window_2_ambient.jpg,ambient
audio/umass_tree1_robot_twig2_segment_2_window_3_ambient.wav,images/umass_tree1_robot_twig2_segment_2_window_3_ambient.jpg,ambient
audio/umass_tree1_robot_twig2_segment_2_window_4_ambient.wav,images/umass_tree1_robot_twig2_segment_2_window_4_ambient.jpg,ambient
audio/umass_tree1_robot_twig2_segment_2_window_5_ambient.wav,images/umass_tree1_robot_twig2_segment_2_window_5_ambient.jpg,ambient
audio/umass_tree1_robot_twig2_segment_2_window_6_ambient.wav,images/umass_tree1_robot_twig2_segment_2_window_6_ambient.jpg,ambient
audio/umass_tree1_robot_twig2_segment_2_window_7_ambient.wav,images/umass_tree1_robot_twig2_segment_2_window_7_ambient.jpg,ambient
audio/umass_tree1_robot_twig2_segment_2_window_8_ambient.wav,images/umass_tree1_robot_twig2_segment_2_window_8_ambient.jpg,ambient
audio/umass_tree1_robot_twig2_segment_3_window_0_contact.wav,images/umass_tree1_robot_twig2_segment_3_window_0_contact.jpg,twig
audio/umass_tree1_robot_twig2_segment_3_window_1_contact.wav,images/umass_tree1_robot_twig2_segment_3_window_1_contact.jpg,twig
audio/umass_tree1_robot_twig2_segment_3_window_2_contact.wav,images/umass_tree1_robot_twig2_segment_3_window_2_contact.jpg,twig
audio/umass_tree1_robot_twig2_segment_3_window_3_contact.wav,images/umass_tree1_robot_twig2_segment_3_window_3_contact.jpg,twig
audio/umass_tree1_robot_twig2_segment_3_window_4_contact.wav,images/umass_tree1_robot_twig2_segment_3_window_4_contact.jpg,twig
audio/umass_tree1_robot_twig2_segment_3_window_5_contact.wav,images/umass_tree1_robot_twig2_segment_3_window_5_contact.jpg,twig
audio/umass_tree1_robot_twig2_segment_4_window_0_ambient.wav,images/umass_tree1_robot_twig2_segment_4_window_0_ambient.jpg,ambient
audio/umass_tree1_robot_twig2_segment_4_window_1_ambient.wav,images/umass_tree1_robot_twig2_segment_4_window_1_ambient.jpg,ambient
audio/umass_tree1_robot_twig2_segment_4_window_2_ambient.wav,images/umass_tree1_robot_twig2_segment_4_window_2_ambient.jpg,ambient
audio/umass_tree1_robot_twig2_segment_4_window_3_ambient.wav,images/umass_tree1_robot_twig2_segment_4_window_3_ambient.jpg,ambient
audio/umass_tree1_robot_twig2_segment_4_window_4_ambient.wav,images/umass_tree1_robot_twig2_segment_4_window_4_ambient.jpg,ambient
audio/umass_tree1_robot_twig2_segment_4_window_5_ambient.wav,images/umass_tree1_robot_twig2_segment_4_window_5_ambient.jpg,ambient
audio/umass_tree1_robot_twig2_segment_4_window_6_ambient.wav,images/umass_tree1_robot_twig2_segment_4_window_6_ambient.jpg,ambient
audio/umass_tree1_robot_twig2_segment_4_window_7_ambient.wav,images/umass_tree1_robot_twig2_segment_4_window_7_ambient.jpg,ambient
audio/umass_tree1_robot_twig2_segment_4_window_8_ambient.wav,images/umass_tree1_robot_twig2_segment_4_window_8_ambient.jpg,ambient
audio/umass_tree1_robot_twig2_segment_4_window_9_ambient.wav,images/umass_tree1_robot_twig2_segment_4_window_9_ambient.jpg,ambient
audio/umass_tree1_robot_twig2_segment_4_window_10_ambient.wav,images/umass_tree1_robot_twig2_segment_4_window_10_ambient.jpg,ambient
audio/umass_tree1_robot_twig2_segment_5_window_0_contact.wav,images/umass_tree1_robot_twig2_segment_5_window_0_contact.jpg,twig
audio/umass_tree1_robot_twig2_segment_5_window_1_contact.wav,images/umass_tree1_robot_twig2_segment_5_window_1_contact.jpg,twig
audio/umass_tree1_robot_twig2_segment_5_window_2_contact.wav,images/umass_tree1_robot_twig2_segment_5_window_2_contact.jpg,twig
audio/umass_tree1_robot_twig2_segment_5_window_3_contact.wav,images/umass_tree1_robot_twig2_segment_5_window_3_contact.jpg,twig
audio/umass_tree1_robot_twig2_segment_5_window_4_contact.wav,images/umass_tree1_robot_twig2_segment_5_window_4_contact.jpg,twig
audio/umass_tree1_robot_twig2_segment_5_window_5_contact.wav,images/umass_tree1_robot_twig2_segment_5_window_5_contact.jpg,twig
audio/umass_tree1_robot_twig2_segment_5_window_6_contact.wav,images/umass_tree1_robot_twig2_segment_5_window_6_contact.jpg,twig
audio/umass_tree1_robot_twig2_segment_5_window_7_contact.wav,images/umass_tree1_robot_twig2_segment_5_window_7_contact.jpg,twig
audio/umass_tree1_robot_twig2_segment_5_window_8_contact.wav,images/umass_tree1_robot_twig2_segment_5_window_8_contact.jpg,twig
audio/umass_tree1_robot_twig2_segment_5_window_9_contact.wav,images/umass_tree1_robot_twig2_segment_5_window_9_contact.jpg,twig
audio/umass_tree1_robot_twig2_segment_5_window_10_contact.wav,images/umass_tree1_robot_twig2_segment_5_window_10_contact.jpg,twig
audio/umass_tree1_robot_twig2_segment_5_window_11_contact.wav,images/umass_tree1_robot_twig2_segment_5_window_11_contact.jpg,twig
audio/umass_tree1_robot_twig2_segment_5_window_12_contact.wav,images/umass_tree1_robot_twig2_segment_5_window_12_contact.jpg,twig
audio/umass_tree1_robot_twig2_segment_5_window_13_contact.wav,images/umass_tree1_robot_twig2_segment_5_window_13_contact.jpg,twig
audio/umass_tree1_robot_twig2_segment_5_window_14_contact.wav,images/umass_tree1_robot_twig2_segment_5_window_14_contact.jpg,twig
audio/umass_tree1_robot_twig2_segment_6_window_0_ambient.wav,images/umass_tree1_robot_twig2_segment_6_window_0_ambient.jpg,ambient
audio/umass_tree1_robot_twig2_segment_6_window_1_ambient.wav,images/umass_tree1_robot_twig2_segment_6_window_1_ambient.jpg,ambient
audio/umass_tree1_robot_twig2_segment_6_window_2_ambient.wav,images/umass_tree1_robot_twig2_segment_6_window_2_ambient.jpg,ambient
audio/umass_tree1_robot_twig2_segment_6_window_3_ambient.wav,images/umass_tree1_robot_twig2_segment_6_window_3_ambient.jpg,ambient
audio/umass_tree1_robot_twig2_segment_6_window_4_ambient.wav,images/umass_tree1_robot_twig2_segment_6_window_4_ambient.jpg,ambient
audio/umass_tree1_robot_twig2_segment_6_window_5_ambient.wav,images/umass_tree1_robot_twig2_segment_6_window_5_ambient.jpg,ambient
audio/umass_tree1_robot_twig2_segment_6_window_6_ambient.wav,images/umass_tree1_robot_twig2_segment_6_window_6_ambient.jpg,ambient
audio/umass_tree1_robot_twig2_segment_6_window_7_ambient.wav,images/umass_tree1_robot_twig2_segment_6_window_7_ambient.jpg,ambient
audio/umass_tree1_robot_twig2_segment_6_window_8_ambient.wav,images/umass_tree1_robot_twig2_segment_6_window_8_ambient.jpg,ambient
audio/umass_tree1_robot_twig2_segment_7_window_0_contact.wav,images/umass_tree1_robot_twig2_segment_7_window_0_contact.jpg,twig
audio/umass_tree1_robot_twig2_segment_7_window_1_contact.wav,images/umass_tree1_robot_twig2_segment_7_window_1_contact.jpg,twig
audio/umass_tree1_robot_twig2_segment_7_window_2_contact.wav,images/umass_tree1_robot_twig2_segment_7_window_2_contact.jpg,twig
audio/umass_tree1_robot_twig2_segment_7_window_3_contact.wav,images/umass_tree1_robot_twig2_segment_7_window_3_contact.jpg,twig
audio/umass_tree1_robot_twig2_segment_7_window_4_contact.wav,images/umass_tree1_robot_twig2_segment_7_window_4_contact.jpg,twig
audio/umass_tree1_robot_twig2_segment_7_window_5_contact.wav,images/umass_tree1_robot_twig2_segment_7_window_5_contact.jpg,twig
audio/umass_tree1_robot_twig2_segment_7_window_6_contact.wav,images/umass_tree1_robot_twig2_segment_7_window_6_contact.jpg,twig
audio/umass_tree1_robot_twig2_segment_7_window_7_contact.wav,images/umass_tree1_robot_twig2_segment_7_window_7_contact.jpg,twig
audio/umass_tree1_robot_twig2_segment_7_window_8_contact.wav,images/umass_tree1_robot_twig2_segment_7_window_8_contact.jpg,twig
audio/umass_tree1_robot_twig2_segment_7_window_9_contact.wav,images/umass_tree1_robot_twig2_segment_7_window_9_contact.jpg,twig
audio/umass_tree1_robot_twig2_segment_7_window_10_contact.wav,images/umass_tree1_robot_twig2_segment_7_window_10_contact.jpg,twig
audio/umass_tree1_robot_split_1_new_trunk_segment_0_window_0_ambient.wav,images/umass_tree1_robot_split_1_new_trunk_segment_0_window_0_ambient.jpg,ambient
audio/umass_tree1_robot_split_1_new_trunk_segment_0_window_1_ambient.wav,images/umass_tree1_robot_split_1_new_trunk_segment_0_window_1_ambient.jpg,ambient
audio/umass_tree1_robot_split_1_new_trunk_segment_0_window_2_ambient.wav,images/umass_tree1_robot_split_1_new_trunk_segment_0_window_2_ambient.jpg,ambient
audio/umass_tree1_robot_split_1_new_trunk_segment_0_window_3_ambient.wav,images/umass_tree1_robot_split_1_new_trunk_segment_0_window_3_ambient.jpg,ambient
audio/umass_tree1_robot_split_1_new_trunk_segment_0_window_4_ambient.wav,images/umass_tree1_robot_split_1_new_trunk_segment_0_window_4_ambient.jpg,ambient
audio/umass_tree1_robot_split_1_new_trunk_segment_0_window_5_ambient.wav,images/umass_tree1_robot_split_1_new_trunk_segment_0_window_5_ambient.jpg,ambient
audio/umass_tree1_robot_split_1_new_trunk_segment_0_window_6_ambient.wav,images/umass_tree1_robot_split_1_new_trunk_segment_0_window_6_ambient.jpg,ambient
audio/umass_tree1_robot_split_1_new_trunk_segment_0_window_7_ambient.wav,images/umass_tree1_robot_split_1_new_trunk_segment_0_window_7_ambient.jpg,ambient
audio/umass_tree1_robot_split_1_new_trunk_segment_0_window_8_ambient.wav,images/umass_tree1_robot_split_1_new_trunk_segment_0_window_8_ambient.jpg,ambient
audio/umass_tree1_robot_split_1_new_trunk_segment_1_window_0_contact.wav,images/umass_tree1_robot_split_1_new_trunk_segment_1_window_0_contact.jpg,trunk
audio/umass_tree1_robot_split_1_new_trunk_segment_1_window_1_contact.wav,images/umass_tree1_robot_split_1_new_trunk_segment_1_window_1_contact.jpg,trunk
audio/umass_tree1_robot_split_1_new_trunk_segment_1_window_2_contact.wav,images/umass_tree1_robot_split_1_new_trunk_segment_1_window_2_contact.jpg,trunk
audio/umass_tree1_robot_split_1_new_trunk_segment_1_window_3_contact.wav,images/umass_tree1_robot_split_1_new_trunk_segment_1_window_3_contact.jpg,trunk
audio/umass_tree1_robot_split_1_new_trunk_segment_2_window_0_ambient.wav,images/umass_tree1_robot_split_1_new_trunk_segment_2_window_0_ambient.jpg,ambient
audio/umass_tree1_robot_split_1_new_trunk_segment_2_window_1_ambient.wav,images/umass_tree1_robot_split_1_new_trunk_segment_2_window_1_ambient.jpg,ambient
audio/umass_tree1_robot_split_1_new_trunk_segment_2_window_2_ambient.wav,images/umass_tree1_robot_split_1_new_trunk_segment_2_window_2_ambient.jpg,ambient
audio/umass_tree1_robot_split_1_new_trunk_segment_2_window_3_ambient.wav,images/umass_tree1_robot_split_1_new_trunk_segment_2_window_3_ambient.jpg,ambient
audio/umass_tree1_robot_split_1_new_trunk_segment_2_window_4_ambient.wav,images/umass_tree1_robot_split_1_new_trunk_segment_2_window_4_ambient.jpg,ambient
audio/umass_tree1_robot_split_1_new_trunk_segment_2_window_5_ambient.wav,images/umass_tree1_robot_split_1_new_trunk_segment_2_window_5_ambient.jpg,ambient
audio/umass_tree1_robot_split_1_new_trunk_segment_3_window_0_contact.wav,images/umass_tree1_robot_split_1_new_trunk_segment_3_window_0_contact.jpg,trunk
audio/umass_tree1_robot_split_1_new_trunk_segment_3_window_1_contact.wav,images/umass_tree1_robot_split_1_new_trunk_segment_3_window_1_contact.jpg,trunk
audio/umass_tree1_robot_split_1_new_trunk_segment_3_window_2_contact.wav,images/umass_tree1_robot_split_1_new_trunk_segment_3_window_2_contact.jpg,trunk
audio/umass_tree1_robot_split_1_new_trunk_segment_3_window_3_contact.wav,images/umass_tree1_robot_split_1_new_trunk_segment_3_window_3_contact.jpg,trunk
audio/umass_tree1_robot_split_1_new_trunk_segment_3_window_4_contact.wav,images/umass_tree1_robot_split_1_new_trunk_segment_3_window_4_contact.jpg,trunk
audio/umass_tree1_robot_split_1_new_trunk_segment_3_window_5_contact.wav,images/umass_tree1_robot_split_1_new_trunk_segment_3_window_5_contact.jpg,trunk
audio/umass_tree1_robot_split_1_new_trunk_segment_3_window_6_contact.wav,images/umass_tree1_robot_split_1_new_trunk_segment_3_window_6_contact.jpg,trunk
audio/umass_tree1_robot_split_1_new_trunk_segment_3_window_7_contact.wav,images/umass_tree1_robot_split_1_new_trunk_segment_3_window_7_contact.jpg,trunk
audio/umass_tree1_robot_split_1_new_trunk_segment_3_window_8_contact.wav,images/umass_tree1_robot_split_1_new_trunk_segment_3_window_8_contact.jpg,trunk
audio/umass_tree1_robot_split_1_new_trunk_segment_3_window_9_contact.wav,images/umass_tree1_robot_split_1_new_trunk_segment_3_window_9_contact.jpg,trunk
audio/umass_tree1_robot_split_1_new_trunk_segment_3_window_10_contact.wav,images/umass_tree1_robot_split_1_new_trunk_segment_3_window_10_contact.jpg,trunk
audio/umass_tree1_robot_split_1_new_trunk_segment_3_window_11_contact.wav,images/umass_tree1_robot_split_1_new_trunk_segment_3_window_11_contact.jpg,trunk
audio/umass_tree6_robot_trunk2_segment_0_window_0_ambient.wav,images/umass_tree6_robot_trunk2_segment_0_window_0_ambient.jpg,ambient
audio/umass_tree6_robot_trunk2_segment_0_window_1_ambient.wav,images/umass_tree6_robot_trunk2_segment_0_window_1_ambient.jpg,ambient
audio/umass_tree6_robot_trunk2_segment_0_window_2_ambient.wav,images/umass_tree6_robot_trunk2_segment_0_window_2_ambient.jpg,ambient
audio/umass_tree6_robot_trunk2_segment_0_window_3_ambient.wav,images/umass_tree6_robot_trunk2_segment_0_window_3_ambient.jpg,ambient
audio/umass_tree6_robot_trunk2_segment_0_window_4_ambient.wav,images/umass_tree6_robot_trunk2_segment_0_window_4_ambient.jpg,ambient
audio/umass_tree6_robot_trunk2_segment_0_window_5_ambient.wav,images/umass_tree6_robot_trunk2_segment_0_window_5_ambient.jpg,ambient
audio/umass_tree6_robot_trunk2_segment_0_window_6_ambient.wav,images/umass_tree6_robot_trunk2_segment_0_window_6_ambient.jpg,ambient
audio/umass_tree6_robot_trunk2_segment_0_window_7_ambient.wav,images/umass_tree6_robot_trunk2_segment_0_window_7_ambient.jpg,ambient
audio/umass_tree6_robot_trunk2_segment_0_window_8_ambient.wav,images/umass_tree6_robot_trunk2_segment_0_window_8_ambient.jpg,ambient
audio/umass_tree6_robot_trunk2_segment_0_window_9_ambient.wav,images/umass_tree6_robot_trunk2_segment_0_window_9_ambient.jpg,ambient
audio/umass_tree6_robot_trunk2_segment_0_window_10_ambient.wav,images/umass_tree6_robot_trunk2_segment_0_window_10_ambient.jpg,ambient
audio/umass_tree6_robot_trunk2_segment_0_window_11_ambient.wav,images/umass_tree6_robot_trunk2_segment_0_window_11_ambient.jpg,ambient
audio/umass_tree6_robot_trunk2_segment_0_window_12_ambient.wav,images/umass_tree6_robot_trunk2_segment_0_window_12_ambient.jpg,ambient
audio/umass_tree6_robot_trunk2_segment_0_window_13_ambient.wav,images/umass_tree6_robot_trunk2_segment_0_window_13_ambient.jpg,ambient
audio/umass_tree6_robot_trunk2_segment_0_window_14_ambient.wav,images/umass_tree6_robot_trunk2_segment_0_window_14_ambient.jpg,ambient
audio/umass_tree6_robot_trunk2_segment_0_window_15_ambient.wav,images/umass_tree6_robot_trunk2_segment_0_window_15_ambient.jpg,ambient
audio/umass_tree6_robot_trunk2_segment_0_window_16_ambient.wav,images/umass_tree6_robot_trunk2_segment_0_window_16_ambient.jpg,ambient
audio/umass_tree6_robot_trunk2_segment_0_window_17_ambient.wav,images/umass_tree6_robot_trunk2_segment_0_window_17_ambient.jpg,ambient
audio/umass_tree6_robot_trunk2_segment_0_window_18_ambient.wav,images/umass_tree6_robot_trunk2_segment_0_window_18_ambient.jpg,ambient
audio/umass_tree6_robot_trunk2_segment_0_window_19_ambient.wav,images/umass_tree6_robot_trunk2_segment_0_window_19_ambient.jpg,ambient
audio/umass_tree6_robot_trunk2_segment_0_window_20_ambient.wav,images/umass_tree6_robot_trunk2_segment_0_window_20_ambient.jpg,ambient
audio/umass_tree6_robot_trunk2_segment_0_window_21_ambient.wav,images/umass_tree6_robot_trunk2_segment_0_window_21_ambient.jpg,ambient
audio/umass_tree6_robot_trunk2_segment_0_window_22_ambient.wav,images/umass_tree6_robot_trunk2_segment_0_window_22_ambient.jpg,ambient
audio/umass_tree6_robot_trunk2_segment_0_window_23_ambient.wav,images/umass_tree6_robot_trunk2_segment_0_window_23_ambient.jpg,ambient
audio/umass_tree6_robot_trunk2_segment_0_window_24_ambient.wav,images/umass_tree6_robot_trunk2_segment_0_window_24_ambient.jpg,ambient
audio/umass_tree6_robot_trunk2_segment_0_window_25_ambient.wav,images/umass_tree6_robot_trunk2_segment_0_window_25_ambient.jpg,ambient
audio/umass_tree6_robot_trunk2_segment_0_window_26_ambient.wav,images/umass_tree6_robot_trunk2_segment_0_window_26_ambient.jpg,ambient
audio/umass_tree6_robot_trunk2_segment_0_window_27_ambient.wav,images/umass_tree6_robot_trunk2_segment_0_window_27_ambient.jpg,ambient
audio/umass_tree6_robot_trunk2_segment_0_window_28_ambient.wav,images/umass_tree6_robot_trunk2_segment_0_window_28_ambient.jpg,ambient
audio/umass_tree6_robot_trunk2_segment_1_window_0_contact.wav,images/umass_tree6_robot_trunk2_segment_1_window_0_contact.jpg,trunk
audio/umass_tree6_robot_trunk2_segment_1_window_1_contact.wav,images/umass_tree6_robot_trunk2_segment_1_window_1_contact.jpg,trunk
audio/umass_tree6_robot_trunk2_segment_1_window_2_contact.wav,images/umass_tree6_robot_trunk2_segment_1_window_2_contact.jpg,trunk
audio/umass_tree6_robot_trunk2_segment_1_window_3_contact.wav,images/umass_tree6_robot_trunk2_segment_1_window_3_contact.jpg,trunk
audio/umass_tree6_robot_trunk2_segment_1_window_4_contact.wav,images/umass_tree6_robot_trunk2_segment_1_window_4_contact.jpg,trunk
audio/umass_tree6_robot_trunk2_segment_1_window_5_contact.wav,images/umass_tree6_robot_trunk2_segment_1_window_5_contact.jpg,trunk
audio/umass_tree6_robot_trunk2_segment_2_window_0_ambient.wav,images/umass_tree6_robot_trunk2_segment_2_window_0_ambient.jpg,ambient
audio/umass_tree6_robot_trunk2_segment_2_window_1_ambient.wav,images/umass_tree6_robot_trunk2_segment_2_window_1_ambient.jpg,ambient
audio/umass_tree6_robot_trunk2_segment_2_window_2_ambient.wav,images/umass_tree6_robot_trunk2_segment_2_window_2_ambient.jpg,ambient
audio/umass_tree6_robot_trunk2_segment_3_window_0_contact.wav,images/umass_tree6_robot_trunk2_segment_3_window_0_contact.jpg,trunk
audio/umass_tree6_robot_trunk2_segment_3_window_1_contact.wav,images/umass_tree6_robot_trunk2_segment_3_window_1_contact.jpg,trunk
audio/umass_tree6_robot_trunk2_segment_3_window_2_contact.wav,images/umass_tree6_robot_trunk2_segment_3_window_2_contact.jpg,trunk
audio/umass_tree6_robot_trunk2_segment_4_window_0_ambient.wav,images/umass_tree6_robot_trunk2_segment_4_window_0_ambient.jpg,ambient
audio/umass_tree6_robot_trunk2_segment_4_window_1_ambient.wav,images/umass_tree6_robot_trunk2_segment_4_window_1_ambient.jpg,ambient
audio/umass_tree6_robot_trunk2_segment_4_window_2_ambient.wav,images/umass_tree6_robot_trunk2_segment_4_window_2_ambient.jpg,ambient
audio/umass_tree6_robot_trunk2_segment_4_window_3_ambient.wav,images/umass_tree6_robot_trunk2_segment_4_window_3_ambient.jpg,ambient
audio/umass_tree6_robot_trunk2_segment_4_window_4_ambient.wav,images/umass_tree6_robot_trunk2_segment_4_window_4_ambient.jpg,ambient
audio/umass_tree6_robot_trunk2_segment_4_window_5_ambient.wav,images/umass_tree6_robot_trunk2_segment_4_window_5_ambient.jpg,ambient
audio/umass_tree6_robot_trunk2_segment_4_window_6_ambient.wav,images/umass_tree6_robot_trunk2_segment_4_window_6_ambient.jpg,ambient
audio/umass_tree6_robot_trunk2_segment_4_window_7_ambient.wav,images/umass_tree6_robot_trunk2_segment_4_window_7_ambient.jpg,ambient
audio/umass_tree6_robot_trunk2_segment_4_window_8_ambient.wav,images/umass_tree6_robot_trunk2_segment_4_window_8_ambient.jpg,ambient
audio/umass_tree6_robot_trunk2_segment_4_window_9_ambient.wav,images/umass_tree6_robot_trunk2_segment_4_window_9_ambient.jpg,ambient
audio/umass_tree6_robot_trunk2_segment_5_window_0_ambient.wav,images/umass_tree6_robot_trunk2_segment_5_window_0_ambient.jpg,ambient
audio/umass_tree6_robot_trunk2_segment_5_window_1_ambient.wav,images/umass_tree6_robot_trunk2_segment_5_window_1_ambient.jpg,ambient
audio/umass_tree6_robot_trunk2_segment_5_window_2_ambient.wav,images/umass_tree6_robot_trunk2_segment_5_window_2_ambient.jpg,ambient
audio/umass_tree6_robot_trunk2_segment_5_window_3_ambient.wav,images/umass_tree6_robot_trunk2_segment_5_window_3_ambient.jpg,ambient
audio/umass_tree6_robot_trunk2_segment_5_window_4_ambient.wav,images/umass_tree6_robot_trunk2_segment_5_window_4_ambient.jpg,ambient
audio/umass_tree6_robot_trunk2_segment_5_window_5_ambient.wav,images/umass_tree6_robot_trunk2_segment_5_window_5_ambient.jpg,ambient
audio/umass_tree6_robot_trunk2_segment_5_window_6_ambient.wav,images/umass_tree6_robot_trunk2_segment_5_window_6_ambient.jpg,ambient
audio/umass_tree6_robot_trunk2_segment_5_window_7_ambient.wav,images/umass_tree6_robot_trunk2_segment_5_window_7_ambient.jpg,ambient
audio/umass_tree6_robot_trunk2_segment_5_window_8_ambient.wav,images/umass_tree6_robot_trunk2_segment_5_window_8_ambient.jpg,ambient
audio/umass_tree6_robot_trunk2_segment_5_window_9_ambient.wav,images/umass_tree6_robot_trunk2_segment_5_window_9_ambient.jpg,ambient
audio/umass_tree6_robot_trunk2_segment_5_window_10_ambient.wav,images/umass_tree6_robot_trunk2_segment_5_window_10_ambient.jpg,ambient
audio/umass_tree6_robot_trunk2_segment_5_window_11_ambient.wav,images/umass_tree6_robot_trunk2_segment_5_window_11_ambient.jpg,ambient
audio/umass_tree6_robot_trunk2_segment_5_window_12_ambient.wav,images/umass_tree6_robot_trunk2_segment_5_window_12_ambient.jpg,ambient
audio/umass_tree6_robot_trunk2_segment_5_window_13_ambient.wav,images/umass_tree6_robot_trunk2_segment_5_window_13_ambient.jpg,ambient
audio/umass_tree6_robot_trunk2_segment_5_window_14_ambient.wav,images/umass_tree6_robot_trunk2_segment_5_window_14_ambient.jpg,ambient
audio/umass_tree6_robot_trunk2_segment_5_window_15_ambient.wav,images/umass_tree6_robot_trunk2_segment_5_window_15_ambient.jpg,ambient
audio/umass_tree6_robot_trunk2_segment_5_window_16_ambient.wav,images/umass_tree6_robot_trunk2_segment_5_window_16_ambient.jpg,ambient
audio/umass_tree6_robot_trunk2_segment_5_window_17_ambient.wav,images/umass_tree6_robot_trunk2_segment_5_window_17_ambient.jpg,ambient
audio/umass_tree6_robot_trunk2_segment_5_window_18_ambient.wav,images/umass_tree6_robot_trunk2_segment_5_window_18_ambient.jpg,ambient
audio/umass_tree6_robot_trunk2_segment_5_window_19_ambient.wav,images/umass_tree6_robot_trunk2_segment_5_window_19_ambient.jpg,ambient
audio/umass_tree6_robot_trunk2_segment_5_window_20_ambient.wav,images/umass_tree6_robot_trunk2_segment_5_window_20_ambient.jpg,ambient
audio/umass_tree6_robot_trunk2_segment_6_window_0_contact.wav,images/umass_tree6_robot_trunk2_segment_6_window_0_contact.jpg,trunk
audio/umass_tree6_robot_trunk2_segment_6_window_1_contact.wav,images/umass_tree6_robot_trunk2_segment_6_window_1_contact.jpg,trunk
audio/umass_tree6_robot_trunk2_segment_6_window_2_contact.wav,images/umass_tree6_robot_trunk2_segment_6_window_2_contact.jpg,trunk
audio/umass_tree6_robot_trunk2_segment_6_window_3_contact.wav,images/umass_tree6_robot_trunk2_segment_6_window_3_contact.jpg,trunk
audio/umass_tree6_robot_trunk2_segment_6_window_4_contact.wav,images/umass_tree6_robot_trunk2_segment_6_window_4_contact.jpg,trunk
audio/umass_tree6_robot_trunk2_segment_6_window_5_contact.wav,images/umass_tree6_robot_trunk2_segment_6_window_5_contact.jpg,trunk
audio/umass_tree6_robot_trunk2_segment_6_window_6_contact.wav,images/umass_tree6_robot_trunk2_segment_6_window_6_contact.jpg,trunk
audio/umass_tree6_robot_trunk2_segment_6_window_7_contact.wav,images/umass_tree6_robot_trunk2_segment_6_window_7_contact.jpg,trunk
audio/umass_tree6_robot_trunk2_segment_6_window_8_contact.wav,images/umass_tree6_robot_trunk2_segment_6_window_8_contact.jpg,trunk
audio/umass_tree6_robot_trunk2_segment_6_window_9_contact.wav,images/umass_tree6_robot_trunk2_segment_6_window_9_contact.jpg,trunk
audio/umass_tree7_robot_twig2_segment_0_window_0_ambient.wav,images/umass_tree7_robot_twig2_segment_0_window_0_ambient.jpg,ambient
audio/umass_tree7_robot_twig2_segment_0_window_1_ambient.wav,images/umass_tree7_robot_twig2_segment_0_window_1_ambient.jpg,ambient
audio/umass_tree7_robot_twig2_segment_0_window_2_ambient.wav,images/umass_tree7_robot_twig2_segment_0_window_2_ambient.jpg,ambient
audio/umass_tree7_robot_twig2_segment_0_window_3_ambient.wav,images/umass_tree7_robot_twig2_segment_0_window_3_ambient.jpg,ambient
audio/umass_tree7_robot_twig2_segment_0_window_4_ambient.wav,images/umass_tree7_robot_twig2_segment_0_window_4_ambient.jpg,ambient
audio/umass_tree7_robot_twig2_segment_0_window_5_ambient.wav,images/umass_tree7_robot_twig2_segment_0_window_5_ambient.jpg,ambient
audio/umass_tree7_robot_twig2_segment_0_window_6_ambient.wav,images/umass_tree7_robot_twig2_segment_0_window_6_ambient.jpg,ambient
audio/umass_tree7_robot_twig2_segment_0_window_7_ambient.wav,images/umass_tree7_robot_twig2_segment_0_window_7_ambient.jpg,ambient
audio/umass_tree7_robot_twig2_segment_1_window_0_ambient.wav,images/umass_tree7_robot_twig2_segment_1_window_0_ambient.jpg,ambient
audio/umass_tree7_robot_twig2_segment_1_window_1_ambient.wav,images/umass_tree7_robot_twig2_segment_1_window_1_ambient.jpg,ambient
audio/umass_tree7_robot_twig2_segment_1_window_2_ambient.wav,images/umass_tree7_robot_twig2_segment_1_window_2_ambient.jpg,ambient
audio/umass_tree7_robot_twig2_segment_1_window_3_ambient.wav,images/umass_tree7_robot_twig2_segment_1_window_3_ambient.jpg,ambient
audio/umass_tree7_robot_twig2_segment_1_window_4_ambient.wav,images/umass_tree7_robot_twig2_segment_1_window_4_ambient.jpg,ambient
audio/umass_tree7_robot_twig2_segment_1_window_5_ambient.wav,images/umass_tree7_robot_twig2_segment_1_window_5_ambient.jpg,ambient
audio/umass_tree7_robot_twig2_segment_1_window_6_ambient.wav,images/umass_tree7_robot_twig2_segment_1_window_6_ambient.jpg,ambient
audio/umass_tree7_robot_twig2_segment_1_window_7_ambient.wav,images/umass_tree7_robot_twig2_segment_1_window_7_ambient.jpg,ambient
audio/umass_tree7_robot_twig2_segment_1_window_8_ambient.wav,images/umass_tree7_robot_twig2_segment_1_window_8_ambient.jpg,ambient
audio/umass_tree7_robot_twig2_segment_2_window_0_contact.wav,images/umass_tree7_robot_twig2_segment_2_window_0_contact.jpg,twig
audio/umass_tree7_robot_twig2_segment_2_window_1_contact.wav,images/umass_tree7_robot_twig2_segment_2_window_1_contact.jpg,twig
audio/umass_tree7_robot_twig2_segment_2_window_2_contact.wav,images/umass_tree7_robot_twig2_segment_2_window_2_contact.jpg,twig
audio/umass_tree7_robot_twig2_segment_2_window_3_contact.wav,images/umass_tree7_robot_twig2_segment_2_window_3_contact.jpg,twig
audio/umass_tree7_robot_twig2_segment_2_window_4_contact.wav,images/umass_tree7_robot_twig2_segment_2_window_4_contact.jpg,twig
audio/umass_tree7_robot_twig2_segment_2_window_5_contact.wav,images/umass_tree7_robot_twig2_segment_2_window_5_contact.jpg,twig
audio/umass_tree7_robot_twig2_segment_3_window_0_ambient.wav,images/umass_tree7_robot_twig2_segment_3_window_0_ambient.jpg,ambient
audio/umass_tree7_robot_twig2_segment_3_window_1_ambient.wav,images/umass_tree7_robot_twig2_segment_3_window_1_ambient.jpg,ambient
audio/umass_tree7_robot_twig2_segment_3_window_2_ambient.wav,images/umass_tree7_robot_twig2_segment_3_window_2_ambient.jpg,ambient
audio/umass_tree7_robot_twig2_segment_4_window_0_ambient.wav,images/umass_tree7_robot_twig2_segment_4_window_0_ambient.jpg,ambient
audio/umass_tree7_robot_twig2_segment_4_window_1_ambient.wav,images/umass_tree7_robot_twig2_segment_4_window_1_ambient.jpg,ambient
audio/umass_tree7_robot_twig2_segment_4_window_2_ambient.wav,images/umass_tree7_robot_twig2_segment_4_window_2_ambient.jpg,ambient
audio/umass_tree7_robot_twig2_segment_4_window_3_ambient.wav,images/umass_tree7_robot_twig2_segment_4_window_3_ambient.jpg,ambient
audio/umass_tree7_robot_twig2_segment_4_window_4_ambient.wav,images/umass_tree7_robot_twig2_segment_4_window_4_ambient.jpg,ambient
audio/umass_tree7_robot_twig2_segment_4_window_5_ambient.wav,images/umass_tree7_robot_twig2_segment_4_window_5_ambient.jpg,ambient
audio/umass_tree7_robot_twig2_segment_4_window_6_ambient.wav,images/umass_tree7_robot_twig2_segment_4_window_6_ambient.jpg,ambient
audio/umass_tree7_robot_twig2_segment_4_window_7_ambient.wav,images/umass_tree7_robot_twig2_segment_4_window_7_ambient.jpg,ambient
audio/umass_tree7_robot_twig2_segment_4_window_8_ambient.wav,images/umass_tree7_robot_twig2_segment_4_window_8_ambient.jpg,ambient
audio/umass_tree7_robot_twig2_segment_4_window_9_ambient.wav,images/umass_tree7_robot_twig2_segment_4_window_9_ambient.jpg,ambient
audio/umass_tree7_robot_twig2_segment_4_window_10_ambient.wav,images/umass_tree7_robot_twig2_segment_4_window_10_ambient.jpg,ambient
audio/umass_tree7_robot_twig2_segment_4_window_11_ambient.wav,images/umass_tree7_robot_twig2_segment_4_window_11_ambient.jpg,ambient
audio/umass_tree7_robot_twig2_segment_4_window_12_ambient.wav,images/umass_tree7_robot_twig2_segment_4_window_12_ambient.jpg,ambient
audio/umass_tree7_robot_twig2_segment_4_window_13_ambient.wav,images/umass_tree7_robot_twig2_segment_4_window_13_ambient.jpg,ambient
audio/umass_tree1_robot_trunk1_segment_0_window_0_ambient.wav,images/umass_tree1_robot_trunk1_segment_0_window_0_ambient.jpg,ambient
audio/umass_tree1_robot_trunk1_segment_0_window_1_ambient.wav,images/umass_tree1_robot_trunk1_segment_0_window_1_ambient.jpg,ambient
audio/umass_tree1_robot_trunk1_segment_0_window_2_ambient.wav,images/umass_tree1_robot_trunk1_segment_0_window_2_ambient.jpg,ambient
audio/umass_tree1_robot_trunk1_segment_1_window_0_ambient.wav,images/umass_tree1_robot_trunk1_segment_1_window_0_ambient.jpg,ambient
audio/umass_tree1_robot_trunk1_segment_1_window_1_ambient.wav,images/umass_tree1_robot_trunk1_segment_1_window_1_ambient.jpg,ambient
audio/umass_tree1_robot_trunk1_segment_1_window_2_ambient.wav,images/umass_tree1_robot_trunk1_segment_1_window_2_ambient.jpg,ambient
audio/umass_tree1_robot_trunk1_segment_2_window_0_contact.wav,images/umass_tree1_robot_trunk1_segment_2_window_0_contact.jpg,trunk
audio/umass_tree1_robot_trunk1_segment_3_window_0_ambient.wav,images/umass_tree1_robot_trunk1_segment_3_window_0_ambient.jpg,ambient
audio/umass_tree1_robot_trunk1_segment_3_window_1_ambient.wav,images/umass_tree1_robot_trunk1_segment_3_window_1_ambient.jpg,ambient
audio/umass_tree1_robot_trunk1_segment_3_window_2_ambient.wav,images/umass_tree1_robot_trunk1_segment_3_window_2_ambient.jpg,ambient
audio/umass_tree1_robot_trunk1_segment_3_window_3_ambient.wav,images/umass_tree1_robot_trunk1_segment_3_window_3_ambient.jpg,ambient
audio/umass_tree1_robot_trunk1_segment_3_window_4_ambient.wav,images/umass_tree1_robot_trunk1_segment_3_window_4_ambient.jpg,ambient
audio/umass_tree1_robot_trunk1_segment_3_window_5_ambient.wav,images/umass_tree1_robot_trunk1_segment_3_window_5_ambient.jpg,ambient
audio/umass_tree1_robot_trunk1_segment_3_window_6_ambient.wav,images/umass_tree1_robot_trunk1_segment_3_window_6_ambient.jpg,ambient
audio/umass_tree1_robot_trunk1_segment_3_window_7_ambient.wav,images/umass_tree1_robot_trunk1_segment_3_window_7_ambient.jpg,ambient
audio/umass_tree1_robot_trunk1_segment_3_window_8_ambient.wav,images/umass_tree1_robot_trunk1_segment_3_window_8_ambient.jpg,ambient
audio/umass_tree1_robot_trunk1_segment_3_window_9_ambient.wav,images/umass_tree1_robot_trunk1_segment_3_window_9_ambient.jpg,ambient
audio/umass_tree1_robot_trunk1_segment_3_window_10_ambient.wav,images/umass_tree1_robot_trunk1_segment_3_window_10_ambient.jpg,ambient
audio/umass_tree1_robot_trunk1_segment_4_window_0_contact.wav,images/umass_tree1_robot_trunk1_segment_4_window_0_contact.jpg,trunk
audio/umass_tree1_robot_trunk1_segment_4_window_1_contact.wav,images/umass_tree1_robot_trunk1_segment_4_window_1_contact.jpg,trunk
audio/umass_tree1_robot_trunk1_segment_4_window_2_contact.wav,images/umass_tree1_robot_trunk1_segment_4_window_2_contact.jpg,trunk
audio/umass_tree1_robot_trunk1_segment_4_window_3_contact.wav,images/umass_tree1_robot_trunk1_segment_4_window_3_contact.jpg,trunk
audio/umass_tree1_robot_trunk1_segment_5_window_0_contact.wav,images/umass_tree1_robot_trunk1_segment_5_window_0_contact.jpg,trunk
audio/umass_tree1_robot_trunk1_segment_5_window_1_contact.wav,images/umass_tree1_robot_trunk1_segment_5_window_1_contact.jpg,trunk
audio/umass_tree1_robot_trunk1_segment_5_window_2_contact.wav,images/umass_tree1_robot_trunk1_segment_5_window_2_contact.jpg,trunk
audio/umass_tree1_robot_trunk1_segment_5_window_3_contact.wav,images/umass_tree1_robot_trunk1_segment_5_window_3_contact.jpg,trunk
audio/umass_tree1_robot_trunk1_segment_5_window_4_contact.wav,images/umass_tree1_robot_trunk1_segment_5_window_4_contact.jpg,trunk
audio/umass_tree1_robot_trunk1_segment_5_window_5_contact.wav,images/umass_tree1_robot_trunk1_segment_5_window_5_contact.jpg,trunk
audio/umass_tree1_robot_trunk1_segment_5_window_6_contact.wav,images/umass_tree1_robot_trunk1_segment_5_window_6_contact.jpg,trunk
audio/umass_tree1_robot_trunk1_segment_5_window_7_contact.wav,images/umass_tree1_robot_trunk1_segment_5_window_7_contact.jpg,trunk
audio/umass_tree1_robot_trunk1_segment_5_window_8_contact.wav,images/umass_tree1_robot_trunk1_segment_5_window_8_contact.jpg,trunk
audio/umass_tree1_robot_trunk1_segment_5_window_9_contact.wav,images/umass_tree1_robot_trunk1_segment_5_window_9_contact.jpg,trunk
audio/umass_tree1_robot_trunk1_segment_5_window_10_contact.wav,images/umass_tree1_robot_trunk1_segment_5_window_10_contact.jpg,trunk
audio/umass_tree1_robot_trunk1_segment_5_window_11_contact.wav,images/umass_tree1_robot_trunk1_segment_5_window_11_contact.jpg,trunk
audio/umass_tree1_robot_trunk1_segment_5_window_12_contact.wav,images/umass_tree1_robot_trunk1_segment_5_window_12_contact.jpg,trunk
audio/umass_tree1_robot_trunk1_segment_5_window_13_contact.wav,images/umass_tree1_robot_trunk1_segment_5_window_13_contact.jpg,trunk
audio/umass_tree1_robot_trunk1_segment_5_window_14_contact.wav,images/umass_tree1_robot_trunk1_segment_5_window_14_contact.jpg,trunk
audio/umass_tree1_robot_trunk1_segment_5_window_15_contact.wav,images/umass_tree1_robot_trunk1_segment_5_window_15_contact.jpg,trunk
audio/umass_tree1_robot_trunk1_segment_5_window_16_contact.wav,images/umass_tree1_robot_trunk1_segment_5_window_16_contact.jpg,trunk
audio/umass_tree1_robot_trunk1_segment_5_window_17_contact.wav,images/umass_tree1_robot_trunk1_segment_5_window_17_contact.jpg,trunk
audio/umass_tree1_robot_trunk1_segment_5_window_18_contact.wav,images/umass_tree1_robot_trunk1_segment_5_window_18_contact.jpg,trunk
audio/umass_tree1_robot_trunk1_segment_5_window_19_contact.wav,images/umass_tree1_robot_trunk1_segment_5_window_19_contact.jpg,trunk
audio/umass_tree4_robot_trunk1_segment_0_window_0_ambient.wav,images/umass_tree4_robot_trunk1_segment_0_window_0_ambient.jpg,ambient
audio/umass_tree4_robot_trunk1_segment_0_window_1_ambient.wav,images/umass_tree4_robot_trunk1_segment_0_window_1_ambient.jpg,ambient
audio/umass_tree4_robot_trunk1_segment_0_window_2_ambient.wav,images/umass_tree4_robot_trunk1_segment_0_window_2_ambient.jpg,ambient
audio/umass_tree4_robot_trunk1_segment_0_window_3_ambient.wav,images/umass_tree4_robot_trunk1_segment_0_window_3_ambient.jpg,ambient
audio/umass_tree4_robot_trunk1_segment_0_window_4_ambient.wav,images/umass_tree4_robot_trunk1_segment_0_window_4_ambient.jpg,ambient
audio/umass_tree4_robot_trunk1_segment_0_window_5_ambient.wav,images/umass_tree4_robot_trunk1_segment_0_window_5_ambient.jpg,ambient
audio/umass_tree4_robot_trunk1_segment_0_window_6_ambient.wav,images/umass_tree4_robot_trunk1_segment_0_window_6_ambient.jpg,ambient
audio/umass_tree4_robot_trunk1_segment_0_window_7_ambient.wav,images/umass_tree4_robot_trunk1_segment_0_window_7_ambient.jpg,ambient
audio/umass_tree4_robot_trunk1_segment_0_window_8_ambient.wav,images/umass_tree4_robot_trunk1_segment_0_window_8_ambient.jpg,ambient
audio/umass_tree4_robot_trunk1_segment_0_window_9_ambient.wav,images/umass_tree4_robot_trunk1_segment_0_window_9_ambient.jpg,ambient
audio/umass_tree4_robot_trunk1_segment_0_window_10_ambient.wav,images/umass_tree4_robot_trunk1_segment_0_window_10_ambient.jpg,ambient
audio/umass_tree4_robot_trunk1_segment_0_window_11_ambient.wav,images/umass_tree4_robot_trunk1_segment_0_window_11_ambient.jpg,ambient
audio/umass_tree4_robot_trunk1_segment_1_window_0_ambient.wav,images/umass_tree4_robot_trunk1_segment_1_window_0_ambient.jpg,ambient
audio/umass_tree4_robot_trunk1_segment_1_window_1_ambient.wav,images/umass_tree4_robot_trunk1_segment_1_window_1_ambient.jpg,ambient
audio/umass_tree4_robot_trunk1_segment_2_window_0_contact.wav,images/umass_tree4_robot_trunk1_segment_2_window_0_contact.jpg,trunk
audio/umass_tree4_robot_trunk1_segment_2_window_1_contact.wav,images/umass_tree4_robot_trunk1_segment_2_window_1_contact.jpg,trunk
audio/umass_tree4_robot_trunk1_segment_2_window_2_contact.wav,images/umass_tree4_robot_trunk1_segment_2_window_2_contact.jpg,trunk
audio/umass_tree4_robot_trunk1_segment_2_window_3_contact.wav,images/umass_tree4_robot_trunk1_segment_2_window_3_contact.jpg,trunk
audio/umass_tree4_robot_trunk1_segment_2_window_4_contact.wav,images/umass_tree4_robot_trunk1_segment_2_window_4_contact.jpg,trunk
audio/umass_tree4_robot_trunk1_segment_2_window_5_contact.wav,images/umass_tree4_robot_trunk1_segment_2_window_5_contact.jpg,trunk
audio/umass_tree4_robot_trunk1_segment_2_window_6_contact.wav,images/umass_tree4_robot_trunk1_segment_2_window_6_contact.jpg,trunk
audio/umass_tree4_robot_trunk1_segment_2_window_7_contact.wav,images/umass_tree4_robot_trunk1_segment_2_window_7_contact.jpg,trunk
audio/umass_tree4_robot_trunk1_segment_2_window_8_contact.wav,images/umass_tree4_robot_trunk1_segment_2_window_8_contact.jpg,trunk
audio/umass_tree4_robot_trunk1_segment_2_window_9_contact.wav,images/umass_tree4_robot_trunk1_segment_2_window_9_contact.jpg,trunk
audio/umass_tree4_robot_trunk1_segment_2_window_10_contact.wav,images/umass_tree4_robot_trunk1_segment_2_window_10_contact.jpg,trunk
audio/umass_tree4_robot_trunk1_segment_2_window_11_contact.wav,images/umass_tree4_robot_trunk1_segment_2_window_11_contact.jpg,trunk
audio/umass_tree4_robot_trunk1_segment_2_window_12_contact.wav,images/umass_tree4_robot_trunk1_segment_2_window_12_contact.jpg,trunk
audio/umass_tree4_robot_trunk1_segment_2_window_13_contact.wav,images/umass_tree4_robot_trunk1_segment_2_window_13_contact.jpg,trunk
audio/umass_tree4_robot_trunk1_segment_2_window_14_contact.wav,images/umass_tree4_robot_trunk1_segment_2_window_14_contact.jpg,trunk
audio/umass_tree4_robot_trunk1_segment_2_window_15_contact.wav,images/umass_tree4_robot_trunk1_segment_2_window_15_contact.jpg,trunk
audio/umass_tree4_robot_trunk1_segment_2_window_16_contact.wav,images/umass_tree4_robot_trunk1_segment_2_window_16_contact.jpg,trunk
audio/umass_tree4_robot_trunk1_segment_3_window_0_contact.wav,images/umass_tree4_robot_trunk1_segment_3_window_0_contact.jpg,trunk
audio/umass_tree4_robot_trunk1_segment_3_window_1_contact.wav,images/umass_tree4_robot_trunk1_segment_3_window_1_contact.jpg,trunk
audio/umass_tree4_robot_trunk1_segment_3_window_2_contact.wav,images/umass_tree4_robot_trunk1_segment_3_window_2_contact.jpg,trunk
audio/umass_tree4_robot_trunk1_segment_3_window_3_contact.wav,images/umass_tree4_robot_trunk1_segment_3_window_3_contact.jpg,trunk
audio/umass_tree4_robot_trunk1_segment_3_window_4_contact.wav,images/umass_tree4_robot_trunk1_segment_3_window_4_contact.jpg,trunk
audio/umass_tree4_robot_trunk1_segment_3_window_5_contact.wav,images/umass_tree4_robot_trunk1_segment_3_window_5_contact.jpg,trunk
audio/umass_tree4_robot_trunk1_segment_3_window_6_contact.wav,images/umass_tree4_robot_trunk1_segment_3_window_6_contact.jpg,trunk
audio/umass_tree4_robot_trunk1_segment_3_window_7_contact.wav,images/umass_tree4_robot_trunk1_segment_3_window_7_contact.jpg,trunk
audio/umass_tree4_robot_trunk1_segment_4_window_0_ambient.wav,images/umass_tree4_robot_trunk1_segment_4_window_0_ambient.jpg,ambient
audio/umass_tree4_robot_trunk1_segment_4_window_1_ambient.wav,images/umass_tree4_robot_trunk1_segment_4_window_1_ambient.jpg,ambient
audio/umass_tree4_robot_trunk1_segment_4_window_2_ambient.wav,images/umass_tree4_robot_trunk1_segment_4_window_2_ambient.jpg,ambient
audio/umass_tree4_robot_trunk1_segment_4_window_3_ambient.wav,images/umass_tree4_robot_trunk1_segment_4_window_3_ambient.jpg,ambient
audio/umass_tree4_robot_trunk1_segment_4_window_4_ambient.wav,images/umass_tree4_robot_trunk1_segment_4_window_4_ambient.jpg,ambient
audio/umass_tree4_robot_trunk1_segment_4_window_5_ambient.wav,images/umass_tree4_robot_trunk1_segment_4_window_5_ambient.jpg,ambient
audio/umass_tree4_robot_trunk1_segment_5_window_0_contact.wav,images/umass_tree4_robot_trunk1_segment_5_window_0_contact.jpg,trunk
audio/umass_tree4_robot_trunk1_segment_5_window_1_contact.wav,images/umass_tree4_robot_trunk1_segment_5_window_1_contact.jpg,trunk
audio/umass_tree4_robot_trunk1_segment_5_window_2_contact.wav,images/umass_tree4_robot_trunk1_segment_5_window_2_contact.jpg,trunk
audio/umass_tree4_robot_trunk1_segment_5_window_3_contact.wav,images/umass_tree4_robot_trunk1_segment_5_window_3_contact.jpg,trunk
audio/umass_tree4_robot_trunk1_segment_5_window_4_contact.wav,images/umass_tree4_robot_trunk1_segment_5_window_4_contact.jpg,trunk
audio/umass_tree4_robot_trunk1_segment_5_window_5_contact.wav,images/umass_tree4_robot_trunk1_segment_5_window_5_contact.jpg,trunk
audio/umass_tree4_robot_trunk1_segment_5_window_6_contact.wav,images/umass_tree4_robot_trunk1_segment_5_window_6_contact.jpg,trunk
audio/umass_tree4_robot_trunk1_segment_5_window_7_contact.wav,images/umass_tree4_robot_trunk1_segment_5_window_7_contact.jpg,trunk
audio/umass_tree4_robot_trunk1_segment_5_window_8_contact.wav,images/umass_tree4_robot_trunk1_segment_5_window_8_contact.jpg,trunk
audio/umass_tree4_robot_trunk1_segment_5_window_9_contact.wav,images/umass_tree4_robot_trunk1_segment_5_window_9_contact.jpg,trunk
audio/umass_tree4_robot_trunk1_segment_5_window_10_contact.wav,images/umass_tree4_robot_trunk1_segment_5_window_10_contact.jpg,trunk
audio/umass_tree4_robot_trunk1_segment_5_window_11_contact.wav,images/umass_tree4_robot_trunk1_segment_5_window_11_contact.jpg,trunk
audio/umass_tree4_robot_trunk1_segment_5_window_12_contact.wav,images/umass_tree4_robot_trunk1_segment_5_window_12_contact.jpg,trunk
audio/umass_tree4_robot_trunk1_segment_5_window_13_contact.wav,images/umass_tree4_robot_trunk1_segment_5_window_13_contact.jpg,trunk
audio/umass_tree4_robot_trunk1_segment_5_window_14_contact.wav,images/umass_tree4_robot_trunk1_segment_5_window_14_contact.jpg,trunk
audio/umass_tree4_robot_trunk1_segment_5_window_15_contact.wav,images/umass_tree4_robot_trunk1_segment_5_window_15_contact.jpg,trunk
audio/umass_tree4_robot_trunk1_segment_5_window_16_contact.wav,images/umass_tree4_robot_trunk1_segment_5_window_16_contact.jpg,trunk
audio/umass_tree4_robot_trunk1_segment_5_window_17_contact.wav,images/umass_tree4_robot_trunk1_segment_5_window_17_contact.jpg,trunk
audio/umass_tree4_robot_trunk1_segment_5_window_18_contact.wav,images/umass_tree4_robot_trunk1_segment_5_window_18_contact.jpg,trunk
audio/umass_tree4_robot_trunk1_segment_5_window_19_contact.wav,images/umass_tree4_robot_trunk1_segment_5_window_19_contact.jpg,trunk
audio/umass_tree4_robot_trunk1_segment_6_window_0_ambient.wav,images/umass_tree4_robot_trunk1_segment_6_window_0_ambient.jpg,ambient
audio/umass_tree2_robot_twig2_segment_0_window_0_ambient.wav,images/umass_tree2_robot_twig2_segment_0_window_0_ambient.jpg,ambient
audio/umass_tree2_robot_twig2_segment_0_window_1_ambient.wav,images/umass_tree2_robot_twig2_segment_0_window_1_ambient.jpg,ambient
audio/umass_tree2_robot_twig2_segment_0_window_2_ambient.wav,images/umass_tree2_robot_twig2_segment_0_window_2_ambient.jpg,ambient
audio/umass_tree2_robot_twig2_segment_1_window_0_ambient.wav,images/umass_tree2_robot_twig2_segment_1_window_0_ambient.jpg,ambient
audio/umass_tree2_robot_twig2_segment_1_window_1_ambient.wav,images/umass_tree2_robot_twig2_segment_1_window_1_ambient.jpg,ambient
audio/umass_tree2_robot_twig2_segment_1_window_2_ambient.wav,images/umass_tree2_robot_twig2_segment_1_window_2_ambient.jpg,ambient
audio/umass_tree2_robot_twig2_segment_1_window_3_ambient.wav,images/umass_tree2_robot_twig2_segment_1_window_3_ambient.jpg,ambient
audio/umass_tree2_robot_twig2_segment_1_window_4_ambient.wav,images/umass_tree2_robot_twig2_segment_1_window_4_ambient.jpg,ambient
audio/umass_tree2_robot_twig2_segment_1_window_5_ambient.wav,images/umass_tree2_robot_twig2_segment_1_window_5_ambient.jpg,ambient
audio/umass_tree2_robot_twig2_segment_1_window_6_ambient.wav,images/umass_tree2_robot_twig2_segment_1_window_6_ambient.jpg,ambient
audio/umass_tree2_robot_twig2_segment_2_window_0_ambient.wav,images/umass_tree2_robot_twig2_segment_2_window_0_ambient.jpg,ambient
audio/umass_tree2_robot_twig2_segment_2_window_1_ambient.wav,images/umass_tree2_robot_twig2_segment_2_window_1_ambient.jpg,ambient
audio/umass_tree2_robot_twig2_segment_2_window_2_ambient.wav,images/umass_tree2_robot_twig2_segment_2_window_2_ambient.jpg,ambient
audio/umass_tree2_robot_twig2_segment_2_window_3_ambient.wav,images/umass_tree2_robot_twig2_segment_2_window_3_ambient.jpg,ambient
audio/umass_tree2_robot_twig2_segment_2_window_4_ambient.wav,images/umass_tree2_robot_twig2_segment_2_window_4_ambient.jpg,ambient
audio/umass_tree2_robot_twig2_segment_2_window_5_ambient.wav,images/umass_tree2_robot_twig2_segment_2_window_5_ambient.jpg,ambient
audio/umass_tree2_robot_twig2_segment_3_window_0_contact.wav,images/umass_tree2_robot_twig2_segment_3_window_0_contact.jpg,twig
audio/umass_tree2_robot_twig2_segment_3_window_1_contact.wav,images/umass_tree2_robot_twig2_segment_3_window_1_contact.jpg,twig
audio/umass_tree2_robot_twig2_segment_3_window_2_contact.wav,images/umass_tree2_robot_twig2_segment_3_window_2_contact.jpg,twig
audio/umass_tree2_robot_twig2_segment_3_window_3_contact.wav,images/umass_tree2_robot_twig2_segment_3_window_3_contact.jpg,twig
audio/umass_tree2_robot_twig2_segment_3_window_4_contact.wav,images/umass_tree2_robot_twig2_segment_3_window_4_contact.jpg,twig
audio/umass_tree2_robot_twig2_segment_3_window_5_contact.wav,images/umass_tree2_robot_twig2_segment_3_window_5_contact.jpg,twig
audio/umass_tree2_robot_twig2_segment_3_window_6_contact.wav,images/umass_tree2_robot_twig2_segment_3_window_6_contact.jpg,twig
audio/umass_tree2_robot_twig2_segment_3_window_7_contact.wav,images/umass_tree2_robot_twig2_segment_3_window_7_contact.jpg,twig
audio/umass_tree2_robot_twig2_segment_3_window_8_contact.wav,images/umass_tree2_robot_twig2_segment_3_window_8_contact.jpg,twig
audio/umass_tree2_robot_twig2_segment_3_window_9_contact.wav,images/umass_tree2_robot_twig2_segment_3_window_9_contact.jpg,twig
audio/umass_tree2_robot_twig2_segment_3_window_10_contact.wav,images/umass_tree2_robot_twig2_segment_3_window_10_contact.jpg,twig
audio/umass_tree2_robot_twig2_segment_3_window_11_contact.wav,images/umass_tree2_robot_twig2_segment_3_window_11_contact.jpg,twig
audio/umass_tree2_robot_twig2_segment_3_window_12_contact.wav,images/umass_tree2_robot_twig2_segment_3_window_12_contact.jpg,twig
audio/umass_tree2_robot_twig2_segment_3_window_13_contact.wav,images/umass_tree2_robot_twig2_segment_3_window_13_contact.jpg,twig
audio/umass_tree2_robot_twig2_segment_4_window_0_ambient.wav,images/umass_tree2_robot_twig2_segment_4_window_0_ambient.jpg,ambient
audio/umass_tree2_robot_twig2_segment_4_window_1_ambient.wav,images/umass_tree2_robot_twig2_segment_4_window_1_ambient.jpg,ambient
audio/umass_tree2_robot_twig2_segment_4_window_2_ambient.wav,images/umass_tree2_robot_twig2_segment_4_window_2_ambient.jpg,ambient
audio/umass_tree2_robot_twig2_segment_4_window_3_ambient.wav,images/umass_tree2_robot_twig2_segment_4_window_3_ambient.jpg,ambient
audio/umass_tree2_robot_twig2_segment_4_window_4_ambient.wav,images/umass_tree2_robot_twig2_segment_4_window_4_ambient.jpg,ambient
audio/umass_tree2_robot_twig2_segment_4_window_5_ambient.wav,images/umass_tree2_robot_twig2_segment_4_window_5_ambient.jpg,ambient
audio/umass_tree2_robot_twig2_segment_4_window_6_ambient.wav,images/umass_tree2_robot_twig2_segment_4_window_6_ambient.jpg,ambient
audio/umass_tree2_robot_twig2_segment_4_window_7_ambient.wav,images/umass_tree2_robot_twig2_segment_4_window_7_ambient.jpg,ambient
audio/umass_tree2_robot_twig2_segment_4_window_8_ambient.wav,images/umass_tree2_robot_twig2_segment_4_window_8_ambient.jpg,ambient
audio/umass_tree2_robot_twig2_segment_4_window_9_ambient.wav,images/umass_tree2_robot_twig2_segment_4_window_9_ambient.jpg,ambient
audio/umass_tree2_robot_twig2_segment_4_window_10_ambient.wav,images/umass_tree2_robot_twig2_segment_4_window_10_ambient.jpg,ambient
audio/umass_tree2_robot_twig2_segment_5_window_0_ambient.wav,images/umass_tree2_robot_twig2_segment_5_window_0_ambient.jpg,ambient
audio/umass_tree2_robot_twig2_segment_5_window_1_ambient.wav,images/umass_tree2_robot_twig2_segment_5_window_1_ambient.jpg,ambient
audio/umass_tree2_robot_twig2_segment_5_window_2_ambient.wav,images/umass_tree2_robot_twig2_segment_5_window_2_ambient.jpg,ambient
audio/umass_tree2_robot_twig2_segment_5_window_3_ambient.wav,images/umass_tree2_robot_twig2_segment_5_window_3_ambient.jpg,ambient
audio/umass_tree2_robot_twig2_segment_5_window_4_ambient.wav,images/umass_tree2_robot_twig2_segment_5_window_4_ambient.jpg,ambient
audio/umass_tree2_robot_twig2_segment_5_window_5_ambient.wav,images/umass_tree2_robot_twig2_segment_5_window_5_ambient.jpg,ambient
audio/umass_tree2_robot_twig2_segment_5_window_6_ambient.wav,images/umass_tree2_robot_twig2_segment_5_window_6_ambient.jpg,ambient
audio/umass_tree2_robot_twig2_segment_5_window_7_ambient.wav,images/umass_tree2_robot_twig2_segment_5_window_7_ambient.jpg,ambient
audio/umass_tree2_robot_twig2_segment_5_window_8_ambient.wav,images/umass_tree2_robot_twig2_segment_5_window_8_ambient.jpg,ambient
audio/umass_tree2_robot_twig2_segment_5_window_9_ambient.wav,images/umass_tree2_robot_twig2_segment_5_window_9_ambient.jpg,ambient
audio/umass_tree2_robot_twig2_segment_5_window_10_ambient.wav,images/umass_tree2_robot_twig2_segment_5_window_10_ambient.jpg,ambient
audio/umass_tree2_robot_twig2_segment_5_window_11_ambient.wav,images/umass_tree2_robot_twig2_segment_5_window_11_ambient.jpg,ambient
audio/umass_tree2_robot_twig2_segment_5_window_12_ambient.wav,images/umass_tree2_robot_twig2_segment_5_window_12_ambient.jpg,ambient
audio/umass_tree2_robot_twig2_segment_5_window_13_ambient.wav,images/umass_tree2_robot_twig2_segment_5_window_13_ambient.jpg,ambient
audio/umass_tree2_robot_twig2_segment_5_window_14_ambient.wav,images/umass_tree2_robot_twig2_segment_5_window_14_ambient.jpg,ambient
audio/umass_tree2_robot_twig2_segment_5_window_15_ambient.wav,images/umass_tree2_robot_twig2_segment_5_window_15_ambient.jpg,ambient
audio/umass_tree2_robot_twig2_segment_5_window_16_ambient.wav,images/umass_tree2_robot_twig2_segment_5_window_16_ambient.jpg,ambient
audio/umass_tree2_robot_twig2_segment_5_window_17_ambient.wav,images/umass_tree2_robot_twig2_segment_5_window_17_ambient.jpg,ambient
audio/umass_tree2_robot_twig2_segment_5_window_18_ambient.wav,images/umass_tree2_robot_twig2_segment_5_window_18_ambient.jpg,ambient
audio/umass_tree2_robot_twig2_segment_5_window_19_ambient.wav,images/umass_tree2_robot_twig2_segment_5_window_19_ambient.jpg,ambient
audio/umass_tree2_robot_twig2_segment_5_window_20_ambient.wav,images/umass_tree2_robot_twig2_segment_5_window_20_ambient.jpg,ambient
audio/umass_tree2_robot_twig2_segment_6_window_0_contact.wav,images/umass_tree2_robot_twig2_segment_6_window_0_contact.jpg,twig
audio/umass_tree2_robot_twig2_segment_6_window_1_contact.wav,images/umass_tree2_robot_twig2_segment_6_window_1_contact.jpg,twig
audio/umass_tree2_robot_twig2_segment_6_window_2_contact.wav,images/umass_tree2_robot_twig2_segment_6_window_2_contact.jpg,twig
audio/umass_tree2_robot_twig2_segment_6_window_3_contact.wav,images/umass_tree2_robot_twig2_segment_6_window_3_contact.jpg,twig
audio/umass_tree2_robot_twig2_segment_7_window_0_contact.wav,images/umass_tree2_robot_twig2_segment_7_window_0_contact.jpg,twig
audio/umass_tree2_robot_twig2_segment_7_window_1_contact.wav,images/umass_tree2_robot_twig2_segment_7_window_1_contact.jpg,twig
audio/umass_tree2_robot_twig2_segment_7_window_2_contact.wav,images/umass_tree2_robot_twig2_segment_7_window_2_contact.jpg,twig
audio/umass_tree2_robot_twig2_segment_7_window_3_contact.wav,images/umass_tree2_robot_twig2_segment_7_window_3_contact.jpg,twig
audio/umass_tree2_robot_twig2_segment_7_window_4_contact.wav,images/umass_tree2_robot_twig2_segment_7_window_4_contact.jpg,twig
audio/umass_tree2_robot_twig2_segment_7_window_5_contact.wav,images/umass_tree2_robot_twig2_segment_7_window_5_contact.jpg,twig
audio/umass_tree2_robot_twig2_segment_7_window_6_contact.wav,images/umass_tree2_robot_twig2_segment_7_window_6_contact.jpg,twig
audio/umass_tree2_robot_twig2_segment_7_window_7_contact.wav,images/umass_tree2_robot_twig2_segment_7_window_7_contact.jpg,twig
audio/umass_tree2_robot_twig2_segment_7_window_8_contact.wav,images/umass_tree2_robot_twig2_segment_7_window_8_contact.jpg,twig
audio/umass_tree2_robot_twig2_segment_7_window_9_contact.wav,images/umass_tree2_robot_twig2_segment_7_window_9_contact.jpg,twig
audio/umass_tree2_robot_twig2_segment_7_window_10_contact.wav,images/umass_tree2_robot_twig2_segment_7_window_10_contact.jpg,twig
audio/umass_tree2_robot_twig2_segment_8_window_0_ambient.wav,images/umass_tree2_robot_twig2_segment_8_window_0_ambient.jpg,ambient
audio/umass_tree2_robot_twig2_segment_8_window_1_ambient.wav,images/umass_tree2_robot_twig2_segment_8_window_1_ambient.jpg,ambient
audio/umass_tree2_robot_twig2_segment_8_window_2_ambient.wav,images/umass_tree2_robot_twig2_segment_8_window_2_ambient.jpg,ambient
audio/umass_tree2_robot_twig2_segment_8_window_3_ambient.wav,images/umass_tree2_robot_twig2_segment_8_window_3_ambient.jpg,ambient
audio/umass_tree2_robot_twig2_segment_8_window_4_ambient.wav,images/umass_tree2_robot_twig2_segment_8_window_4_ambient.jpg,ambient
audio/umass_tree2_robot_twig2_segment_8_window_5_ambient.wav,images/umass_tree2_robot_twig2_segment_8_window_5_ambient.jpg,ambient
audio/umass_tree2_robot_twig2_segment_8_window_6_ambient.wav,images/umass_tree2_robot_twig2_segment_8_window_6_ambient.jpg,ambient
audio/umass_tree2_robot_twig2_segment_9_window_0_ambient.wav,images/umass_tree2_robot_twig2_segment_9_window_0_ambient.jpg,ambient
audio/umass_tree1_robot_leaf2_split_0_segment_0_window_0_contact.wav,images/umass_tree1_robot_leaf2_split_0_segment_0_window_0_contact.jpg,leaf
audio/umass_tree1_robot_leaf2_split_0_segment_0_window_1_contact.wav,images/umass_tree1_robot_leaf2_split_0_segment_0_window_1_contact.jpg,leaf
audio/umass_tree1_robot_leaf2_split_0_segment_0_window_2_contact.wav,images/umass_tree1_robot_leaf2_split_0_segment_0_window_2_contact.jpg,leaf
audio/umass_tree1_robot_leaf2_split_0_segment_0_window_3_contact.wav,images/umass_tree1_robot_leaf2_split_0_segment_0_window_3_contact.jpg,leaf
audio/umass_tree1_robot_leaf2_split_0_segment_0_window_4_contact.wav,images/umass_tree1_robot_leaf2_split_0_segment_0_window_4_contact.jpg,leaf
audio/umass_tree1_robot_leaf2_split_0_segment_0_window_5_contact.wav,images/umass_tree1_robot_leaf2_split_0_segment_0_window_5_contact.jpg,leaf
audio/umass_tree1_robot_leaf2_split_0_segment_1_window_0_ambient.wav,images/umass_tree1_robot_leaf2_split_0_segment_1_window_0_ambient.jpg,ambient
audio/umass_tree1_robot_leaf2_split_0_segment_1_window_1_ambient.wav,images/umass_tree1_robot_leaf2_split_0_segment_1_window_1_ambient.jpg,ambient
audio/umass_tree1_robot_leaf2_split_0_segment_2_window_0_contact.wav,images/umass_tree1_robot_leaf2_split_0_segment_2_window_0_contact.jpg,leaf
audio/umass_tree1_robot_2_split_0_new_leaf_segment_0_window_0_contact.wav,images/umass_tree1_robot_2_split_0_new_leaf_segment_0_window_0_contact.jpg,leaf
audio/umass_tree1_robot_2_split_0_new_leaf_segment_1_window_0_ambient.wav,images/umass_tree1_robot_2_split_0_new_leaf_segment_1_window_0_ambient.jpg,ambient
audio/umass_tree1_robot_2_split_0_new_leaf_segment_1_window_1_ambient.wav,images/umass_tree1_robot_2_split_0_new_leaf_segment_1_window_1_ambient.jpg,ambient
audio/umass_tree1_robot_2_split_0_new_leaf_segment_2_window_0_ambient.wav,images/umass_tree1_robot_2_split_0_new_leaf_segment_2_window_0_ambient.jpg,ambient
audio/umass_tree1_robot_2_split_0_new_leaf_segment_2_window_1_ambient.wav,images/umass_tree1_robot_2_split_0_new_leaf_segment_2_window_1_ambient.jpg,ambient
audio/umass_tree1_robot_2_split_0_new_leaf_segment_3_window_0_contact.wav,images/umass_tree1_robot_2_split_0_new_leaf_segment_3_window_0_contact.jpg,leaf
audio/umass_tree1_robot_2_split_0_new_leaf_segment_3_window_1_contact.wav,images/umass_tree1_robot_2_split_0_new_leaf_segment_3_window_1_contact.jpg,leaf
audio/umass_tree1_robot_2_split_0_new_leaf_segment_3_window_2_contact.wav,images/umass_tree1_robot_2_split_0_new_leaf_segment_3_window_2_contact.jpg,leaf
audio/umass_tree1_robot_2_split_0_new_leaf_segment_3_window_3_contact.wav,images/umass_tree1_robot_2_split_0_new_leaf_segment_3_window_3_contact.jpg,leaf
audio/umass_tree1_robot_2_split_0_new_leaf_segment_3_window_4_contact.wav,images/umass_tree1_robot_2_split_0_new_leaf_segment_3_window_4_contact.jpg,leaf
audio/umass_tree6_robot_leaf1_split_0_segment_0_window_0_ambient.wav,images/umass_tree6_robot_leaf1_split_0_segment_0_window_0_ambient.jpg,ambient
audio/umass_tree6_robot_leaf1_split_0_segment_0_window_1_ambient.wav,images/umass_tree6_robot_leaf1_split_0_segment_0_window_1_ambient.jpg,ambient
audio/umass_tree6_robot_leaf1_split_0_segment_0_window_2_ambient.wav,images/umass_tree6_robot_leaf1_split_0_segment_0_window_2_ambient.jpg,ambient
audio/umass_tree6_robot_leaf1_split_0_segment_0_window_3_ambient.wav,images/umass_tree6_robot_leaf1_split_0_segment_0_window_3_ambient.jpg,ambient
audio/umass_tree6_robot_leaf1_split_0_segment_0_window_4_ambient.wav,images/umass_tree6_robot_leaf1_split_0_segment_0_window_4_ambient.jpg,ambient
audio/umass_tree6_robot_leaf1_split_0_segment_0_window_5_ambient.wav,images/umass_tree6_robot_leaf1_split_0_segment_0_window_5_ambient.jpg,ambient
audio/umass_tree6_robot_leaf1_split_0_segment_0_window_6_ambient.wav,images/umass_tree6_robot_leaf1_split_0_segment_0_window_6_ambient.jpg,ambient
audio/umass_tree6_robot_leaf1_split_0_segment_1_window_0_contact.wav,images/umass_tree6_robot_leaf1_split_0_segment_1_window_0_contact.jpg,leaf
audio/umass_tree6_robot_leaf1_split_0_segment_1_window_1_contact.wav,images/umass_tree6_robot_leaf1_split_0_segment_1_window_1_contact.jpg,leaf
audio/umass_tree6_robot_leaf1_split_0_segment_1_window_2_contact.wav,images/umass_tree6_robot_leaf1_split_0_segment_1_window_2_contact.jpg,leaf
audio/umass_tree6_robot_leaf1_split_0_segment_1_window_3_contact.wav,images/umass_tree6_robot_leaf1_split_0_segment_1_window_3_contact.jpg,leaf
audio/umass_tree6_robot_leaf1_split_0_segment_1_window_4_contact.wav,images/umass_tree6_robot_leaf1_split_0_segment_1_window_4_contact.jpg,leaf
audio/umass_tree6_robot_leaf1_split_0_segment_1_window_5_contact.wav,images/umass_tree6_robot_leaf1_split_0_segment_1_window_5_contact.jpg,leaf
audio/umass_tree6_robot_leaf1_split_0_segment_1_window_6_contact.wav,images/umass_tree6_robot_leaf1_split_0_segment_1_window_6_contact.jpg,leaf
audio/umass_tree6_robot_leaf1_split_0_segment_1_window_7_contact.wav,images/umass_tree6_robot_leaf1_split_0_segment_1_window_7_contact.jpg,leaf
audio/umass_tree6_robot_leaf1_split_0_segment_1_window_8_contact.wav,images/umass_tree6_robot_leaf1_split_0_segment_1_window_8_contact.jpg,leaf
audio/umass_tree6_robot_leaf1_split_0_segment_1_window_9_contact.wav,images/umass_tree6_robot_leaf1_split_0_segment_1_window_9_contact.jpg,leaf
audio/umass_tree6_robot_leaf1_split_0_segment_1_window_10_contact.wav,images/umass_tree6_robot_leaf1_split_0_segment_1_window_10_contact.jpg,leaf
audio/umass_tree6_robot_leaf1_split_0_segment_2_window_0_contact.wav,images/umass_tree6_robot_leaf1_split_0_segment_2_window_0_contact.jpg,leaf
audio/umass_tree6_robot_leaf1_split_0_segment_2_window_1_contact.wav,images/umass_tree6_robot_leaf1_split_0_segment_2_window_1_contact.jpg,leaf
audio/umass_tree6_robot_leaf1_split_0_segment_2_window_2_contact.wav,images/umass_tree6_robot_leaf1_split_0_segment_2_window_2_contact.jpg,leaf
audio/umass_tree6_robot_leaf1_split_0_segment_2_window_3_contact.wav,images/umass_tree6_robot_leaf1_split_0_segment_2_window_3_contact.jpg,leaf
audio/umass_tree6_robot_leaf1_split_0_segment_2_window_4_contact.wav,images/umass_tree6_robot_leaf1_split_0_segment_2_window_4_contact.jpg,leaf
audio/umass_tree6_robot_leaf1_split_0_segment_2_window_5_contact.wav,images/umass_tree6_robot_leaf1_split_0_segment_2_window_5_contact.jpg,leaf
audio/umass_tree6_robot_leaf1_split_0_segment_2_window_6_contact.wav,images/umass_tree6_robot_leaf1_split_0_segment_2_window_6_contact.jpg,leaf
audio/umass_tree6_robot_leaf1_split_0_segment_2_window_7_contact.wav,images/umass_tree6_robot_leaf1_split_0_segment_2_window_7_contact.jpg,leaf
audio/umass_tree6_robot_leaf1_split_0_segment_2_window_8_contact.wav,images/umass_tree6_robot_leaf1_split_0_segment_2_window_8_contact.jpg,leaf
audio/umass_tree6_robot_leaf1_split_0_segment_2_window_9_contact.wav,images/umass_tree6_robot_leaf1_split_0_segment_2_window_9_contact.jpg,leaf
audio/umass_tree6_robot_leaf1_split_0_segment_2_window_10_contact.wav,images/umass_tree6_robot_leaf1_split_0_segment_2_window_10_contact.jpg,leaf
audio/umass_tree6_robot_leaf1_split_0_segment_2_window_11_contact.wav,images/umass_tree6_robot_leaf1_split_0_segment_2_window_11_contact.jpg,leaf
audio/umass_tree6_robot_leaf1_split_0_segment_2_window_12_contact.wav,images/umass_tree6_robot_leaf1_split_0_segment_2_window_12_contact.jpg,leaf
audio/umass_tree6_robot_leaf1_split_0_segment_2_window_13_contact.wav,images/umass_tree6_robot_leaf1_split_0_segment_2_window_13_contact.jpg,leaf
audio/umass_tree6_robot_leaf1_split_0_segment_2_window_14_contact.wav,images/umass_tree6_robot_leaf1_split_0_segment_2_window_14_contact.jpg,leaf
audio/umass_tree6_robot_leaf1_split_0_segment_2_window_15_contact.wav,images/umass_tree6_robot_leaf1_split_0_segment_2_window_15_contact.jpg,leaf
audio/umass_tree6_robot_leaf1_split_0_segment_2_window_16_contact.wav,images/umass_tree6_robot_leaf1_split_0_segment_2_window_16_contact.jpg,leaf
audio/umass_tree6_robot_leaf1_split_0_segment_2_window_17_contact.wav,images/umass_tree6_robot_leaf1_split_0_segment_2_window_17_contact.jpg,leaf
audio/umass_tree6_robot_leaf1_split_0_segment_2_window_18_contact.wav,images/umass_tree6_robot_leaf1_split_0_segment_2_window_18_contact.jpg,leaf
audio/umass_tree6_robot_leaf1_split_0_segment_2_window_19_contact.wav,images/umass_tree6_robot_leaf1_split_0_segment_2_window_19_contact.jpg,leaf
audio/umass_tree6_robot_leaf1_split_0_segment_2_window_20_contact.wav,images/umass_tree6_robot_leaf1_split_0_segment_2_window_20_contact.jpg,leaf
audio/umass_tree6_robot_leaf1_split_0_segment_2_window_21_contact.wav,images/umass_tree6_robot_leaf1_split_0_segment_2_window_21_contact.jpg,leaf
audio/umass_tree6_robot_leaf1_split_0_segment_2_window_22_contact.wav,images/umass_tree6_robot_leaf1_split_0_segment_2_window_22_contact.jpg,leaf
audio/umass_tree6_robot_leaf1_split_0_segment_2_window_23_contact.wav,images/umass_tree6_robot_leaf1_split_0_segment_2_window_23_contact.jpg,leaf
audio/umass_tree6_robot_leaf1_split_0_segment_2_window_24_contact.wav,images/umass_tree6_robot_leaf1_split_0_segment_2_window_24_contact.jpg,leaf
audio/umass_tree6_robot_leaf1_split_0_segment_2_window_25_contact.wav,images/umass_tree6_robot_leaf1_split_0_segment_2_window_25_contact.jpg,leaf
audio/umass_tree6_robot_twig1_segment_0_window_0_ambient.wav,images/umass_tree6_robot_twig1_segment_0_window_0_ambient.jpg,ambient
audio/umass_tree6_robot_twig1_segment_0_window_1_ambient.wav,images/umass_tree6_robot_twig1_segment_0_window_1_ambient.jpg,ambient
audio/umass_tree6_robot_twig1_segment_0_window_2_ambient.wav,images/umass_tree6_robot_twig1_segment_0_window_2_ambient.jpg,ambient
audio/umass_tree6_robot_twig1_segment_0_window_3_ambient.wav,images/umass_tree6_robot_twig1_segment_0_window_3_ambient.jpg,ambient
audio/umass_tree6_robot_twig1_segment_1_window_0_contact.wav,images/umass_tree6_robot_twig1_segment_1_window_0_contact.jpg,twig
audio/umass_tree6_robot_twig1_segment_1_window_1_contact.wav,images/umass_tree6_robot_twig1_segment_1_window_1_contact.jpg,twig
audio/umass_tree6_robot_twig1_segment_2_window_0_ambient.wav,images/umass_tree6_robot_twig1_segment_2_window_0_ambient.jpg,ambient
audio/umass_tree6_robot_twig1_segment_3_window_0_contact.wav,images/umass_tree6_robot_twig1_segment_3_window_0_contact.jpg,twig
audio/umass_tree6_robot_twig1_segment_3_window_1_contact.wav,images/umass_tree6_robot_twig1_segment_3_window_1_contact.jpg,twig
audio/umass_tree6_robot_twig1_segment_4_window_0_contact.wav,images/umass_tree6_robot_twig1_segment_4_window_0_contact.jpg,twig
audio/umass_tree6_robot_twig1_segment_4_window_1_contact.wav,images/umass_tree6_robot_twig1_segment_4_window_1_contact.jpg,twig
audio/umass_tree6_robot_twig1_segment_4_window_2_contact.wav,images/umass_tree6_robot_twig1_segment_4_window_2_contact.jpg,twig
audio/umass_tree2_robot_trunk1_segment_0_window_0_ambient.wav,images/umass_tree2_robot_trunk1_segment_0_window_0_ambient.jpg,ambient
audio/umass_tree2_robot_trunk1_segment_0_window_1_ambient.wav,images/umass_tree2_robot_trunk1_segment_0_window_1_ambient.jpg,ambient
audio/umass_tree2_robot_trunk1_segment_0_window_2_ambient.wav,images/umass_tree2_robot_trunk1_segment_0_window_2_ambient.jpg,ambient
audio/umass_tree2_robot_trunk1_segment_0_window_3_ambient.wav,images/umass_tree2_robot_trunk1_segment_0_window_3_ambient.jpg,ambient
audio/umass_tree2_robot_trunk1_segment_0_window_4_ambient.wav,images/umass_tree2_robot_trunk1_segment_0_window_4_ambient.jpg,ambient
audio/umass_tree2_robot_trunk1_segment_0_window_5_ambient.wav,images/umass_tree2_robot_trunk1_segment_0_window_5_ambient.jpg,ambient
audio/umass_tree2_robot_trunk1_segment_0_window_6_ambient.wav,images/umass_tree2_robot_trunk1_segment_0_window_6_ambient.jpg,ambient
audio/umass_tree2_robot_trunk1_segment_0_window_7_ambient.wav,images/umass_tree2_robot_trunk1_segment_0_window_7_ambient.jpg,ambient
audio/umass_tree2_robot_trunk1_segment_1_window_0_ambient.wav,images/umass_tree2_robot_trunk1_segment_1_window_0_ambient.jpg,ambient
audio/umass_tree2_robot_trunk1_segment_1_window_1_ambient.wav,images/umass_tree2_robot_trunk1_segment_1_window_1_ambient.jpg,ambient
audio/umass_tree2_robot_trunk1_segment_1_window_2_ambient.wav,images/umass_tree2_robot_trunk1_segment_1_window_2_ambient.jpg,ambient
audio/umass_tree2_robot_trunk1_segment_1_window_3_ambient.wav,images/umass_tree2_robot_trunk1_segment_1_window_3_ambient.jpg,ambient
audio/umass_tree2_robot_trunk1_segment_1_window_4_ambient.wav,images/umass_tree2_robot_trunk1_segment_1_window_4_ambient.jpg,ambient
audio/umass_tree2_robot_trunk1_segment_1_window_5_ambient.wav,images/umass_tree2_robot_trunk1_segment_1_window_5_ambient.jpg,ambient
audio/umass_tree2_robot_trunk1_segment_1_window_6_ambient.wav,images/umass_tree2_robot_trunk1_segment_1_window_6_ambient.jpg,ambient
audio/umass_tree2_robot_trunk1_segment_1_window_7_ambient.wav,images/umass_tree2_robot_trunk1_segment_1_window_7_ambient.jpg,ambient
audio/umass_tree2_robot_trunk1_segment_2_window_0_contact.wav,images/umass_tree2_robot_trunk1_segment_2_window_0_contact.jpg,trunk
audio/umass_tree2_robot_trunk1_segment_2_window_1_contact.wav,images/umass_tree2_robot_trunk1_segment_2_window_1_contact.jpg,trunk
audio/umass_tree2_robot_trunk1_segment_2_window_2_contact.wav,images/umass_tree2_robot_trunk1_segment_2_window_2_contact.jpg,trunk
audio/umass_tree2_robot_trunk1_segment_2_window_3_contact.wav,images/umass_tree2_robot_trunk1_segment_2_window_3_contact.jpg,trunk
audio/umass_tree2_robot_trunk1_segment_2_window_4_contact.wav,images/umass_tree2_robot_trunk1_segment_2_window_4_contact.jpg,trunk
audio/umass_tree2_robot_trunk1_segment_2_window_5_contact.wav,images/umass_tree2_robot_trunk1_segment_2_window_5_contact.jpg,trunk
audio/umass_tree2_robot_trunk1_segment_2_window_6_contact.wav,images/umass_tree2_robot_trunk1_segment_2_window_6_contact.jpg,trunk
audio/umass_tree2_robot_trunk1_segment_3_window_0_ambient.wav,images/umass_tree2_robot_trunk1_segment_3_window_0_ambient.jpg,ambient
audio/umass_tree2_robot_trunk1_segment_3_window_1_ambient.wav,images/umass_tree2_robot_trunk1_segment_3_window_1_ambient.jpg,ambient
audio/umass_tree2_robot_trunk1_segment_4_window_0_contact.wav,images/umass_tree2_robot_trunk1_segment_4_window_0_contact.jpg,trunk
audio/umass_tree2_robot_trunk1_segment_4_window_1_contact.wav,images/umass_tree2_robot_trunk1_segment_4_window_1_contact.jpg,trunk
audio/umass_tree2_robot_trunk1_segment_4_window_2_contact.wav,images/umass_tree2_robot_trunk1_segment_4_window_2_contact.jpg,trunk
audio/umass_tree2_robot_trunk1_segment_4_window_3_contact.wav,images/umass_tree2_robot_trunk1_segment_4_window_3_contact.jpg,trunk
audio/umass_tree2_robot_trunk1_segment_5_window_0_ambient.wav,images/umass_tree2_robot_trunk1_segment_5_window_0_ambient.jpg,ambient
audio/umass_tree2_robot_trunk1_segment_5_window_1_ambient.wav,images/umass_tree2_robot_trunk1_segment_5_window_1_ambient.jpg,ambient
audio/umass_tree2_robot_trunk1_segment_5_window_2_ambient.wav,images/umass_tree2_robot_trunk1_segment_5_window_2_ambient.jpg,ambient
audio/umass_tree2_robot_trunk1_segment_5_window_3_ambient.wav,images/umass_tree2_robot_trunk1_segment_5_window_3_ambient.jpg,ambient
audio/umass_tree2_robot_trunk1_segment_5_window_4_ambient.wav,images/umass_tree2_robot_trunk1_segment_5_window_4_ambient.jpg,ambient
audio/umass_tree2_robot_trunk1_segment_5_window_5_ambient.wav,images/umass_tree2_robot_trunk1_segment_5_window_5_ambient.jpg,ambient
audio/umass_tree8_robot_twig1_segment_0_window_0_ambient.wav,images/umass_tree8_robot_twig1_segment_0_window_0_ambient.jpg,ambient
audio/umass_tree8_robot_twig1_segment_0_window_1_ambient.wav,images/umass_tree8_robot_twig1_segment_0_window_1_ambient.jpg,ambient
audio/umass_tree8_robot_twig1_segment_0_window_2_ambient.wav,images/umass_tree8_robot_twig1_segment_0_window_2_ambient.jpg,ambient
audio/umass_tree8_robot_twig1_segment_0_window_3_ambient.wav,images/umass_tree8_robot_twig1_segment_0_window_3_ambient.jpg,ambient
audio/umass_tree8_robot_twig1_segment_1_window_0_contact.wav,images/umass_tree8_robot_twig1_segment_1_window_0_contact.jpg,twig
audio/umass_tree8_robot_twig1_segment_1_window_1_contact.wav,images/umass_tree8_robot_twig1_segment_1_window_1_contact.jpg,twig
audio/umass_tree8_robot_twig1_segment_1_window_2_contact.wav,images/umass_tree8_robot_twig1_segment_1_window_2_contact.jpg,twig
audio/umass_tree8_robot_twig1_segment_1_window_3_contact.wav,images/umass_tree8_robot_twig1_segment_1_window_3_contact.jpg,twig
audio/umass_tree8_robot_twig1_segment_1_window_4_contact.wav,images/umass_tree8_robot_twig1_segment_1_window_4_contact.jpg,twig
audio/umass_tree8_robot_twig1_segment_1_window_5_contact.wav,images/umass_tree8_robot_twig1_segment_1_window_5_contact.jpg,twig
audio/umass_tree8_robot_twig1_segment_1_window_6_contact.wav,images/umass_tree8_robot_twig1_segment_1_window_6_contact.jpg,twig
audio/umass_tree8_robot_twig1_segment_1_window_7_contact.wav,images/umass_tree8_robot_twig1_segment_1_window_7_contact.jpg,twig
audio/umass_tree8_robot_twig1_segment_1_window_8_contact.wav,images/umass_tree8_robot_twig1_segment_1_window_8_contact.jpg,twig
audio/umass_tree8_robot_twig1_segment_1_window_9_contact.wav,images/umass_tree8_robot_twig1_segment_1_window_9_contact.jpg,twig
audio/umass_tree8_robot_twig1_segment_2_window_0_ambient.wav,images/umass_tree8_robot_twig1_segment_2_window_0_ambient.jpg,ambient
audio/umass_tree8_robot_twig1_segment_2_window_1_ambient.wav,images/umass_tree8_robot_twig1_segment_2_window_1_ambient.jpg,ambient
audio/umass_tree8_robot_twig1_segment_2_window_2_ambient.wav,images/umass_tree8_robot_twig1_segment_2_window_2_ambient.jpg,ambient
audio/umass_tree8_robot_twig1_segment_2_window_3_ambient.wav,images/umass_tree8_robot_twig1_segment_2_window_3_ambient.jpg,ambient
audio/umass_tree8_robot_twig1_segment_2_window_4_ambient.wav,images/umass_tree8_robot_twig1_segment_2_window_4_ambient.jpg,ambient
audio/umass_tree8_robot_twig1_segment_2_window_5_ambient.wav,images/umass_tree8_robot_twig1_segment_2_window_5_ambient.jpg,ambient
audio/umass_tree8_robot_twig1_segment_2_window_6_ambient.wav,images/umass_tree8_robot_twig1_segment_2_window_6_ambient.jpg,ambient
audio/umass_tree8_robot_twig1_segment_2_window_7_ambient.wav,images/umass_tree8_robot_twig1_segment_2_window_7_ambient.jpg,ambient
audio/umass_tree8_robot_twig1_segment_2_window_8_ambient.wav,images/umass_tree8_robot_twig1_segment_2_window_8_ambient.jpg,ambient
audio/umass_tree8_robot_twig1_segment_3_window_0_contact.wav,images/umass_tree8_robot_twig1_segment_3_window_0_contact.jpg,twig
audio/umass_tree8_robot_twig1_segment_3_window_1_contact.wav,images/umass_tree8_robot_twig1_segment_3_window_1_contact.jpg,twig
audio/umass_tree8_robot_twig1_segment_3_window_2_contact.wav,images/umass_tree8_robot_twig1_segment_3_window_2_contact.jpg,twig
audio/umass_tree8_robot_twig1_segment_3_window_3_contact.wav,images/umass_tree8_robot_twig1_segment_3_window_3_contact.jpg,twig
audio/umass_tree8_robot_twig1_segment_3_window_4_contact.wav,images/umass_tree8_robot_twig1_segment_3_window_4_contact.jpg,twig
audio/umass_tree8_robot_twig1_segment_3_window_5_contact.wav,images/umass_tree8_robot_twig1_segment_3_window_5_contact.jpg,twig
audio/umass_tree8_robot_twig1_segment_3_window_6_contact.wav,images/umass_tree8_robot_twig1_segment_3_window_6_contact.jpg,twig
audio/umass_tree8_robot_twig1_segment_3_window_7_contact.wav,images/umass_tree8_robot_twig1_segment_3_window_7_contact.jpg,twig
audio/umass_tree8_robot_twig1_segment_4_window_0_ambient.wav,images/umass_tree8_robot_twig1_segment_4_window_0_ambient.jpg,ambient
audio/umass_tree8_robot_twig1_segment_4_window_1_ambient.wav,images/umass_tree8_robot_twig1_segment_4_window_1_ambient.jpg,ambient
audio/umass_tree8_robot_twig1_segment_4_window_2_ambient.wav,images/umass_tree8_robot_twig1_segment_4_window_2_ambient.jpg,ambient
audio/umass_tree8_robot_twig1_segment_4_window_3_ambient.wav,images/umass_tree8_robot_twig1_segment_4_window_3_ambient.jpg,ambient
audio/umass_tree8_robot_twig1_segment_4_window_4_ambient.wav,images/umass_tree8_robot_twig1_segment_4_window_4_ambient.jpg,ambient
audio/umass_tree8_robot_twig1_segment_4_window_5_ambient.wav,images/umass_tree8_robot_twig1_segment_4_window_5_ambient.jpg,ambient
audio/umass_tree8_robot_twig1_segment_4_window_6_ambient.wav,images/umass_tree8_robot_twig1_segment_4_window_6_ambient.jpg,ambient
audio/umass_tree8_robot_twig1_segment_4_window_7_ambient.wav,images/umass_tree8_robot_twig1_segment_4_window_7_ambient.jpg,ambient
audio/umass_tree8_robot_twig1_segment_4_window_8_ambient.wav,images/umass_tree8_robot_twig1_segment_4_window_8_ambient.jpg,ambient
audio/umass_tree8_robot_twig1_segment_4_window_9_ambient.wav,images/umass_tree8_robot_twig1_segment_4_window_9_ambient.jpg,ambient
audio/umass_tree8_robot_twig1_segment_5_window_0_contact.wav,images/umass_tree8_robot_twig1_segment_5_window_0_contact.jpg,twig
audio/umass_tree8_robot_twig1_segment_5_window_1_contact.wav,images/umass_tree8_robot_twig1_segment_5_window_1_contact.jpg,twig
audio/umass_tree8_robot_twig1_segment_5_window_2_contact.wav,images/umass_tree8_robot_twig1_segment_5_window_2_contact.jpg,twig
audio/umass_tree8_robot_twig1_segment_6_window_0_ambient.wav,images/umass_tree8_robot_twig1_segment_6_window_0_ambient.jpg,ambient
audio/umass_tree8_robot_twig1_segment_6_window_1_ambient.wav,images/umass_tree8_robot_twig1_segment_6_window_1_ambient.jpg,ambient
audio/umass_tree8_robot_twig1_segment_6_window_2_ambient.wav,images/umass_tree8_robot_twig1_segment_6_window_2_ambient.jpg,ambient
audio/umass_tree8_robot_twig1_segment_6_window_3_ambient.wav,images/umass_tree8_robot_twig1_segment_6_window_3_ambient.jpg,ambient
audio/umass_tree8_robot_twig1_segment_6_window_4_ambient.wav,images/umass_tree8_robot_twig1_segment_6_window_4_ambient.jpg,ambient
audio/umass_tree8_robot_twig1_segment_6_window_5_ambient.wav,images/umass_tree8_robot_twig1_segment_6_window_5_ambient.jpg,ambient
audio/umass_tree8_robot_twig1_segment_6_window_6_ambient.wav,images/umass_tree8_robot_twig1_segment_6_window_6_ambient.jpg,ambient
audio/umass_tree8_robot_twig1_segment_6_window_7_ambient.wav,images/umass_tree8_robot_twig1_segment_6_window_7_ambient.jpg,ambient
audio/umass_tree8_robot_twig1_segment_6_window_8_ambient.wav,images/umass_tree8_robot_twig1_segment_6_window_8_ambient.jpg,ambient
audio/umass_tree8_robot_twig1_segment_6_window_9_ambient.wav,images/umass_tree8_robot_twig1_segment_6_window_9_ambient.jpg,ambient
audio/umass_tree8_robot_twig1_segment_6_window_10_ambient.wav,images/umass_tree8_robot_twig1_segment_6_window_10_ambient.jpg,ambient
audio/umass_tree8_robot_twig1_segment_6_window_11_ambient.wav,images/umass_tree8_robot_twig1_segment_6_window_11_ambient.jpg,ambient
audio/umass_tree1_robot_leaf1_split_2_segment_0_window_0_contact.wav,images/umass_tree1_robot_leaf1_split_2_segment_0_window_0_contact.jpg,leaf
audio/umass_tree1_robot_leaf1_split_2_segment_0_window_1_contact.wav,images/umass_tree1_robot_leaf1_split_2_segment_0_window_1_contact.jpg,leaf
audio/umass_tree1_robot_leaf1_split_2_segment_0_window_2_contact.wav,images/umass_tree1_robot_leaf1_split_2_segment_0_window_2_contact.jpg,leaf
audio/umass_tree1_robot_leaf1_split_2_segment_0_window_3_contact.wav,images/umass_tree1_robot_leaf1_split_2_segment_0_window_3_contact.jpg,leaf
audio/umass_tree1_robot_leaf1_split_2_segment_0_window_4_contact.wav,images/umass_tree1_robot_leaf1_split_2_segment_0_window_4_contact.jpg,leaf
audio/umass_tree1_robot_leaf1_split_2_segment_0_window_5_contact.wav,images/umass_tree1_robot_leaf1_split_2_segment_0_window_5_contact.jpg,leaf
audio/umass_tree1_robot_leaf1_split_2_segment_0_window_6_contact.wav,images/umass_tree1_robot_leaf1_split_2_segment_0_window_6_contact.jpg,leaf
audio/umass_tree1_robot_leaf1_split_2_segment_0_window_7_contact.wav,images/umass_tree1_robot_leaf1_split_2_segment_0_window_7_contact.jpg,leaf
audio/umass_tree1_robot_leaf1_split_2_segment_0_window_8_contact.wav,images/umass_tree1_robot_leaf1_split_2_segment_0_window_8_contact.jpg,leaf
audio/umass_tree1_robot_leaf1_split_2_segment_1_window_0_contact.wav,images/umass_tree1_robot_leaf1_split_2_segment_1_window_0_contact.jpg,leaf
audio/umass_tree1_robot_leaf1_split_2_segment_1_window_1_contact.wav,images/umass_tree1_robot_leaf1_split_2_segment_1_window_1_contact.jpg,leaf
audio/umass_tree1_robot_leaf1_split_2_segment_1_window_2_contact.wav,images/umass_tree1_robot_leaf1_split_2_segment_1_window_2_contact.jpg,leaf
audio/umass_tree1_robot_leaf1_split_2_segment_1_window_3_contact.wav,images/umass_tree1_robot_leaf1_split_2_segment_1_window_3_contact.jpg,leaf
audio/umass_tree1_robot_leaf1_split_2_segment_1_window_4_contact.wav,images/umass_tree1_robot_leaf1_split_2_segment_1_window_4_contact.jpg,leaf
audio/umass_tree1_robot_leaf2_split_2_segment_0_window_0_contact.wav,images/umass_tree1_robot_leaf2_split_2_segment_0_window_0_contact.jpg,leaf
audio/umass_tree1_robot_leaf2_split_2_segment_0_window_1_contact.wav,images/umass_tree1_robot_leaf2_split_2_segment_0_window_1_contact.jpg,leaf
audio/umass_tree1_robot_leaf2_split_2_segment_0_window_2_contact.wav,images/umass_tree1_robot_leaf2_split_2_segment_0_window_2_contact.jpg,leaf
audio/umass_tree1_robot_leaf2_split_2_segment_0_window_3_contact.wav,images/umass_tree1_robot_leaf2_split_2_segment_0_window_3_contact.jpg,leaf
audio/umass_tree1_robot_leaf2_split_2_segment_0_window_4_contact.wav,images/umass_tree1_robot_leaf2_split_2_segment_0_window_4_contact.jpg,leaf
audio/umass_tree1_robot_leaf2_split_2_segment_0_window_5_contact.wav,images/umass_tree1_robot_leaf2_split_2_segment_0_window_5_contact.jpg,leaf
audio/umass_tree1_robot_leaf2_split_2_segment_0_window_6_contact.wav,images/umass_tree1_robot_leaf2_split_2_segment_0_window_6_contact.jpg,leaf
audio/umass_tree1_robot_leaf2_split_2_segment_0_window_7_contact.wav,images/umass_tree1_robot_leaf2_split_2_segment_0_window_7_contact.jpg,leaf
audio/umass_tree1_robot_leaf2_split_2_segment_0_window_8_contact.wav,images/umass_tree1_robot_leaf2_split_2_segment_0_window_8_contact.jpg,leaf
audio/umass_tree1_robot_leaf2_split_2_segment_0_window_9_contact.wav,images/umass_tree1_robot_leaf2_split_2_segment_0_window_9_contact.jpg,leaf
audio/umass_tree1_robot_leaf2_split_2_segment_0_window_10_contact.wav,images/umass_tree1_robot_leaf2_split_2_segment_0_window_10_contact.jpg,leaf
audio/umass_tree1_robot_leaf2_split_2_segment_0_window_11_contact.wav,images/umass_tree1_robot_leaf2_split_2_segment_0_window_11_contact.jpg,leaf
audio/umass_tree1_robot_leaf2_split_2_segment_0_window_12_contact.wav,images/umass_tree1_robot_leaf2_split_2_segment_0_window_12_contact.jpg,leaf
audio/umass_tree1_robot_leaf2_split_2_segment_1_window_0_contact.wav,images/umass_tree1_robot_leaf2_split_2_segment_1_window_0_contact.jpg,leaf
audio/umass_tree1_robot_leaf2_split_2_segment_1_window_1_contact.wav,images/umass_tree1_robot_leaf2_split_2_segment_1_window_1_contact.jpg,leaf
audio/umass_tree1_robot_leaf2_split_2_segment_1_window_2_contact.wav,images/umass_tree1_robot_leaf2_split_2_segment_1_window_2_contact.jpg,leaf
audio/umass_tree1_robot_leaf2_split_2_segment_1_window_3_contact.wav,images/umass_tree1_robot_leaf2_split_2_segment_1_window_3_contact.jpg,leaf
audio/umass_tree1_robot_leaf2_split_2_segment_1_window_4_contact.wav,images/umass_tree1_robot_leaf2_split_2_segment_1_window_4_contact.jpg,leaf
audio/umass_tree1_robot_leaf2_split_2_segment_1_window_5_contact.wav,images/umass_tree1_robot_leaf2_split_2_segment_1_window_5_contact.jpg,leaf
audio/umass_tree1_robot_leaf2_split_2_segment_2_window_0_contact.wav,images/umass_tree1_robot_leaf2_split_2_segment_2_window_0_contact.jpg,leaf
audio/umass_tree1_robot_leaf2_split_2_segment_2_window_1_contact.wav,images/umass_tree1_robot_leaf2_split_2_segment_2_window_1_contact.jpg,leaf
audio/umass_tree1_robot_leaf2_split_2_segment_2_window_2_contact.wav,images/umass_tree1_robot_leaf2_split_2_segment_2_window_2_contact.jpg,leaf
audio/umass_tree1_robot_leaf2_split_2_segment_2_window_3_contact.wav,images/umass_tree1_robot_leaf2_split_2_segment_2_window_3_contact.jpg,leaf
audio/umass_tree1_robot_leaf2_split_2_segment_3_window_0_ambient.wav,images/umass_tree1_robot_leaf2_split_2_segment_3_window_0_ambient.jpg,ambient
audio/umass_tree1_robot_leaf2_split_2_segment_3_window_1_ambient.wav,images/umass_tree1_robot_leaf2_split_2_segment_3_window_1_ambient.jpg,ambient
audio/umass_tree1_robot_leaf2_split_2_segment_3_window_2_ambient.wav,images/umass_tree1_robot_leaf2_split_2_segment_3_window_2_ambient.jpg,ambient
audio/umass_tree1_robot_leaf2_split_2_segment_4_window_0_ambient.wav,images/umass_tree1_robot_leaf2_split_2_segment_4_window_0_ambient.jpg,ambient
audio/umass_tree1_robot_leaf2_split_2_segment_4_window_1_ambient.wav,images/umass_tree1_robot_leaf2_split_2_segment_4_window_1_ambient.jpg,ambient
audio/umass_tree1_robot_leaf2_split_2_segment_4_window_2_ambient.wav,images/umass_tree1_robot_leaf2_split_2_segment_4_window_2_ambient.jpg,ambient
audio/umass_tree1_robot_leaf2_split_2_segment_4_window_3_ambient.wav,images/umass_tree1_robot_leaf2_split_2_segment_4_window_3_ambient.jpg,ambient
audio/umass_tree1_robot_leaf2_split_2_segment_4_window_4_ambient.wav,images/umass_tree1_robot_leaf2_split_2_segment_4_window_4_ambient.jpg,ambient
audio/umass_tree1_robot_leaf2_split_2_segment_4_window_5_ambient.wav,images/umass_tree1_robot_leaf2_split_2_segment_4_window_5_ambient.jpg,ambient
audio/umass_tree1_robot_leaf2_split_2_segment_4_window_6_ambient.wav,images/umass_tree1_robot_leaf2_split_2_segment_4_window_6_ambient.jpg,ambient
audio/umass_tree1_robot_leaf2_split_2_segment_4_window_7_ambient.wav,images/umass_tree1_robot_leaf2_split_2_segment_4_window_7_ambient.jpg,ambient
audio/umass_tree1_robot_leaf2_split_2_segment_4_window_8_ambient.wav,images/umass_tree1_robot_leaf2_split_2_segment_4_window_8_ambient.jpg,ambient
audio/umass_tree1_robot_leaf2_split_2_segment_4_window_9_ambient.wav,images/umass_tree1_robot_leaf2_split_2_segment_4_window_9_ambient.jpg,ambient
audio/umass_tree1_robot_leaf2_split_2_segment_4_window_10_ambient.wav,images/umass_tree1_robot_leaf2_split_2_segment_4_window_10_ambient.jpg,ambient
audio/umass_tree1_robot_leaf2_split_2_segment_4_window_11_ambient.wav,images/umass_tree1_robot_leaf2_split_2_segment_4_window_11_ambient.jpg,ambient
audio/umass_tree1_robot_leaf2_split_2_segment_4_window_12_ambient.wav,images/umass_tree1_robot_leaf2_split_2_segment_4_window_12_ambient.jpg,ambient
audio/umass_tree1_robot_leaf2_split_2_segment_4_window_13_ambient.wav,images/umass_tree1_robot_leaf2_split_2_segment_4_window_13_ambient.jpg,ambient
audio/umass_tree1_robot_leaf2_split_2_segment_4_window_14_ambient.wav,images/umass_tree1_robot_leaf2_split_2_segment_4_window_14_ambient.jpg,ambient
audio/umass_tree1_robot_leaf2_split_2_segment_4_window_15_ambient.wav,images/umass_tree1_robot_leaf2_split_2_segment_4_window_15_ambient.jpg,ambient
audio/umass_tree1_robot_leaf2_split_2_segment_4_window_16_ambient.wav,images/umass_tree1_robot_leaf2_split_2_segment_4_window_16_ambient.jpg,ambient
audio/umass_tree1_robot_leaf2_split_2_segment_4_window_17_ambient.wav,images/umass_tree1_robot_leaf2_split_2_segment_4_window_17_ambient.jpg,ambient
audio/umass_tree1_robot_leaf2_split_2_segment_4_window_18_ambient.wav,images/umass_tree1_robot_leaf2_split_2_segment_4_window_18_ambient.jpg,ambient
audio/umass_tree1_robot_leaf2_split_2_segment_4_window_19_ambient.wav,images/umass_tree1_robot_leaf2_split_2_segment_4_window_19_ambient.jpg,ambient
audio/umass_tree1_robot_leaf2_split_2_segment_4_window_20_ambient.wav,images/umass_tree1_robot_leaf2_split_2_segment_4_window_20_ambient.jpg,ambient
audio/umass_tree1_robot_leaf2_split_2_segment_5_window_0_contact.wav,images/umass_tree1_robot_leaf2_split_2_segment_5_window_0_contact.jpg,leaf
audio/umass_tree1_robot_leaf2_split_2_segment_5_window_1_contact.wav,images/umass_tree1_robot_leaf2_split_2_segment_5_window_1_contact.jpg,leaf
audio/umass_tree6_robot_twig2_segment_0_window_0_ambient.wav,images/umass_tree6_robot_twig2_segment_0_window_0_ambient.jpg,ambient
audio/umass_tree6_robot_twig2_segment_0_window_1_ambient.wav,images/umass_tree6_robot_twig2_segment_0_window_1_ambient.jpg,ambient
audio/umass_tree6_robot_twig2_segment_1_window_0_contact.wav,images/umass_tree6_robot_twig2_segment_1_window_0_contact.jpg,twig
audio/umass_tree6_robot_twig2_segment_1_window_1_contact.wav,images/umass_tree6_robot_twig2_segment_1_window_1_contact.jpg,twig
audio/umass_tree6_robot_twig2_segment_1_window_2_contact.wav,images/umass_tree6_robot_twig2_segment_1_window_2_contact.jpg,twig
audio/umass_tree6_robot_twig2_segment_1_window_3_contact.wav,images/umass_tree6_robot_twig2_segment_1_window_3_contact.jpg,twig
audio/umass_tree6_robot_twig2_segment_1_window_4_contact.wav,images/umass_tree6_robot_twig2_segment_1_window_4_contact.jpg,twig
audio/umass_tree6_robot_twig2_segment_1_window_5_contact.wav,images/umass_tree6_robot_twig2_segment_1_window_5_contact.jpg,twig
audio/umass_tree6_robot_twig2_segment_1_window_6_contact.wav,images/umass_tree6_robot_twig2_segment_1_window_6_contact.jpg,twig
audio/umass_tree6_robot_twig2_segment_1_window_7_contact.wav,images/umass_tree6_robot_twig2_segment_1_window_7_contact.jpg,twig
audio/umass_tree6_robot_twig2_segment_1_window_8_contact.wav,images/umass_tree6_robot_twig2_segment_1_window_8_contact.jpg,twig
audio/umass_tree6_robot_twig2_segment_1_window_9_contact.wav,images/umass_tree6_robot_twig2_segment_1_window_9_contact.jpg,twig
audio/umass_tree6_robot_twig2_segment_2_window_0_contact.wav,images/umass_tree6_robot_twig2_segment_2_window_0_contact.jpg,twig
audio/umass_tree6_robot_twig2_segment_2_window_1_contact.wav,images/umass_tree6_robot_twig2_segment_2_window_1_contact.jpg,twig
audio/umass_tree6_robot_twig2_segment_2_window_2_contact.wav,images/umass_tree6_robot_twig2_segment_2_window_2_contact.jpg,twig
audio/umass_tree6_robot_twig2_segment_2_window_3_contact.wav,images/umass_tree6_robot_twig2_segment_2_window_3_contact.jpg,twig
audio/umass_tree6_robot_twig2_segment_2_window_4_contact.wav,images/umass_tree6_robot_twig2_segment_2_window_4_contact.jpg,twig
audio/umass_tree6_robot_twig2_segment_2_window_5_contact.wav,images/umass_tree6_robot_twig2_segment_2_window_5_contact.jpg,twig
audio/umass_tree6_robot_twig2_segment_2_window_6_contact.wav,images/umass_tree6_robot_twig2_segment_2_window_6_contact.jpg,twig
audio/umass_tree6_robot_twig2_segment_2_window_7_contact.wav,images/umass_tree6_robot_twig2_segment_2_window_7_contact.jpg,twig
audio/umass_tree6_robot_twig2_segment_2_window_8_contact.wav,images/umass_tree6_robot_twig2_segment_2_window_8_contact.jpg,twig
audio/umass_tree6_robot_twig2_segment_2_window_9_contact.wav,images/umass_tree6_robot_twig2_segment_2_window_9_contact.jpg,twig
audio/umass_tree6_robot_twig2_segment_2_window_10_contact.wav,images/umass_tree6_robot_twig2_segment_2_window_10_contact.jpg,twig
audio/umass_tree6_robot_twig2_segment_2_window_11_contact.wav,images/umass_tree6_robot_twig2_segment_2_window_11_contact.jpg,twig
audio/umass_tree6_robot_twig2_segment_2_window_12_contact.wav,images/umass_tree6_robot_twig2_segment_2_window_12_contact.jpg,twig
audio/umass_tree6_robot_twig2_segment_2_window_13_contact.wav,images/umass_tree6_robot_twig2_segment_2_window_13_contact.jpg,twig
audio/umass_tree6_robot_twig2_segment_2_window_14_contact.wav,images/umass_tree6_robot_twig2_segment_2_window_14_contact.jpg,twig
audio/umass_tree6_robot_twig2_segment_3_window_0_ambient.wav,images/umass_tree6_robot_twig2_segment_3_window_0_ambient.jpg,ambient
audio/umass_tree6_robot_twig2_segment_3_window_1_ambient.wav,images/umass_tree6_robot_twig2_segment_3_window_1_ambient.jpg,ambient
audio/umass_tree6_robot_twig2_segment_3_window_2_ambient.wav,images/umass_tree6_robot_twig2_segment_3_window_2_ambient.jpg,ambient
audio/umass_tree6_robot_twig2_segment_3_window_3_ambient.wav,images/umass_tree6_robot_twig2_segment_3_window_3_ambient.jpg,ambient
audio/umass_tree6_robot_twig2_segment_3_window_4_ambient.wav,images/umass_tree6_robot_twig2_segment_3_window_4_ambient.jpg,ambient
audio/umass_tree6_robot_twig2_segment_4_window_0_ambient.wav,images/umass_tree6_robot_twig2_segment_4_window_0_ambient.jpg,ambient
audio/umass_tree6_robot_twig2_segment_4_window_1_ambient.wav,images/umass_tree6_robot_twig2_segment_4_window_1_ambient.jpg,ambient
audio/umass_tree6_robot_twig2_segment_4_window_2_ambient.wav,images/umass_tree6_robot_twig2_segment_4_window_2_ambient.jpg,ambient
audio/umass_tree6_robot_twig2_segment_4_window_3_ambient.wav,images/umass_tree6_robot_twig2_segment_4_window_3_ambient.jpg,ambient
audio/umass_tree6_robot_twig2_segment_4_window_4_ambient.wav,images/umass_tree6_robot_twig2_segment_4_window_4_ambient.jpg,ambient
audio/umass_tree6_robot_twig2_segment_4_window_5_ambient.wav,images/umass_tree6_robot_twig2_segment_4_window_5_ambient.jpg,ambient
audio/umass_tree6_robot_twig2_segment_4_window_6_ambient.wav,images/umass_tree6_robot_twig2_segment_4_window_6_ambient.jpg,ambient
audio/umass_tree6_robot_twig2_segment_4_window_7_ambient.wav,images/umass_tree6_robot_twig2_segment_4_window_7_ambient.jpg,ambient
audio/umass_tree6_robot_twig2_segment_4_window_8_ambient.wav,images/umass_tree6_robot_twig2_segment_4_window_8_ambient.jpg,ambient
audio/umass_tree6_robot_twig2_segment_4_window_9_ambient.wav,images/umass_tree6_robot_twig2_segment_4_window_9_ambient.jpg,ambient
audio/umass_tree6_robot_twig2_segment_4_window_10_ambient.wav,images/umass_tree6_robot_twig2_segment_4_window_10_ambient.jpg,ambient
audio/umass_tree6_robot_twig2_segment_4_window_11_ambient.wav,images/umass_tree6_robot_twig2_segment_4_window_11_ambient.jpg,ambient
audio/umass_tree8_robot_twig2_segment_0_window_0_ambient.wav,images/umass_tree8_robot_twig2_segment_0_window_0_ambient.jpg,ambient
audio/umass_tree8_robot_twig2_segment_0_window_1_ambient.wav,images/umass_tree8_robot_twig2_segment_0_window_1_ambient.jpg,ambient
audio/umass_tree8_robot_twig2_segment_1_window_0_contact.wav,images/umass_tree8_robot_twig2_segment_1_window_0_contact.jpg,twig
audio/umass_tree8_robot_twig2_segment_1_window_1_contact.wav,images/umass_tree8_robot_twig2_segment_1_window_1_contact.jpg,twig
audio/umass_tree8_robot_twig2_segment_1_window_2_contact.wav,images/umass_tree8_robot_twig2_segment_1_window_2_contact.jpg,twig
audio/umass_tree8_robot_twig2_segment_1_window_3_contact.wav,images/umass_tree8_robot_twig2_segment_1_window_3_contact.jpg,twig
audio/umass_tree8_robot_twig2_segment_2_window_0_contact.wav,images/umass_tree8_robot_twig2_segment_2_window_0_contact.jpg,twig
audio/umass_tree8_robot_twig2_segment_2_window_1_contact.wav,images/umass_tree8_robot_twig2_segment_2_window_1_contact.jpg,twig
audio/umass_tree8_robot_twig2_segment_2_window_2_contact.wav,images/umass_tree8_robot_twig2_segment_2_window_2_contact.jpg,twig
audio/umass_tree8_robot_twig2_segment_2_window_3_contact.wav,images/umass_tree8_robot_twig2_segment_2_window_3_contact.jpg,twig
audio/umass_tree8_robot_twig2_segment_2_window_4_contact.wav,images/umass_tree8_robot_twig2_segment_2_window_4_contact.jpg,twig
audio/umass_tree8_robot_twig2_segment_2_window_5_contact.wav,images/umass_tree8_robot_twig2_segment_2_window_5_contact.jpg,twig
audio/umass_tree8_robot_twig2_segment_3_window_0_ambient.wav,images/umass_tree8_robot_twig2_segment_3_window_0_ambient.jpg,ambient
audio/umass_tree8_robot_twig2_segment_3_window_1_ambient.wav,images/umass_tree8_robot_twig2_segment_3_window_1_ambient.jpg,ambient
audio/umass_tree8_robot_twig2_segment_3_window_2_ambient.wav,images/umass_tree8_robot_twig2_segment_3_window_2_ambient.jpg,ambient
audio/umass_tree8_robot_twig2_segment_4_window_0_ambient.wav,images/umass_tree8_robot_twig2_segment_4_window_0_ambient.jpg,ambient
audio/umass_tree8_robot_twig2_segment_5_window_0_ambient.wav,images/umass_tree8_robot_twig2_segment_5_window_0_ambient.jpg,ambient
audio/umass_tree8_robot_twig2_segment_5_window_1_ambient.wav,images/umass_tree8_robot_twig2_segment_5_window_1_ambient.jpg,ambient
audio/umass_tree8_robot_twig2_segment_5_window_2_ambient.wav,images/umass_tree8_robot_twig2_segment_5_window_2_ambient.jpg,ambient
audio/umass_tree8_robot_twig2_segment_5_window_3_ambient.wav,images/umass_tree8_robot_twig2_segment_5_window_3_ambient.jpg,ambient
audio/umass_tree8_robot_twig2_segment_5_window_4_ambient.wav,images/umass_tree8_robot_twig2_segment_5_window_4_ambient.jpg,ambient
audio/umass_tree8_robot_twig2_segment_5_window_5_ambient.wav,images/umass_tree8_robot_twig2_segment_5_window_5_ambient.jpg,ambient
audio/umass_tree8_robot_twig2_segment_5_window_6_ambient.wav,images/umass_tree8_robot_twig2_segment_5_window_6_ambient.jpg,ambient
audio/umass_tree8_robot_twig2_segment_5_window_7_ambient.wav,images/umass_tree8_robot_twig2_segment_5_window_7_ambient.jpg,ambient
audio/umass_tree8_robot_twig2_segment_5_window_8_ambient.wav,images/umass_tree8_robot_twig2_segment_5_window_8_ambient.jpg,ambient
audio/umass_tree8_robot_twig2_segment_5_window_9_ambient.wav,images/umass_tree8_robot_twig2_segment_5_window_9_ambient.jpg,ambient
audio/umass_tree8_robot_twig2_segment_5_window_10_ambient.wav,images/umass_tree8_robot_twig2_segment_5_window_10_ambient.jpg,ambient
audio/umass_tree8_robot_twig2_segment_5_window_11_ambient.wav,images/umass_tree8_robot_twig2_segment_5_window_11_ambient.jpg,ambient
audio/umass_tree8_robot_twig2_segment_5_window_12_ambient.wav,images/umass_tree8_robot_twig2_segment_5_window_12_ambient.jpg,ambient
audio/umass_tree8_robot_twig2_segment_5_window_13_ambient.wav,images/umass_tree8_robot_twig2_segment_5_window_13_ambient.jpg,ambient
audio/umass_tree8_robot_twig2_segment_6_window_0_contact.wav,images/umass_tree8_robot_twig2_segment_6_window_0_contact.jpg,twig
audio/umass_tree8_robot_twig2_segment_6_window_1_contact.wav,images/umass_tree8_robot_twig2_segment_6_window_1_contact.jpg,twig
audio/umass_tree8_robot_twig2_segment_6_window_2_contact.wav,images/umass_tree8_robot_twig2_segment_6_window_2_contact.jpg,twig
audio/umass_tree8_robot_twig2_segment_6_window_3_contact.wav,images/umass_tree8_robot_twig2_segment_6_window_3_contact.jpg,twig
audio/umass_tree8_robot_twig2_segment_6_window_4_contact.wav,images/umass_tree8_robot_twig2_segment_6_window_4_contact.jpg,twig
audio/umass_tree8_robot_twig2_segment_6_window_5_contact.wav,images/umass_tree8_robot_twig2_segment_6_window_5_contact.jpg,twig
audio/umass_tree8_robot_twig2_segment_6_window_6_contact.wav,images/umass_tree8_robot_twig2_segment_6_window_6_contact.jpg,twig
audio/umass_tree8_robot_twig2_segment_6_window_7_contact.wav,images/umass_tree8_robot_twig2_segment_6_window_7_contact.jpg,twig
audio/umass_tree8_robot_twig2_segment_6_window_8_contact.wav,images/umass_tree8_robot_twig2_segment_6_window_8_contact.jpg,twig
audio/umass_tree8_robot_twig2_segment_6_window_9_contact.wav,images/umass_tree8_robot_twig2_segment_6_window_9_contact.jpg,twig
audio/umass_tree8_robot_twig2_segment_6_window_10_contact.wav,images/umass_tree8_robot_twig2_segment_6_window_10_contact.jpg,twig
audio/umass_tree8_robot_twig2_segment_6_window_11_contact.wav,images/umass_tree8_robot_twig2_segment_6_window_11_contact.jpg,twig
audio/umass_tree8_robot_twig2_segment_7_window_0_contact.wav,images/umass_tree8_robot_twig2_segment_7_window_0_contact.jpg,twig
audio/umass_tree8_robot_twig2_segment_8_window_0_contact.wav,images/umass_tree8_robot_twig2_segment_8_window_0_contact.jpg,twig
audio/umass_tree8_robot_twig2_segment_8_window_1_contact.wav,images/umass_tree8_robot_twig2_segment_8_window_1_contact.jpg,twig
audio/umass_tree8_robot_twig2_segment_8_window_2_contact.wav,images/umass_tree8_robot_twig2_segment_8_window_2_contact.jpg,twig
audio/umass_tree8_robot_twig2_segment_8_window_3_contact.wav,images/umass_tree8_robot_twig2_segment_8_window_3_contact.jpg,twig
audio/umass_tree8_robot_twig2_segment_8_window_4_contact.wav,images/umass_tree8_robot_twig2_segment_8_window_4_contact.jpg,twig
audio/umass_tree8_robot_twig2_segment_8_window_5_contact.wav,images/umass_tree8_robot_twig2_segment_8_window_5_contact.jpg,twig
audio/umass_tree8_robot_twig2_segment_8_window_6_contact.wav,images/umass_tree8_robot_twig2_segment_8_window_6_contact.jpg,twig
audio/umass_tree8_robot_twig2_segment_8_window_7_contact.wav,images/umass_tree8_robot_twig2_segment_8_window_7_contact.jpg,twig
audio/umass_tree8_robot_twig2_segment_9_window_0_ambient.wav,images/umass_tree8_robot_twig2_segment_9_window_0_ambient.jpg,ambient
audio/umass_tree8_robot_twig2_segment_9_window_1_ambient.wav,images/umass_tree8_robot_twig2_segment_9_window_1_ambient.jpg,ambient
audio/umass_tree8_robot_twig2_segment_9_window_2_ambient.wav,images/umass_tree8_robot_twig2_segment_9_window_2_ambient.jpg,ambient
audio/umass_tree8_robot_twig2_segment_9_window_3_ambient.wav,images/umass_tree8_robot_twig2_segment_9_window_3_ambient.jpg,ambient
audio/umass_tree5_robot_trunk1_segment_0_window_0_ambient.wav,images/umass_tree5_robot_trunk1_segment_0_window_0_ambient.jpg,ambient
audio/umass_tree5_robot_trunk1_segment_0_window_1_ambient.wav,images/umass_tree5_robot_trunk1_segment_0_window_1_ambient.jpg,ambient
audio/umass_tree5_robot_trunk1_segment_0_window_2_ambient.wav,images/umass_tree5_robot_trunk1_segment_0_window_2_ambient.jpg,ambient
audio/umass_tree5_robot_trunk1_segment_0_window_3_ambient.wav,images/umass_tree5_robot_trunk1_segment_0_window_3_ambient.jpg,ambient
audio/umass_tree5_robot_trunk1_segment_0_window_4_ambient.wav,images/umass_tree5_robot_trunk1_segment_0_window_4_ambient.jpg,ambient
audio/umass_tree5_robot_trunk1_segment_0_window_5_ambient.wav,images/umass_tree5_robot_trunk1_segment_0_window_5_ambient.jpg,ambient
audio/umass_tree5_robot_trunk1_segment_1_window_0_ambient.wav,images/umass_tree5_robot_trunk1_segment_1_window_0_ambient.jpg,ambient
audio/umass_tree5_robot_trunk1_segment_1_window_1_ambient.wav,images/umass_tree5_robot_trunk1_segment_1_window_1_ambient.jpg,ambient
audio/umass_tree5_robot_trunk1_segment_1_window_2_ambient.wav,images/umass_tree5_robot_trunk1_segment_1_window_2_ambient.jpg,ambient
audio/umass_tree5_robot_trunk1_segment_2_window_0_ambient.wav,images/umass_tree5_robot_trunk1_segment_2_window_0_ambient.jpg,ambient
audio/umass_tree5_robot_trunk1_segment_2_window_1_ambient.wav,images/umass_tree5_robot_trunk1_segment_2_window_1_ambient.jpg,ambient
audio/umass_tree5_robot_trunk1_segment_2_window_2_ambient.wav,images/umass_tree5_robot_trunk1_segment_2_window_2_ambient.jpg,ambient
audio/umass_tree5_robot_trunk1_segment_2_window_3_ambient.wav,images/umass_tree5_robot_trunk1_segment_2_window_3_ambient.jpg,ambient
audio/umass_tree5_robot_trunk1_segment_2_window_4_ambient.wav,images/umass_tree5_robot_trunk1_segment_2_window_4_ambient.jpg,ambient
audio/umass_tree5_robot_trunk1_segment_2_window_5_ambient.wav,images/umass_tree5_robot_trunk1_segment_2_window_5_ambient.jpg,ambient
audio/umass_tree5_robot_trunk1_segment_2_window_6_ambient.wav,images/umass_tree5_robot_trunk1_segment_2_window_6_ambient.jpg,ambient
audio/umass_tree5_robot_trunk1_segment_2_window_7_ambient.wav,images/umass_tree5_robot_trunk1_segment_2_window_7_ambient.jpg,ambient
audio/umass_tree5_robot_trunk1_segment_2_window_8_ambient.wav,images/umass_tree5_robot_trunk1_segment_2_window_8_ambient.jpg,ambient
audio/umass_tree5_robot_trunk1_segment_2_window_9_ambient.wav,images/umass_tree5_robot_trunk1_segment_2_window_9_ambient.jpg,ambient
audio/umass_tree5_robot_trunk1_segment_3_window_0_contact.wav,images/umass_tree5_robot_trunk1_segment_3_window_0_contact.jpg,trunk
audio/umass_tree5_robot_trunk1_segment_3_window_1_contact.wav,images/umass_tree5_robot_trunk1_segment_3_window_1_contact.jpg,trunk
audio/umass_tree5_robot_trunk1_segment_3_window_2_contact.wav,images/umass_tree5_robot_trunk1_segment_3_window_2_contact.jpg,trunk
audio/umass_tree5_robot_trunk1_segment_3_window_3_contact.wav,images/umass_tree5_robot_trunk1_segment_3_window_3_contact.jpg,trunk
audio/umass_tree5_robot_trunk1_segment_3_window_4_contact.wav,images/umass_tree5_robot_trunk1_segment_3_window_4_contact.jpg,trunk
audio/umass_tree5_robot_trunk1_segment_3_window_5_contact.wav,images/umass_tree5_robot_trunk1_segment_3_window_5_contact.jpg,trunk
audio/umass_tree5_robot_trunk1_segment_3_window_6_contact.wav,images/umass_tree5_robot_trunk1_segment_3_window_6_contact.jpg,trunk
audio/umass_tree5_robot_trunk1_segment_3_window_7_contact.wav,images/umass_tree5_robot_trunk1_segment_3_window_7_contact.jpg,trunk
audio/umass_tree5_robot_trunk1_segment_3_window_8_contact.wav,images/umass_tree5_robot_trunk1_segment_3_window_8_contact.jpg,trunk
audio/umass_tree5_robot_trunk1_segment_3_window_9_contact.wav,images/umass_tree5_robot_trunk1_segment_3_window_9_contact.jpg,trunk
audio/umass_tree5_robot_trunk1_segment_3_window_10_contact.wav,images/umass_tree5_robot_trunk1_segment_3_window_10_contact.jpg,trunk
audio/umass_tree5_robot_trunk1_segment_3_window_11_contact.wav,images/umass_tree5_robot_trunk1_segment_3_window_11_contact.jpg,trunk
audio/umass_tree5_robot_trunk1_segment_3_window_12_contact.wav,images/umass_tree5_robot_trunk1_segment_3_window_12_contact.jpg,trunk
audio/umass_tree5_robot_trunk1_segment_3_window_13_contact.wav,images/umass_tree5_robot_trunk1_segment_3_window_13_contact.jpg,trunk
audio/umass_tree5_robot_trunk1_segment_3_window_14_contact.wav,images/umass_tree5_robot_trunk1_segment_3_window_14_contact.jpg,trunk
audio/umass_tree5_robot_trunk1_segment_4_window_0_ambient.wav,images/umass_tree5_robot_trunk1_segment_4_window_0_ambient.jpg,ambient
audio/umass_tree5_robot_trunk1_segment_4_window_1_ambient.wav,images/umass_tree5_robot_trunk1_segment_4_window_1_ambient.jpg,ambient
audio/umass_tree5_robot_trunk1_segment_4_window_2_ambient.wav,images/umass_tree5_robot_trunk1_segment_4_window_2_ambient.jpg,ambient
audio/umass_tree5_robot_trunk1_segment_4_window_3_ambient.wav,images/umass_tree5_robot_trunk1_segment_4_window_3_ambient.jpg,ambient
audio/umass_tree5_robot_trunk1_segment_4_window_4_ambient.wav,images/umass_tree5_robot_trunk1_segment_4_window_4_ambient.jpg,ambient
audio/umass_tree5_robot_trunk1_segment_4_window_5_ambient.wav,images/umass_tree5_robot_trunk1_segment_4_window_5_ambient.jpg,ambient
audio/umass_tree3_robot_leaf1_segment_0_window_0_ambient.wav,images/umass_tree3_robot_leaf1_segment_0_window_0_ambient.jpg,ambient
audio/umass_tree3_robot_leaf1_segment_0_window_1_ambient.wav,images/umass_tree3_robot_leaf1_segment_0_window_1_ambient.jpg,ambient
audio/umass_tree3_robot_leaf1_segment_0_window_2_ambient.wav,images/umass_tree3_robot_leaf1_segment_0_window_2_ambient.jpg,ambient
audio/umass_tree3_robot_leaf1_segment_0_window_3_ambient.wav,images/umass_tree3_robot_leaf1_segment_0_window_3_ambient.jpg,ambient
audio/umass_tree3_robot_leaf1_segment_0_window_4_ambient.wav,images/umass_tree3_robot_leaf1_segment_0_window_4_ambient.jpg,ambient
audio/umass_tree3_robot_leaf1_segment_1_window_0_contact.wav,images/umass_tree3_robot_leaf1_segment_1_window_0_contact.jpg,leaf
audio/umass_tree3_robot_leaf1_segment_1_window_1_contact.wav,images/umass_tree3_robot_leaf1_segment_1_window_1_contact.jpg,leaf
audio/umass_tree3_robot_leaf1_segment_2_window_0_contact.wav,images/umass_tree3_robot_leaf1_segment_2_window_0_contact.jpg,leaf
audio/umass_tree3_robot_leaf1_segment_2_window_1_contact.wav,images/umass_tree3_robot_leaf1_segment_2_window_1_contact.jpg,leaf
audio/umass_tree3_robot_leaf1_segment_2_window_2_contact.wav,images/umass_tree3_robot_leaf1_segment_2_window_2_contact.jpg,leaf
audio/umass_tree3_robot_leaf1_segment_2_window_3_contact.wav,images/umass_tree3_robot_leaf1_segment_2_window_3_contact.jpg,leaf
audio/umass_tree3_robot_leaf1_segment_2_window_4_contact.wav,images/umass_tree3_robot_leaf1_segment_2_window_4_contact.jpg,leaf
audio/umass_tree3_robot_leaf1_segment_2_window_5_contact.wav,images/umass_tree3_robot_leaf1_segment_2_window_5_contact.jpg,leaf
audio/umass_tree3_robot_leaf1_segment_3_window_0_ambient.wav,images/umass_tree3_robot_leaf1_segment_3_window_0_ambient.jpg,ambient
audio/umass_tree3_robot_leaf1_segment_3_window_1_ambient.wav,images/umass_tree3_robot_leaf1_segment_3_window_1_ambient.jpg,ambient
audio/umass_tree3_robot_leaf1_segment_3_window_2_ambient.wav,images/umass_tree3_robot_leaf1_segment_3_window_2_ambient.jpg,ambient
audio/umass_tree3_robot_leaf1_segment_3_window_3_ambient.wav,images/umass_tree3_robot_leaf1_segment_3_window_3_ambient.jpg,ambient
audio/umass_tree3_robot_leaf1_segment_3_window_4_ambient.wav,images/umass_tree3_robot_leaf1_segment_3_window_4_ambient.jpg,ambient
audio/umass_tree3_robot_leaf1_segment_4_window_0_ambient.wav,images/umass_tree3_robot_leaf1_segment_4_window_0_ambient.jpg,ambient
audio/umass_tree3_robot_leaf1_segment_4_window_1_ambient.wav,images/umass_tree3_robot_leaf1_segment_4_window_1_ambient.jpg,ambient
audio/umass_tree3_robot_leaf1_segment_4_window_2_ambient.wav,images/umass_tree3_robot_leaf1_segment_4_window_2_ambient.jpg,ambient
audio/umass_tree3_robot_leaf1_segment_4_window_3_ambient.wav,images/umass_tree3_robot_leaf1_segment_4_window_3_ambient.jpg,ambient
audio/umass_tree3_robot_leaf1_segment_4_window_4_ambient.wav,images/umass_tree3_robot_leaf1_segment_4_window_4_ambient.jpg,ambient
audio/umass_tree3_robot_leaf1_segment_4_window_5_ambient.wav,images/umass_tree3_robot_leaf1_segment_4_window_5_ambient.jpg,ambient
audio/umass_tree3_robot_leaf1_segment_4_window_6_ambient.wav,images/umass_tree3_robot_leaf1_segment_4_window_6_ambient.jpg,ambient
audio/umass_tree3_robot_leaf1_segment_4_window_7_ambient.wav,images/umass_tree3_robot_leaf1_segment_4_window_7_ambient.jpg,ambient
audio/umass_tree3_robot_leaf1_segment_4_window_8_ambient.wav,images/umass_tree3_robot_leaf1_segment_4_window_8_ambient.jpg,ambient
audio/umass_tree3_robot_leaf1_segment_4_window_9_ambient.wav,images/umass_tree3_robot_leaf1_segment_4_window_9_ambient.jpg,ambient
audio/umass_tree3_robot_leaf1_segment_4_window_10_ambient.wav,images/umass_tree3_robot_leaf1_segment_4_window_10_ambient.jpg,ambient
audio/umass_tree3_robot_leaf1_segment_4_window_11_ambient.wav,images/umass_tree3_robot_leaf1_segment_4_window_11_ambient.jpg,ambient
audio/umass_tree3_robot_leaf1_segment_5_window_0_contact.wav,images/umass_tree3_robot_leaf1_segment_5_window_0_contact.jpg,leaf
audio/umass_tree3_robot_leaf1_segment_5_window_1_contact.wav,images/umass_tree3_robot_leaf1_segment_5_window_1_contact.jpg,leaf
audio/umass_tree3_robot_leaf1_segment_5_window_2_contact.wav,images/umass_tree3_robot_leaf1_segment_5_window_2_contact.jpg,leaf
audio/umass_tree3_robot_leaf1_segment_5_window_3_contact.wav,images/umass_tree3_robot_leaf1_segment_5_window_3_contact.jpg,leaf
audio/umass_tree3_robot_leaf1_segment_5_window_4_contact.wav,images/umass_tree3_robot_leaf1_segment_5_window_4_contact.jpg,leaf
audio/umass_tree3_robot_leaf1_segment_5_window_5_contact.wav,images/umass_tree3_robot_leaf1_segment_5_window_5_contact.jpg,leaf
audio/umass_tree3_robot_leaf1_segment_5_window_6_contact.wav,images/umass_tree3_robot_leaf1_segment_5_window_6_contact.jpg,leaf
audio/umass_tree3_robot_leaf1_segment_5_window_7_contact.wav,images/umass_tree3_robot_leaf1_segment_5_window_7_contact.jpg,leaf
audio/umass_tree3_robot_leaf1_segment_5_window_8_contact.wav,images/umass_tree3_robot_leaf1_segment_5_window_8_contact.jpg,leaf
audio/umass_tree3_robot_leaf1_segment_5_window_9_contact.wav,images/umass_tree3_robot_leaf1_segment_5_window_9_contact.jpg,leaf
audio/umass_tree3_robot_leaf1_segment_6_window_0_contact.wav,images/umass_tree3_robot_leaf1_segment_6_window_0_contact.jpg,leaf
audio/umass_tree3_robot_leaf1_segment_6_window_1_contact.wav,images/umass_tree3_robot_leaf1_segment_6_window_1_contact.jpg,leaf
audio/umass_tree3_robot_leaf1_segment_6_window_2_contact.wav,images/umass_tree3_robot_leaf1_segment_6_window_2_contact.jpg,leaf
audio/umass_tree3_robot_leaf1_segment_6_window_3_contact.wav,images/umass_tree3_robot_leaf1_segment_6_window_3_contact.jpg,leaf
audio/umass_tree3_robot_leaf1_segment_6_window_4_contact.wav,images/umass_tree3_robot_leaf1_segment_6_window_4_contact.jpg,leaf
audio/umass_tree3_robot_leaf1_segment_6_window_5_contact.wav,images/umass_tree3_robot_leaf1_segment_6_window_5_contact.jpg,leaf
audio/umass_tree3_robot_leaf1_segment_6_window_6_contact.wav,images/umass_tree3_robot_leaf1_segment_6_window_6_contact.jpg,leaf
audio/umass_tree3_robot_leaf1_segment_6_window_7_contact.wav,images/umass_tree3_robot_leaf1_segment_6_window_7_contact.jpg,leaf
audio/umass_tree3_robot_leaf1_segment_6_window_8_contact.wav,images/umass_tree3_robot_leaf1_segment_6_window_8_contact.jpg,leaf
audio/umass_tree3_robot_leaf1_segment_6_window_9_contact.wav,images/umass_tree3_robot_leaf1_segment_6_window_9_contact.jpg,leaf
audio/umass_tree3_robot_leaf1_segment_7_window_0_ambient.wav,images/umass_tree3_robot_leaf1_segment_7_window_0_ambient.jpg,ambient
audio/umass_tree3_robot_leaf1_segment_7_window_1_ambient.wav,images/umass_tree3_robot_leaf1_segment_7_window_1_ambient.jpg,ambient
audio/umass_tree3_robot_leaf1_segment_8_window_0_contact.wav,images/umass_tree3_robot_leaf1_segment_8_window_0_contact.jpg,leaf
audio/umass_tree1_robot_trunk2_split_1_segment_0_window_0_ambient.wav,images/umass_tree1_robot_trunk2_split_1_segment_0_window_0_ambient.jpg,ambient
audio/umass_tree1_robot_trunk2_split_1_segment_0_window_1_ambient.wav,images/umass_tree1_robot_trunk2_split_1_segment_0_window_1_ambient.jpg,ambient
audio/umass_tree1_robot_trunk2_split_1_segment_0_window_2_ambient.wav,images/umass_tree1_robot_trunk2_split_1_segment_0_window_2_ambient.jpg,ambient
audio/umass_tree1_robot_trunk2_split_1_segment_1_window_0_contact.wav,images/umass_tree1_robot_trunk2_split_1_segment_1_window_0_contact.jpg,trunk
audio/umass_tree1_robot_trunk2_split_1_segment_1_window_1_contact.wav,images/umass_tree1_robot_trunk2_split_1_segment_1_window_1_contact.jpg,trunk
audio/umass_tree1_robot_trunk2_split_1_segment_1_window_2_contact.wav,images/umass_tree1_robot_trunk2_split_1_segment_1_window_2_contact.jpg,trunk
audio/umass_tree1_robot_trunk2_split_1_segment_1_window_3_contact.wav,images/umass_tree1_robot_trunk2_split_1_segment_1_window_3_contact.jpg,trunk
audio/umass_tree1_robot_trunk2_split_1_segment_2_window_0_ambient.wav,images/umass_tree1_robot_trunk2_split_1_segment_2_window_0_ambient.jpg,ambient
audio/umass_tree1_robot_trunk2_split_1_segment_2_window_1_ambient.wav,images/umass_tree1_robot_trunk2_split_1_segment_2_window_1_ambient.jpg,ambient
audio/umass_tree1_robot_trunk2_split_1_segment_2_window_2_ambient.wav,images/umass_tree1_robot_trunk2_split_1_segment_2_window_2_ambient.jpg,ambient
audio/umass_tree1_robot_trunk2_split_1_segment_2_window_3_ambient.wav,images/umass_tree1_robot_trunk2_split_1_segment_2_window_3_ambient.jpg,ambient
audio/umass_tree1_robot_trunk2_split_1_segment_2_window_4_ambient.wav,images/umass_tree1_robot_trunk2_split_1_segment_2_window_4_ambient.jpg,ambient
audio/umass_tree1_robot_trunk2_split_1_segment_2_window_5_ambient.wav,images/umass_tree1_robot_trunk2_split_1_segment_2_window_5_ambient.jpg,ambient
audio/umass_tree1_robot_trunk2_split_1_segment_2_window_6_ambient.wav,images/umass_tree1_robot_trunk2_split_1_segment_2_window_6_ambient.jpg,ambient
audio/umass_tree1_robot_trunk2_split_1_segment_2_window_7_ambient.wav,images/umass_tree1_robot_trunk2_split_1_segment_2_window_7_ambient.jpg,ambient
audio/umass_tree1_robot_trunk2_split_1_segment_2_window_8_ambient.wav,images/umass_tree1_robot_trunk2_split_1_segment_2_window_8_ambient.jpg,ambient
audio/umass_tree1_robot_trunk2_split_1_segment_2_window_9_ambient.wav,images/umass_tree1_robot_trunk2_split_1_segment_2_window_9_ambient.jpg,ambient
audio/umass_tree1_robot_trunk2_split_1_segment_2_window_10_ambient.wav,images/umass_tree1_robot_trunk2_split_1_segment_2_window_10_ambient.jpg,ambient
audio/umass_tree1_robot_trunk2_split_1_segment_2_window_11_ambient.wav,images/umass_tree1_robot_trunk2_split_1_segment_2_window_11_ambient.jpg,ambient
audio/umass_tree1_robot_trunk2_split_1_segment_2_window_12_ambient.wav,images/umass_tree1_robot_trunk2_split_1_segment_2_window_12_ambient.jpg,ambient
audio/umass_tree1_robot_trunk2_split_1_segment_3_window_0_contact.wav,images/umass_tree1_robot_trunk2_split_1_segment_3_window_0_contact.jpg,trunk
audio/umass_tree1_robot_trunk2_split_1_segment_3_window_1_contact.wav,images/umass_tree1_robot_trunk2_split_1_segment_3_window_1_contact.jpg,trunk
audio/umass_tree1_robot_trunk2_split_1_segment_3_window_2_contact.wav,images/umass_tree1_robot_trunk2_split_1_segment_3_window_2_contact.jpg,trunk
audio/umass_tree1_robot_trunk2_split_1_segment_3_window_3_contact.wav,images/umass_tree1_robot_trunk2_split_1_segment_3_window_3_contact.jpg,trunk
audio/umass_tree1_robot_trunk2_split_1_segment_3_window_4_contact.wav,images/umass_tree1_robot_trunk2_split_1_segment_3_window_4_contact.jpg,trunk
audio/umass_tree1_robot_trunk2_split_1_segment_4_window_0_ambient.wav,images/umass_tree1_robot_trunk2_split_1_segment_4_window_0_ambient.jpg,ambient
audio/umass_tree1_robot_trunk2_split_1_segment_4_window_1_ambient.wav,images/umass_tree1_robot_trunk2_split_1_segment_4_window_1_ambient.jpg,ambient
audio/umass_tree1_robot_trunk2_split_1_segment_4_window_2_ambient.wav,images/umass_tree1_robot_trunk2_split_1_segment_4_window_2_ambient.jpg,ambient
audio/umass_tree1_robot_trunk2_split_1_segment_4_window_3_ambient.wav,images/umass_tree1_robot_trunk2_split_1_segment_4_window_3_ambient.jpg,ambient
audio/umass_tree1_robot_trunk2_split_1_segment_4_window_4_ambient.wav,images/umass_tree1_robot_trunk2_split_1_segment_4_window_4_ambient.jpg,ambient
audio/umass_tree1_robot_trunk2_split_1_segment_4_window_5_ambient.wav,images/umass_tree1_robot_trunk2_split_1_segment_4_window_5_ambient.jpg,ambient
audio/umass_tree1_robot_trunk2_split_1_segment_4_window_6_ambient.wav,images/umass_tree1_robot_trunk2_split_1_segment_4_window_6_ambient.jpg,ambient
audio/umass_tree1_robot_trunk2_split_1_segment_4_window_7_ambient.wav,images/umass_tree1_robot_trunk2_split_1_segment_4_window_7_ambient.jpg,ambient
audio/umass_tree1_robot_trunk2_split_1_segment_4_window_8_ambient.wav,images/umass_tree1_robot_trunk2_split_1_segment_4_window_8_ambient.jpg,ambient
audio/umass_tree1_robot_trunk2_split_1_segment_4_window_9_ambient.wav,images/umass_tree1_robot_trunk2_split_1_segment_4_window_9_ambient.jpg,ambient
audio/umass_tree1_robot_trunk2_split_1_segment_4_window_10_ambient.wav,images/umass_tree1_robot_trunk2_split_1_segment_4_window_10_ambient.jpg,ambient
audio/umass_tree1_robot_trunk2_split_1_segment_4_window_11_ambient.wav,images/umass_tree1_robot_trunk2_split_1_segment_4_window_11_ambient.jpg,ambient
audio/umass_tree1_robot_trunk2_split_1_segment_4_window_12_ambient.wav,images/umass_tree1_robot_trunk2_split_1_segment_4_window_12_ambient.jpg,ambient
audio/umass_tree1_robot_trunk2_split_1_segment_5_window_0_contact.wav,images/umass_tree1_robot_trunk2_split_1_segment_5_window_0_contact.jpg,trunk
audio/umass_tree1_robot_trunk2_split_1_segment_5_window_1_contact.wav,images/umass_tree1_robot_trunk2_split_1_segment_5_window_1_contact.jpg,trunk
audio/umass_tree1_robot_trunk2_split_1_segment_5_window_2_contact.wav,images/umass_tree1_robot_trunk2_split_1_segment_5_window_2_contact.jpg,trunk
audio/umass_tree6_robot_1_split_1_new_twig_segment_0_window_0_ambient.wav,images/umass_tree6_robot_1_split_1_new_twig_segment_0_window_0_ambient.jpg,ambient
audio/umass_tree6_robot_1_split_1_new_twig_segment_0_window_1_ambient.wav,images/umass_tree6_robot_1_split_1_new_twig_segment_0_window_1_ambient.jpg,ambient
audio/umass_tree6_robot_1_split_1_new_twig_segment_0_window_2_ambient.wav,images/umass_tree6_robot_1_split_1_new_twig_segment_0_window_2_ambient.jpg,ambient
audio/umass_tree6_robot_1_split_1_new_twig_segment_1_window_0_contact.wav,images/umass_tree6_robot_1_split_1_new_twig_segment_1_window_0_contact.jpg,twig
audio/umass_tree6_robot_1_split_1_new_twig_segment_1_window_1_contact.wav,images/umass_tree6_robot_1_split_1_new_twig_segment_1_window_1_contact.jpg,twig
audio/umass_tree6_robot_1_split_1_new_twig_segment_1_window_2_contact.wav,images/umass_tree6_robot_1_split_1_new_twig_segment_1_window_2_contact.jpg,twig
audio/umass_tree6_robot_1_split_1_new_twig_segment_1_window_3_contact.wav,images/umass_tree6_robot_1_split_1_new_twig_segment_1_window_3_contact.jpg,twig
audio/umass_tree6_robot_1_split_1_new_twig_segment_1_window_4_contact.wav,images/umass_tree6_robot_1_split_1_new_twig_segment_1_window_4_contact.jpg,twig
audio/umass_tree6_robot_1_split_1_new_twig_segment_2_window_0_ambient.wav,images/umass_tree6_robot_1_split_1_new_twig_segment_2_window_0_ambient.jpg,ambient
audio/umass_tree6_robot_1_split_1_new_twig_segment_2_window_1_ambient.wav,images/umass_tree6_robot_1_split_1_new_twig_segment_2_window_1_ambient.jpg,ambient
audio/umass_tree6_robot_1_split_1_new_twig_segment_2_window_2_ambient.wav,images/umass_tree6_robot_1_split_1_new_twig_segment_2_window_2_ambient.jpg,ambient
audio/umass_tree6_robot_1_split_1_new_twig_segment_2_window_3_ambient.wav,images/umass_tree6_robot_1_split_1_new_twig_segment_2_window_3_ambient.jpg,ambient
audio/umass_tree6_robot_1_split_1_new_twig_segment_2_window_4_ambient.wav,images/umass_tree6_robot_1_split_1_new_twig_segment_2_window_4_ambient.jpg,ambient
audio/umass_tree6_robot_1_split_1_new_twig_segment_2_window_5_ambient.wav,images/umass_tree6_robot_1_split_1_new_twig_segment_2_window_5_ambient.jpg,ambient
audio/umass_tree6_robot_1_split_1_new_twig_segment_2_window_6_ambient.wav,images/umass_tree6_robot_1_split_1_new_twig_segment_2_window_6_ambient.jpg,ambient
audio/umass_tree6_robot_1_split_1_new_twig_segment_2_window_7_ambient.wav,images/umass_tree6_robot_1_split_1_new_twig_segment_2_window_7_ambient.jpg,ambient
audio/umass_tree6_robot_1_split_1_new_twig_segment_2_window_8_ambient.wav,images/umass_tree6_robot_1_split_1_new_twig_segment_2_window_8_ambient.jpg,ambient
audio/umass_tree5_robot_leaf2_segment_0_window_0_contact.wav,images/umass_tree5_robot_leaf2_segment_0_window_0_contact.jpg,leaf
audio/umass_tree5_robot_leaf2_segment_0_window_1_contact.wav,images/umass_tree5_robot_leaf2_segment_0_window_1_contact.jpg,leaf
audio/umass_tree5_robot_leaf2_segment_0_window_2_contact.wav,images/umass_tree5_robot_leaf2_segment_0_window_2_contact.jpg,leaf
audio/umass_tree5_robot_leaf2_segment_0_window_3_contact.wav,images/umass_tree5_robot_leaf2_segment_0_window_3_contact.jpg,leaf
audio/umass_tree5_robot_leaf2_segment_0_window_4_contact.wav,images/umass_tree5_robot_leaf2_segment_0_window_4_contact.jpg,leaf
audio/umass_tree5_robot_leaf2_segment_1_window_0_ambient.wav,images/umass_tree5_robot_leaf2_segment_1_window_0_ambient.jpg,ambient
audio/umass_tree5_robot_leaf2_segment_1_window_1_ambient.wav,images/umass_tree5_robot_leaf2_segment_1_window_1_ambient.jpg,ambient
audio/umass_tree5_robot_leaf2_segment_1_window_2_ambient.wav,images/umass_tree5_robot_leaf2_segment_1_window_2_ambient.jpg,ambient
audio/umass_tree5_robot_leaf2_segment_1_window_3_ambient.wav,images/umass_tree5_robot_leaf2_segment_1_window_3_ambient.jpg,ambient
audio/umass_tree5_robot_leaf2_segment_1_window_4_ambient.wav,images/umass_tree5_robot_leaf2_segment_1_window_4_ambient.jpg,ambient
audio/umass_tree5_robot_leaf2_segment_1_window_5_ambient.wav,images/umass_tree5_robot_leaf2_segment_1_window_5_ambient.jpg,ambient
audio/umass_tree5_robot_leaf2_segment_1_window_6_ambient.wav,images/umass_tree5_robot_leaf2_segment_1_window_6_ambient.jpg,ambient
audio/umass_tree5_robot_leaf2_segment_1_window_7_ambient.wav,images/umass_tree5_robot_leaf2_segment_1_window_7_ambient.jpg,ambient
audio/umass_tree5_robot_leaf2_segment_1_window_8_ambient.wav,images/umass_tree5_robot_leaf2_segment_1_window_8_ambient.jpg,ambient
audio/umass_tree5_robot_leaf2_segment_1_window_9_ambient.wav,images/umass_tree5_robot_leaf2_segment_1_window_9_ambient.jpg,ambient
audio/umass_tree5_robot_leaf2_segment_1_window_10_ambient.wav,images/umass_tree5_robot_leaf2_segment_1_window_10_ambient.jpg,ambient
audio/umass_tree5_robot_leaf2_segment_1_window_11_ambient.wav,images/umass_tree5_robot_leaf2_segment_1_window_11_ambient.jpg,ambient
audio/umass_tree5_robot_leaf2_segment_1_window_12_ambient.wav,images/umass_tree5_robot_leaf2_segment_1_window_12_ambient.jpg,ambient
audio/umass_tree5_robot_leaf2_segment_1_window_13_ambient.wav,images/umass_tree5_robot_leaf2_segment_1_window_13_ambient.jpg,ambient
audio/umass_tree5_robot_leaf2_segment_1_window_14_ambient.wav,images/umass_tree5_robot_leaf2_segment_1_window_14_ambient.jpg,ambient
audio/umass_tree5_robot_leaf2_segment_1_window_15_ambient.wav,images/umass_tree5_robot_leaf2_segment_1_window_15_ambient.jpg,ambient
audio/umass_tree5_robot_leaf2_segment_1_window_16_ambient.wav,images/umass_tree5_robot_leaf2_segment_1_window_16_ambient.jpg,ambient
audio/umass_tree5_robot_leaf2_segment_2_window_0_ambient.wav,images/umass_tree5_robot_leaf2_segment_2_window_0_ambient.jpg,ambient
audio/umass_tree5_robot_leaf2_segment_2_window_1_ambient.wav,images/umass_tree5_robot_leaf2_segment_2_window_1_ambient.jpg,ambient
audio/umass_tree5_robot_leaf2_segment_2_window_2_ambient.wav,images/umass_tree5_robot_leaf2_segment_2_window_2_ambient.jpg,ambient
audio/umass_tree5_robot_leaf2_segment_2_window_3_ambient.wav,images/umass_tree5_robot_leaf2_segment_2_window_3_ambient.jpg,ambient
audio/umass_tree5_robot_leaf2_segment_2_window_4_ambient.wav,images/umass_tree5_robot_leaf2_segment_2_window_4_ambient.jpg,ambient
audio/umass_tree5_robot_leaf2_segment_2_window_5_ambient.wav,images/umass_tree5_robot_leaf2_segment_2_window_5_ambient.jpg,ambient
audio/umass_tree5_robot_leaf2_segment_2_window_6_ambient.wav,images/umass_tree5_robot_leaf2_segment_2_window_6_ambient.jpg,ambient
audio/umass_tree5_robot_leaf2_segment_2_window_7_ambient.wav,images/umass_tree5_robot_leaf2_segment_2_window_7_ambient.jpg,ambient
audio/umass_tree5_robot_leaf2_segment_2_window_8_ambient.wav,images/umass_tree5_robot_leaf2_segment_2_window_8_ambient.jpg,ambient
audio/umass_tree5_robot_leaf2_segment_2_window_9_ambient.wav,images/umass_tree5_robot_leaf2_segment_2_window_9_ambient.jpg,ambient
audio/umass_tree5_robot_leaf2_segment_2_window_10_ambient.wav,images/umass_tree5_robot_leaf2_segment_2_window_10_ambient.jpg,ambient
audio/umass_tree5_robot_leaf2_segment_3_window_0_contact.wav,images/umass_tree5_robot_leaf2_segment_3_window_0_contact.jpg,leaf
audio/umass_tree5_robot_leaf2_segment_3_window_1_contact.wav,images/umass_tree5_robot_leaf2_segment_3_window_1_contact.jpg,leaf
audio/umass_tree1_robot_2_split_1_new_trunk_segment_0_window_0_ambient.wav,images/umass_tree1_robot_2_split_1_new_trunk_segment_0_window_0_ambient.jpg,ambient
audio/umass_tree1_robot_2_split_1_new_trunk_segment_0_window_1_ambient.wav,images/umass_tree1_robot_2_split_1_new_trunk_segment_0_window_1_ambient.jpg,ambient
audio/umass_tree1_robot_2_split_1_new_trunk_segment_0_window_2_ambient.wav,images/umass_tree1_robot_2_split_1_new_trunk_segment_0_window_2_ambient.jpg,ambient
audio/umass_tree1_robot_2_split_1_new_trunk_segment_0_window_3_ambient.wav,images/umass_tree1_robot_2_split_1_new_trunk_segment_0_window_3_ambient.jpg,ambient
audio/umass_tree1_robot_2_split_1_new_trunk_segment_0_window_4_ambient.wav,images/umass_tree1_robot_2_split_1_new_trunk_segment_0_window_4_ambient.jpg,ambient
audio/umass_tree1_robot_2_split_1_new_trunk_segment_0_window_5_ambient.wav,images/umass_tree1_robot_2_split_1_new_trunk_segment_0_window_5_ambient.jpg,ambient
audio/umass_tree1_robot_2_split_1_new_trunk_segment_0_window_6_ambient.wav,images/umass_tree1_robot_2_split_1_new_trunk_segment_0_window_6_ambient.jpg,ambient
audio/umass_tree1_robot_2_split_1_new_trunk_segment_0_window_7_ambient.wav,images/umass_tree1_robot_2_split_1_new_trunk_segment_0_window_7_ambient.jpg,ambient
audio/umass_tree1_robot_2_split_1_new_trunk_segment_0_window_8_ambient.wav,images/umass_tree1_robot_2_split_1_new_trunk_segment_0_window_8_ambient.jpg,ambient
audio/umass_tree1_robot_2_split_1_new_trunk_segment_1_window_0_contact.wav,images/umass_tree1_robot_2_split_1_new_trunk_segment_1_window_0_contact.jpg,trunk
audio/umass_tree1_robot_2_split_1_new_trunk_segment_1_window_1_contact.wav,images/umass_tree1_robot_2_split_1_new_trunk_segment_1_window_1_contact.jpg,trunk
audio/umass_tree1_robot_2_split_1_new_trunk_segment_1_window_2_contact.wav,images/umass_tree1_robot_2_split_1_new_trunk_segment_1_window_2_contact.jpg,trunk
audio/umass_tree1_robot_2_split_1_new_trunk_segment_1_window_3_contact.wav,images/umass_tree1_robot_2_split_1_new_trunk_segment_1_window_3_contact.jpg,trunk
audio/umass_tree1_robot_2_split_1_new_trunk_segment_1_window_4_contact.wav,images/umass_tree1_robot_2_split_1_new_trunk_segment_1_window_4_contact.jpg,trunk
audio/umass_tree1_robot_2_split_1_new_trunk_segment_1_window_5_contact.wav,images/umass_tree1_robot_2_split_1_new_trunk_segment_1_window_5_contact.jpg,trunk
audio/umass_tree1_robot_2_split_1_new_trunk_segment_1_window_6_contact.wav,images/umass_tree1_robot_2_split_1_new_trunk_segment_1_window_6_contact.jpg,trunk
audio/umass_tree1_robot_2_split_1_new_trunk_segment_1_window_7_contact.wav,images/umass_tree1_robot_2_split_1_new_trunk_segment_1_window_7_contact.jpg,trunk
audio/umass_tree1_robot_2_split_1_new_trunk_segment_1_window_8_contact.wav,images/umass_tree1_robot_2_split_1_new_trunk_segment_1_window_8_contact.jpg,trunk
audio/umass_tree1_robot_2_split_1_new_trunk_segment_1_window_9_contact.wav,images/umass_tree1_robot_2_split_1_new_trunk_segment_1_window_9_contact.jpg,trunk
audio/umass_tree1_robot_2_split_1_new_trunk_segment_1_window_10_contact.wav,images/umass_tree1_robot_2_split_1_new_trunk_segment_1_window_10_contact.jpg,trunk
audio/umass_tree1_robot_2_split_1_new_trunk_segment_1_window_11_contact.wav,images/umass_tree1_robot_2_split_1_new_trunk_segment_1_window_11_contact.jpg,trunk
audio/umass_tree1_robot_2_split_1_new_trunk_segment_2_window_0_ambient.wav,images/umass_tree1_robot_2_split_1_new_trunk_segment_2_window_0_ambient.jpg,ambient
audio/umass_tree1_robot_2_split_1_new_trunk_segment_2_window_1_ambient.wav,images/umass_tree1_robot_2_split_1_new_trunk_segment_2_window_1_ambient.jpg,ambient
audio/umass_tree1_robot_2_split_1_new_trunk_segment_2_window_2_ambient.wav,images/umass_tree1_robot_2_split_1_new_trunk_segment_2_window_2_ambient.jpg,ambient
audio/umass_tree1_robot_2_split_1_new_trunk_segment_2_window_3_ambient.wav,images/umass_tree1_robot_2_split_1_new_trunk_segment_2_window_3_ambient.jpg,ambient
audio/umass_tree1_robot_2_split_1_new_trunk_segment_2_window_4_ambient.wav,images/umass_tree1_robot_2_split_1_new_trunk_segment_2_window_4_ambient.jpg,ambient
audio/umass_tree1_robot_2_split_1_new_trunk_segment_2_window_5_ambient.wav,images/umass_tree1_robot_2_split_1_new_trunk_segment_2_window_5_ambient.jpg,ambient
audio/umass_tree1_robot_2_split_1_new_trunk_segment_2_window_6_ambient.wav,images/umass_tree1_robot_2_split_1_new_trunk_segment_2_window_6_ambient.jpg,ambient
audio/umass_tree1_robot_2_split_1_new_trunk_segment_2_window_7_ambient.wav,images/umass_tree1_robot_2_split_1_new_trunk_segment_2_window_7_ambient.jpg,ambient
audio/umass_tree1_robot_2_split_1_new_trunk_segment_2_window_8_ambient.wav,images/umass_tree1_robot_2_split_1_new_trunk_segment_2_window_8_ambient.jpg,ambient
audio/umass_tree1_robot_2_split_1_new_trunk_segment_2_window_9_ambient.wav,images/umass_tree1_robot_2_split_1_new_trunk_segment_2_window_9_ambient.jpg,ambient
audio/umass_tree1_robot_2_split_1_new_trunk_segment_2_window_10_ambient.wav,images/umass_tree1_robot_2_split_1_new_trunk_segment_2_window_10_ambient.jpg,ambient
audio/umass_tree1_robot_2_split_1_new_trunk_segment_2_window_11_ambient.wav,images/umass_tree1_robot_2_split_1_new_trunk_segment_2_window_11_ambient.jpg,ambient
audio/umass_tree1_robot_2_split_1_new_trunk_segment_2_window_12_ambient.wav,images/umass_tree1_robot_2_split_1_new_trunk_segment_2_window_12_ambient.jpg,ambient
audio/umass_tree1_robot_2_split_1_new_trunk_segment_2_window_13_ambient.wav,images/umass_tree1_robot_2_split_1_new_trunk_segment_2_window_13_ambient.jpg,ambient
audio/umass_tree1_robot_2_split_1_new_trunk_segment_3_window_0_contact.wav,images/umass_tree1_robot_2_split_1_new_trunk_segment_3_window_0_contact.jpg,trunk
audio/umass_tree1_robot_2_split_1_new_trunk_segment_3_window_1_contact.wav,images/umass_tree1_robot_2_split_1_new_trunk_segment_3_window_1_contact.jpg,trunk
audio/umass_tree1_robot_2_split_1_new_trunk_segment_3_window_2_contact.wav,images/umass_tree1_robot_2_split_1_new_trunk_segment_3_window_2_contact.jpg,trunk
audio/umass_tree1_robot_2_split_1_new_trunk_segment_3_window_3_contact.wav,images/umass_tree1_robot_2_split_1_new_trunk_segment_3_window_3_contact.jpg,trunk
audio/umass_tree1_robot_2_split_1_new_trunk_segment_3_window_4_contact.wav,images/umass_tree1_robot_2_split_1_new_trunk_segment_3_window_4_contact.jpg,trunk
audio/umass_tree1_robot_2_split_1_new_trunk_segment_3_window_5_contact.wav,images/umass_tree1_robot_2_split_1_new_trunk_segment_3_window_5_contact.jpg,trunk
audio/umass_tree1_robot_2_split_1_new_trunk_segment_3_window_6_contact.wav,images/umass_tree1_robot_2_split_1_new_trunk_segment_3_window_6_contact.jpg,trunk
audio/umass_tree1_robot_2_split_1_new_trunk_segment_3_window_7_contact.wav,images/umass_tree1_robot_2_split_1_new_trunk_segment_3_window_7_contact.jpg,trunk
audio/umass_tree1_robot_2_split_1_new_trunk_segment_3_window_8_contact.wav,images/umass_tree1_robot_2_split_1_new_trunk_segment_3_window_8_contact.jpg,trunk
audio/umass_tree1_robot_2_split_1_new_trunk_segment_3_window_9_contact.wav,images/umass_tree1_robot_2_split_1_new_trunk_segment_3_window_9_contact.jpg,trunk
audio/umass_tree1_robot_2_split_1_new_trunk_segment_4_window_0_ambient.wav,images/umass_tree1_robot_2_split_1_new_trunk_segment_4_window_0_ambient.jpg,ambient
audio/umass_tree1_robot_2_split_1_new_trunk_segment_4_window_1_ambient.wav,images/umass_tree1_robot_2_split_1_new_trunk_segment_4_window_1_ambient.jpg,ambient
audio/umass_tree1_robot_2_split_1_new_trunk_segment_4_window_2_ambient.wav,images/umass_tree1_robot_2_split_1_new_trunk_segment_4_window_2_ambient.jpg,ambient
audio/umass_tree1_robot_2_split_1_new_trunk_segment_4_window_3_ambient.wav,images/umass_tree1_robot_2_split_1_new_trunk_segment_4_window_3_ambient.jpg,ambient
audio/umass_tree1_robot_2_split_1_new_trunk_segment_4_window_4_ambient.wav,images/umass_tree1_robot_2_split_1_new_trunk_segment_4_window_4_ambient.jpg,ambient
audio/umass_tree1_robot_2_split_1_new_trunk_segment_4_window_5_ambient.wav,images/umass_tree1_robot_2_split_1_new_trunk_segment_4_window_5_ambient.jpg,ambient
audio/umass_tree1_robot_2_split_1_new_trunk_segment_4_window_6_ambient.wav,images/umass_tree1_robot_2_split_1_new_trunk_segment_4_window_6_ambient.jpg,ambient
audio/umass_tree1_robot_2_split_1_new_trunk_segment_4_window_7_ambient.wav,images/umass_tree1_robot_2_split_1_new_trunk_segment_4_window_7_ambient.jpg,ambient
audio/umass_tree2_robot_leaf2_segment_0_window_0_ambient.wav,images/umass_tree2_robot_leaf2_segment_0_window_0_ambient.jpg,ambient
audio/umass_tree2_robot_leaf2_segment_0_window_1_ambient.wav,images/umass_tree2_robot_leaf2_segment_0_window_1_ambient.jpg,ambient
audio/umass_tree2_robot_leaf2_segment_0_window_2_ambient.wav,images/umass_tree2_robot_leaf2_segment_0_window_2_ambient.jpg,ambient
audio/umass_tree2_robot_leaf2_segment_0_window_3_ambient.wav,images/umass_tree2_robot_leaf2_segment_0_window_3_ambient.jpg,ambient
audio/umass_tree2_robot_leaf2_segment_0_window_4_ambient.wav,images/umass_tree2_robot_leaf2_segment_0_window_4_ambient.jpg,ambient
audio/umass_tree2_robot_leaf2_segment_0_window_5_ambient.wav,images/umass_tree2_robot_leaf2_segment_0_window_5_ambient.jpg,ambient
audio/umass_tree2_robot_leaf2_segment_0_window_6_ambient.wav,images/umass_tree2_robot_leaf2_segment_0_window_6_ambient.jpg,ambient
audio/umass_tree2_robot_leaf2_segment_0_window_7_ambient.wav,images/umass_tree2_robot_leaf2_segment_0_window_7_ambient.jpg,ambient
audio/umass_tree2_robot_leaf2_segment_0_window_8_ambient.wav,images/umass_tree2_robot_leaf2_segment_0_window_8_ambient.jpg,ambient
audio/umass_tree2_robot_leaf2_segment_0_window_9_ambient.wav,images/umass_tree2_robot_leaf2_segment_0_window_9_ambient.jpg,ambient
audio/umass_tree2_robot_leaf2_segment_1_window_0_contact.wav,images/umass_tree2_robot_leaf2_segment_1_window_0_contact.jpg,leaf
audio/umass_tree2_robot_leaf2_segment_1_window_1_contact.wav,images/umass_tree2_robot_leaf2_segment_1_window_1_contact.jpg,leaf
audio/umass_tree2_robot_leaf2_segment_1_window_2_contact.wav,images/umass_tree2_robot_leaf2_segment_1_window_2_contact.jpg,leaf
audio/umass_tree2_robot_leaf2_segment_1_window_3_contact.wav,images/umass_tree2_robot_leaf2_segment_1_window_3_contact.jpg,leaf
audio/umass_tree2_robot_leaf2_segment_1_window_4_contact.wav,images/umass_tree2_robot_leaf2_segment_1_window_4_contact.jpg,leaf
audio/umass_tree2_robot_leaf2_segment_1_window_5_contact.wav,images/umass_tree2_robot_leaf2_segment_1_window_5_contact.jpg,leaf
audio/umass_tree2_robot_leaf2_segment_1_window_6_contact.wav,images/umass_tree2_robot_leaf2_segment_1_window_6_contact.jpg,leaf
audio/umass_tree2_robot_leaf2_segment_1_window_7_contact.wav,images/umass_tree2_robot_leaf2_segment_1_window_7_contact.jpg,leaf
audio/umass_tree2_robot_leaf2_segment_1_window_8_contact.wav,images/umass_tree2_robot_leaf2_segment_1_window_8_contact.jpg,leaf
audio/umass_tree2_robot_leaf2_segment_1_window_9_contact.wav,images/umass_tree2_robot_leaf2_segment_1_window_9_contact.jpg,leaf
audio/umass_tree2_robot_leaf2_segment_1_window_10_contact.wav,images/umass_tree2_robot_leaf2_segment_1_window_10_contact.jpg,leaf
audio/umass_tree2_robot_leaf2_segment_1_window_11_contact.wav,images/umass_tree2_robot_leaf2_segment_1_window_11_contact.jpg,leaf
audio/umass_tree2_robot_leaf2_segment_1_window_12_contact.wav,images/umass_tree2_robot_leaf2_segment_1_window_12_contact.jpg,leaf
audio/umass_tree2_robot_leaf2_segment_1_window_13_contact.wav,images/umass_tree2_robot_leaf2_segment_1_window_13_contact.jpg,leaf
audio/umass_tree2_robot_leaf2_segment_1_window_14_contact.wav,images/umass_tree2_robot_leaf2_segment_1_window_14_contact.jpg,leaf
audio/umass_tree2_robot_leaf2_segment_1_window_15_contact.wav,images/umass_tree2_robot_leaf2_segment_1_window_15_contact.jpg,leaf
audio/umass_tree2_robot_leaf2_segment_1_window_16_contact.wav,images/umass_tree2_robot_leaf2_segment_1_window_16_contact.jpg,leaf
audio/umass_tree2_robot_leaf2_segment_1_window_17_contact.wav,images/umass_tree2_robot_leaf2_segment_1_window_17_contact.jpg,leaf
audio/umass_tree2_robot_leaf2_segment_1_window_18_contact.wav,images/umass_tree2_robot_leaf2_segment_1_window_18_contact.jpg,leaf
audio/umass_tree2_robot_leaf2_segment_1_window_19_contact.wav,images/umass_tree2_robot_leaf2_segment_1_window_19_contact.jpg,leaf
audio/umass_tree2_robot_leaf2_segment_1_window_20_contact.wav,images/umass_tree2_robot_leaf2_segment_1_window_20_contact.jpg,leaf
audio/umass_tree2_robot_leaf2_segment_1_window_21_contact.wav,images/umass_tree2_robot_leaf2_segment_1_window_21_contact.jpg,leaf
audio/umass_tree2_robot_leaf2_segment_1_window_22_contact.wav,images/umass_tree2_robot_leaf2_segment_1_window_22_contact.jpg,leaf
audio/umass_tree2_robot_leaf2_segment_2_window_0_ambient.wav,images/umass_tree2_robot_leaf2_segment_2_window_0_ambient.jpg,ambient
audio/umass_tree2_robot_leaf2_segment_2_window_1_ambient.wav,images/umass_tree2_robot_leaf2_segment_2_window_1_ambient.jpg,ambient
audio/umass_tree2_robot_leaf2_segment_2_window_2_ambient.wav,images/umass_tree2_robot_leaf2_segment_2_window_2_ambient.jpg,ambient
audio/umass_tree2_robot_leaf2_segment_2_window_3_ambient.wav,images/umass_tree2_robot_leaf2_segment_2_window_3_ambient.jpg,ambient
audio/umass_tree2_robot_leaf2_segment_2_window_4_ambient.wav,images/umass_tree2_robot_leaf2_segment_2_window_4_ambient.jpg,ambient
audio/umass_tree2_robot_leaf2_segment_2_window_5_ambient.wav,images/umass_tree2_robot_leaf2_segment_2_window_5_ambient.jpg,ambient
audio/umass_tree2_robot_leaf2_segment_2_window_6_ambient.wav,images/umass_tree2_robot_leaf2_segment_2_window_6_ambient.jpg,ambient
audio/umass_tree2_robot_leaf2_segment_2_window_7_ambient.wav,images/umass_tree2_robot_leaf2_segment_2_window_7_ambient.jpg,ambient
audio/umass_tree2_robot_leaf2_segment_2_window_8_ambient.wav,images/umass_tree2_robot_leaf2_segment_2_window_8_ambient.jpg,ambient
audio/umass_tree2_robot_leaf2_segment_2_window_9_ambient.wav,images/umass_tree2_robot_leaf2_segment_2_window_9_ambient.jpg,ambient
audio/umass_tree2_robot_leaf2_segment_2_window_10_ambient.wav,images/umass_tree2_robot_leaf2_segment_2_window_10_ambient.jpg,ambient
audio/umass_tree2_robot_leaf2_segment_3_window_0_contact.wav,images/umass_tree2_robot_leaf2_segment_3_window_0_contact.jpg,leaf
audio/umass_tree2_robot_leaf2_segment_3_window_1_contact.wav,images/umass_tree2_robot_leaf2_segment_3_window_1_contact.jpg,leaf
audio/umass_tree2_robot_leaf2_segment_3_window_2_contact.wav,images/umass_tree2_robot_leaf2_segment_3_window_2_contact.jpg,leaf
audio/umass_tree2_robot_leaf2_segment_3_window_3_contact.wav,images/umass_tree2_robot_leaf2_segment_3_window_3_contact.jpg,leaf
audio/umass_tree2_robot_leaf2_segment_3_window_4_contact.wav,images/umass_tree2_robot_leaf2_segment_3_window_4_contact.jpg,leaf
audio/umass_tree2_robot_leaf2_segment_4_window_0_contact.wav,images/umass_tree2_robot_leaf2_segment_4_window_0_contact.jpg,leaf
audio/umass_tree2_robot_leaf2_segment_4_window_1_contact.wav,images/umass_tree2_robot_leaf2_segment_4_window_1_contact.jpg,leaf
audio/umass_tree2_robot_leaf2_segment_4_window_2_contact.wav,images/umass_tree2_robot_leaf2_segment_4_window_2_contact.jpg,leaf
audio/umass_tree2_robot_leaf2_segment_5_window_0_ambient.wav,images/umass_tree2_robot_leaf2_segment_5_window_0_ambient.jpg,ambient
audio/umass_tree2_robot_leaf2_segment_5_window_1_ambient.wav,images/umass_tree2_robot_leaf2_segment_5_window_1_ambient.jpg,ambient
audio/umass_tree2_robot_leaf2_segment_5_window_2_ambient.wav,images/umass_tree2_robot_leaf2_segment_5_window_2_ambient.jpg,ambient
audio/umass_tree2_robot_leaf2_segment_5_window_3_ambient.wav,images/umass_tree2_robot_leaf2_segment_5_window_3_ambient.jpg,ambient
audio/umass_tree2_robot_leaf2_segment_5_window_4_ambient.wav,images/umass_tree2_robot_leaf2_segment_5_window_4_ambient.jpg,ambient
audio/umass_tree2_robot_leaf2_segment_6_window_0_ambient.wav,images/umass_tree2_robot_leaf2_segment_6_window_0_ambient.jpg,ambient
audio/umass_tree2_robot_leaf2_segment_6_window_1_ambient.wav,images/umass_tree2_robot_leaf2_segment_6_window_1_ambient.jpg,ambient
audio/umass_tree2_robot_leaf2_segment_6_window_2_ambient.wav,images/umass_tree2_robot_leaf2_segment_6_window_2_ambient.jpg,ambient
audio/umass_tree2_robot_leaf2_segment_6_window_3_ambient.wav,images/umass_tree2_robot_leaf2_segment_6_window_3_ambient.jpg,ambient
audio/umass_tree2_robot_leaf2_segment_6_window_4_ambient.wav,images/umass_tree2_robot_leaf2_segment_6_window_4_ambient.jpg,ambient
audio/umass_tree2_robot_leaf2_segment_6_window_5_ambient.wav,images/umass_tree2_robot_leaf2_segment_6_window_5_ambient.jpg,ambient
audio/umass_tree2_robot_leaf2_segment_7_window_0_contact.wav,images/umass_tree2_robot_leaf2_segment_7_window_0_contact.jpg,leaf
audio/umass_tree2_robot_leaf2_segment_7_window_1_contact.wav,images/umass_tree2_robot_leaf2_segment_7_window_1_contact.jpg,leaf
audio/umass_tree2_robot_leaf2_segment_7_window_2_contact.wav,images/umass_tree2_robot_leaf2_segment_7_window_2_contact.jpg,leaf
audio/umass_tree2_robot_leaf2_segment_7_window_3_contact.wav,images/umass_tree2_robot_leaf2_segment_7_window_3_contact.jpg,leaf
audio/umass_tree2_robot_leaf2_segment_7_window_4_contact.wav,images/umass_tree2_robot_leaf2_segment_7_window_4_contact.jpg,leaf
audio/umass_tree2_robot_leaf2_segment_7_window_5_contact.wav,images/umass_tree2_robot_leaf2_segment_7_window_5_contact.jpg,leaf
audio/umass_tree2_robot_leaf2_segment_7_window_6_contact.wav,images/umass_tree2_robot_leaf2_segment_7_window_6_contact.jpg,leaf
audio/umass_tree2_robot_leaf2_segment_7_window_7_contact.wav,images/umass_tree2_robot_leaf2_segment_7_window_7_contact.jpg,leaf
audio/umass_tree2_robot_leaf2_segment_8_window_0_ambient.wav,images/umass_tree2_robot_leaf2_segment_8_window_0_ambient.jpg,ambient
audio/umass_tree2_robot_leaf2_segment_8_window_1_ambient.wav,images/umass_tree2_robot_leaf2_segment_8_window_1_ambient.jpg,ambient
audio/umass_tree2_robot_leaf2_segment_8_window_2_ambient.wav,images/umass_tree2_robot_leaf2_segment_8_window_2_ambient.jpg,ambient
audio/umass_tree2_robot_leaf2_segment_8_window_3_ambient.wav,images/umass_tree2_robot_leaf2_segment_8_window_3_ambient.jpg,ambient
audio/umass_tree2_robot_leaf2_segment_8_window_4_ambient.wav,images/umass_tree2_robot_leaf2_segment_8_window_4_ambient.jpg,ambient
audio/umass_tree2_robot_leaf2_segment_8_window_5_ambient.wav,images/umass_tree2_robot_leaf2_segment_8_window_5_ambient.jpg,ambient
audio/umass_tree2_robot_leaf2_segment_8_window_6_ambient.wav,images/umass_tree2_robot_leaf2_segment_8_window_6_ambient.jpg,ambient
audio/umass_tree2_robot_leaf2_segment_9_window_0_contact.wav,images/umass_tree2_robot_leaf2_segment_9_window_0_contact.jpg,leaf
audio/umass_tree2_robot_leaf2_segment_9_window_1_contact.wav,images/umass_tree2_robot_leaf2_segment_9_window_1_contact.jpg,leaf
audio/umass_tree2_robot_leaf2_segment_9_window_2_contact.wav,images/umass_tree2_robot_leaf2_segment_9_window_2_contact.jpg,leaf
audio/umass_tree7_robot_trunk1_segment_0_window_0_contact.wav,images/umass_tree7_robot_trunk1_segment_0_window_0_contact.jpg,trunk
audio/umass_tree7_robot_trunk1_segment_0_window_1_contact.wav,images/umass_tree7_robot_trunk1_segment_0_window_1_contact.jpg,trunk
audio/umass_tree7_robot_trunk1_segment_0_window_2_contact.wav,images/umass_tree7_robot_trunk1_segment_0_window_2_contact.jpg,trunk
audio/umass_tree7_robot_trunk1_segment_1_window_0_contact.wav,images/umass_tree7_robot_trunk1_segment_1_window_0_contact.jpg,trunk
audio/umass_tree7_robot_trunk1_segment_1_window_1_contact.wav,images/umass_tree7_robot_trunk1_segment_1_window_1_contact.jpg,trunk
audio/umass_tree7_robot_trunk1_segment_1_window_2_contact.wav,images/umass_tree7_robot_trunk1_segment_1_window_2_contact.jpg,trunk
audio/umass_tree7_robot_trunk1_segment_1_window_3_contact.wav,images/umass_tree7_robot_trunk1_segment_1_window_3_contact.jpg,trunk
audio/umass_tree7_robot_trunk1_segment_1_window_4_contact.wav,images/umass_tree7_robot_trunk1_segment_1_window_4_contact.jpg,trunk
audio/umass_tree7_robot_trunk1_segment_1_window_5_contact.wav,images/umass_tree7_robot_trunk1_segment_1_window_5_contact.jpg,trunk
audio/umass_tree7_robot_trunk1_segment_1_window_6_contact.wav,images/umass_tree7_robot_trunk1_segment_1_window_6_contact.jpg,trunk
audio/umass_tree7_robot_trunk1_segment_1_window_7_contact.wav,images/umass_tree7_robot_trunk1_segment_1_window_7_contact.jpg,trunk
audio/umass_tree7_robot_trunk1_segment_1_window_8_contact.wav,images/umass_tree7_robot_trunk1_segment_1_window_8_contact.jpg,trunk
audio/umass_tree7_robot_trunk1_segment_1_window_9_contact.wav,images/umass_tree7_robot_trunk1_segment_1_window_9_contact.jpg,trunk
audio/umass_tree7_robot_trunk1_segment_1_window_10_contact.wav,images/umass_tree7_robot_trunk1_segment_1_window_10_contact.jpg,trunk
audio/umass_tree7_robot_trunk1_segment_2_window_0_contact.wav,images/umass_tree7_robot_trunk1_segment_2_window_0_contact.jpg,trunk
audio/umass_tree7_robot_trunk1_segment_2_window_1_contact.wav,images/umass_tree7_robot_trunk1_segment_2_window_1_contact.jpg,trunk
audio/umass_tree7_robot_trunk1_segment_2_window_2_contact.wav,images/umass_tree7_robot_trunk1_segment_2_window_2_contact.jpg,trunk
audio/umass_tree7_robot_trunk1_segment_2_window_3_contact.wav,images/umass_tree7_robot_trunk1_segment_2_window_3_contact.jpg,trunk
audio/umass_tree7_robot_trunk1_segment_2_window_4_contact.wav,images/umass_tree7_robot_trunk1_segment_2_window_4_contact.jpg,trunk
audio/umass_tree7_robot_trunk1_segment_2_window_5_contact.wav,images/umass_tree7_robot_trunk1_segment_2_window_5_contact.jpg,trunk
audio/umass_tree7_robot_trunk1_segment_2_window_6_contact.wav,images/umass_tree7_robot_trunk1_segment_2_window_6_contact.jpg,trunk
audio/umass_tree7_robot_trunk1_segment_2_window_7_contact.wav,images/umass_tree7_robot_trunk1_segment_2_window_7_contact.jpg,trunk
audio/umass_tree7_robot_trunk1_segment_2_window_8_contact.wav,images/umass_tree7_robot_trunk1_segment_2_window_8_contact.jpg,trunk
audio/umass_tree7_robot_trunk1_segment_2_window_9_contact.wav,images/umass_tree7_robot_trunk1_segment_2_window_9_contact.jpg,trunk
audio/umass_tree7_robot_trunk1_segment_2_window_10_contact.wav,images/umass_tree7_robot_trunk1_segment_2_window_10_contact.jpg,trunk
audio/umass_tree7_robot_trunk1_segment_3_window_0_contact.wav,images/umass_tree7_robot_trunk1_segment_3_window_0_contact.jpg,trunk
audio/umass_tree7_robot_trunk1_segment_3_window_1_contact.wav,images/umass_tree7_robot_trunk1_segment_3_window_1_contact.jpg,trunk
audio/umass_tree7_robot_trunk1_segment_3_window_2_contact.wav,images/umass_tree7_robot_trunk1_segment_3_window_2_contact.jpg,trunk
audio/umass_tree7_robot_trunk1_segment_3_window_3_contact.wav,images/umass_tree7_robot_trunk1_segment_3_window_3_contact.jpg,trunk
audio/umass_tree7_robot_trunk1_segment_4_window_0_ambient.wav,images/umass_tree7_robot_trunk1_segment_4_window_0_ambient.jpg,ambient
audio/umass_tree8_robot_leaf1_segment_0_window_0_contact.wav,images/umass_tree8_robot_leaf1_segment_0_window_0_contact.jpg,leaf
audio/umass_tree8_robot_leaf1_segment_0_window_1_contact.wav,images/umass_tree8_robot_leaf1_segment_0_window_1_contact.jpg,leaf
audio/umass_tree8_robot_leaf1_segment_0_window_2_contact.wav,images/umass_tree8_robot_leaf1_segment_0_window_2_contact.jpg,leaf
audio/umass_tree8_robot_leaf1_segment_0_window_3_contact.wav,images/umass_tree8_robot_leaf1_segment_0_window_3_contact.jpg,leaf
audio/umass_tree8_robot_leaf1_segment_0_window_4_contact.wav,images/umass_tree8_robot_leaf1_segment_0_window_4_contact.jpg,leaf
audio/umass_tree8_robot_leaf1_segment_0_window_5_contact.wav,images/umass_tree8_robot_leaf1_segment_0_window_5_contact.jpg,leaf
audio/umass_tree8_robot_leaf1_segment_1_window_0_contact.wav,images/umass_tree8_robot_leaf1_segment_1_window_0_contact.jpg,leaf
audio/umass_tree8_robot_leaf1_segment_1_window_1_contact.wav,images/umass_tree8_robot_leaf1_segment_1_window_1_contact.jpg,leaf
audio/umass_tree8_robot_leaf1_segment_1_window_2_contact.wav,images/umass_tree8_robot_leaf1_segment_1_window_2_contact.jpg,leaf
audio/umass_tree8_robot_leaf1_segment_1_window_3_contact.wav,images/umass_tree8_robot_leaf1_segment_1_window_3_contact.jpg,leaf
audio/umass_tree8_robot_leaf1_segment_1_window_4_contact.wav,images/umass_tree8_robot_leaf1_segment_1_window_4_contact.jpg,leaf
audio/umass_tree8_robot_leaf1_segment_1_window_5_contact.wav,images/umass_tree8_robot_leaf1_segment_1_window_5_contact.jpg,leaf
audio/umass_tree8_robot_leaf1_segment_1_window_6_contact.wav,images/umass_tree8_robot_leaf1_segment_1_window_6_contact.jpg,leaf
audio/umass_tree8_robot_leaf1_segment_1_window_7_contact.wav,images/umass_tree8_robot_leaf1_segment_1_window_7_contact.jpg,leaf
audio/umass_tree8_robot_leaf1_segment_1_window_8_contact.wav,images/umass_tree8_robot_leaf1_segment_1_window_8_contact.jpg,leaf
audio/umass_tree8_robot_leaf1_segment_1_window_9_contact.wav,images/umass_tree8_robot_leaf1_segment_1_window_9_contact.jpg,leaf
audio/umass_tree8_robot_leaf1_segment_1_window_10_contact.wav,images/umass_tree8_robot_leaf1_segment_1_window_10_contact.jpg,leaf
audio/umass_tree8_robot_leaf1_segment_1_window_11_contact.wav,images/umass_tree8_robot_leaf1_segment_1_window_11_contact.jpg,leaf
audio/umass_tree8_robot_leaf1_segment_1_window_12_contact.wav,images/umass_tree8_robot_leaf1_segment_1_window_12_contact.jpg,leaf
audio/umass_tree8_robot_leaf1_segment_1_window_13_contact.wav,images/umass_tree8_robot_leaf1_segment_1_window_13_contact.jpg,leaf
audio/umass_tree8_robot_leaf1_segment_1_window_14_contact.wav,images/umass_tree8_robot_leaf1_segment_1_window_14_contact.jpg,leaf
audio/umass_tree8_robot_leaf1_segment_1_window_15_contact.wav,images/umass_tree8_robot_leaf1_segment_1_window_15_contact.jpg,leaf
audio/umass_tree8_robot_leaf1_segment_1_window_16_contact.wav,images/umass_tree8_robot_leaf1_segment_1_window_16_contact.jpg,leaf
audio/umass_tree8_robot_leaf1_segment_1_window_17_contact.wav,images/umass_tree8_robot_leaf1_segment_1_window_17_contact.jpg,leaf
audio/umass_tree8_robot_leaf1_segment_1_window_18_contact.wav,images/umass_tree8_robot_leaf1_segment_1_window_18_contact.jpg,leaf
audio/umass_tree8_robot_leaf1_segment_1_window_19_contact.wav,images/umass_tree8_robot_leaf1_segment_1_window_19_contact.jpg,leaf
audio/umass_tree8_robot_leaf1_segment_2_window_0_contact.wav,images/umass_tree8_robot_leaf1_segment_2_window_0_contact.jpg,leaf
audio/umass_tree8_robot_leaf1_segment_2_window_1_contact.wav,images/umass_tree8_robot_leaf1_segment_2_window_1_contact.jpg,leaf
audio/umass_tree8_robot_leaf1_segment_2_window_2_contact.wav,images/umass_tree8_robot_leaf1_segment_2_window_2_contact.jpg,leaf
audio/umass_tree8_robot_leaf1_segment_2_window_3_contact.wav,images/umass_tree8_robot_leaf1_segment_2_window_3_contact.jpg,leaf
audio/umass_tree8_robot_leaf1_segment_2_window_4_contact.wav,images/umass_tree8_robot_leaf1_segment_2_window_4_contact.jpg,leaf
audio/umass_tree8_robot_leaf1_segment_3_window_0_contact.wav,images/umass_tree8_robot_leaf1_segment_3_window_0_contact.jpg,leaf
audio/umass_tree8_robot_leaf1_segment_3_window_1_contact.wav,images/umass_tree8_robot_leaf1_segment_3_window_1_contact.jpg,leaf
audio/umass_tree8_robot_leaf1_segment_3_window_2_contact.wav,images/umass_tree8_robot_leaf1_segment_3_window_2_contact.jpg,leaf
audio/umass_tree8_robot_leaf1_segment_3_window_3_contact.wav,images/umass_tree8_robot_leaf1_segment_3_window_3_contact.jpg,leaf
audio/umass_tree8_robot_leaf1_segment_3_window_4_contact.wav,images/umass_tree8_robot_leaf1_segment_3_window_4_contact.jpg,leaf
audio/umass_tree8_robot_leaf1_segment_3_window_5_contact.wav,images/umass_tree8_robot_leaf1_segment_3_window_5_contact.jpg,leaf
audio/umass_tree8_robot_leaf1_segment_3_window_6_contact.wav,images/umass_tree8_robot_leaf1_segment_3_window_6_contact.jpg,leaf
audio/umass_tree8_robot_leaf1_segment_3_window_7_contact.wav,images/umass_tree8_robot_leaf1_segment_3_window_7_contact.jpg,leaf
audio/umass_tree8_robot_leaf1_segment_3_window_8_contact.wav,images/umass_tree8_robot_leaf1_segment_3_window_8_contact.jpg,leaf
audio/umass_tree8_robot_leaf1_segment_3_window_9_contact.wav,images/umass_tree8_robot_leaf1_segment_3_window_9_contact.jpg,leaf
audio/umass_tree8_robot_leaf1_segment_4_window_0_ambient.wav,images/umass_tree8_robot_leaf1_segment_4_window_0_ambient.jpg,ambient
audio/umass_tree8_robot_leaf1_segment_4_window_1_ambient.wav,images/umass_tree8_robot_leaf1_segment_4_window_1_ambient.jpg,ambient
audio/umass_tree8_robot_leaf1_segment_4_window_2_ambient.wav,images/umass_tree8_robot_leaf1_segment_4_window_2_ambient.jpg,ambient
audio/umass_tree8_robot_leaf1_segment_4_window_3_ambient.wav,images/umass_tree8_robot_leaf1_segment_4_window_3_ambient.jpg,ambient
audio/umass_tree8_robot_leaf1_segment_4_window_4_ambient.wav,images/umass_tree8_robot_leaf1_segment_4_window_4_ambient.jpg,ambient
audio/umass_tree8_robot_leaf1_segment_4_window_5_ambient.wav,images/umass_tree8_robot_leaf1_segment_4_window_5_ambient.jpg,ambient
audio/umass_tree1_robot_leaf1_split_0_segment_0_window_0_ambient.wav,images/umass_tree1_robot_leaf1_split_0_segment_0_window_0_ambient.jpg,ambient
audio/umass_tree1_robot_leaf1_split_0_segment_0_window_1_ambient.wav,images/umass_tree1_robot_leaf1_split_0_segment_0_window_1_ambient.jpg,ambient
audio/umass_tree1_robot_leaf1_split_0_segment_1_window_0_contact.wav,images/umass_tree1_robot_leaf1_split_0_segment_1_window_0_contact.jpg,leaf
audio/umass_tree1_robot_leaf1_split_0_segment_1_window_1_contact.wav,images/umass_tree1_robot_leaf1_split_0_segment_1_window_1_contact.jpg,leaf
audio/umass_tree1_robot_leaf1_split_0_segment_1_window_2_contact.wav,images/umass_tree1_robot_leaf1_split_0_segment_1_window_2_contact.jpg,leaf
audio/umass_tree1_robot_leaf1_split_0_segment_1_window_3_contact.wav,images/umass_tree1_robot_leaf1_split_0_segment_1_window_3_contact.jpg,leaf
audio/umass_tree1_robot_leaf1_split_0_segment_1_window_4_contact.wav,images/umass_tree1_robot_leaf1_split_0_segment_1_window_4_contact.jpg,leaf
audio/umass_tree1_robot_leaf1_split_0_segment_1_window_5_contact.wav,images/umass_tree1_robot_leaf1_split_0_segment_1_window_5_contact.jpg,leaf
audio/umass_tree1_robot_leaf1_split_0_segment_2_window_0_contact.wav,images/umass_tree1_robot_leaf1_split_0_segment_2_window_0_contact.jpg,leaf
audio/umass_tree1_robot_leaf1_split_0_segment_2_window_1_contact.wav,images/umass_tree1_robot_leaf1_split_0_segment_2_window_1_contact.jpg,leaf
audio/umass_tree4_robot_twig1_segment_0_window_0_contact.wav,images/umass_tree4_robot_twig1_segment_0_window_0_contact.jpg,twig
audio/umass_tree4_robot_twig1_segment_0_window_1_contact.wav,images/umass_tree4_robot_twig1_segment_0_window_1_contact.jpg,twig
audio/umass_tree4_robot_twig1_segment_0_window_2_contact.wav,images/umass_tree4_robot_twig1_segment_0_window_2_contact.jpg,twig
audio/umass_tree4_robot_twig1_segment_1_window_0_ambient.wav,images/umass_tree4_robot_twig1_segment_1_window_0_ambient.jpg,ambient
audio/umass_tree4_robot_twig1_segment_1_window_1_ambient.wav,images/umass_tree4_robot_twig1_segment_1_window_1_ambient.jpg,ambient
audio/umass_tree4_robot_twig1_segment_1_window_2_ambient.wav,images/umass_tree4_robot_twig1_segment_1_window_2_ambient.jpg,ambient
audio/umass_tree4_robot_twig1_segment_1_window_3_ambient.wav,images/umass_tree4_robot_twig1_segment_1_window_3_ambient.jpg,ambient
audio/umass_tree4_robot_twig1_segment_1_window_4_ambient.wav,images/umass_tree4_robot_twig1_segment_1_window_4_ambient.jpg,ambient
audio/umass_tree4_robot_twig1_segment_1_window_5_ambient.wav,images/umass_tree4_robot_twig1_segment_1_window_5_ambient.jpg,ambient
audio/umass_tree4_robot_twig1_segment_1_window_6_ambient.wav,images/umass_tree4_robot_twig1_segment_1_window_6_ambient.jpg,ambient
audio/umass_tree4_robot_twig1_segment_1_window_7_ambient.wav,images/umass_tree4_robot_twig1_segment_1_window_7_ambient.jpg,ambient
audio/umass_tree4_robot_twig1_segment_1_window_8_ambient.wav,images/umass_tree4_robot_twig1_segment_1_window_8_ambient.jpg,ambient
audio/umass_tree4_robot_twig1_segment_1_window_9_ambient.wav,images/umass_tree4_robot_twig1_segment_1_window_9_ambient.jpg,ambient
audio/umass_tree4_robot_twig1_segment_2_window_0_ambient.wav,images/umass_tree4_robot_twig1_segment_2_window_0_ambient.jpg,ambient
audio/umass_tree4_robot_twig1_segment_2_window_1_ambient.wav,images/umass_tree4_robot_twig1_segment_2_window_1_ambient.jpg,ambient
audio/umass_tree4_robot_twig1_segment_2_window_2_ambient.wav,images/umass_tree4_robot_twig1_segment_2_window_2_ambient.jpg,ambient
audio/umass_tree4_robot_twig1_segment_3_window_0_contact.wav,images/umass_tree4_robot_twig1_segment_3_window_0_contact.jpg,twig
audio/umass_tree4_robot_twig1_segment_4_window_0_ambient.wav,images/umass_tree4_robot_twig1_segment_4_window_0_ambient.jpg,ambient
audio/umass_tree4_robot_twig1_segment_4_window_1_ambient.wav,images/umass_tree4_robot_twig1_segment_4_window_1_ambient.jpg,ambient
audio/umass_tree4_robot_twig1_segment_4_window_2_ambient.wav,images/umass_tree4_robot_twig1_segment_4_window_2_ambient.jpg,ambient
audio/umass_tree4_robot_twig1_segment_5_window_0_contact.wav,images/umass_tree4_robot_twig1_segment_5_window_0_contact.jpg,twig
audio/umass_tree4_robot_twig1_segment_5_window_1_contact.wav,images/umass_tree4_robot_twig1_segment_5_window_1_contact.jpg,twig
audio/umass_tree4_robot_twig1_segment_5_window_2_contact.wav,images/umass_tree4_robot_twig1_segment_5_window_2_contact.jpg,twig
audio/umass_tree4_robot_twig1_segment_5_window_3_contact.wav,images/umass_tree4_robot_twig1_segment_5_window_3_contact.jpg,twig
audio/umass_tree4_robot_twig1_segment_5_window_4_contact.wav,images/umass_tree4_robot_twig1_segment_5_window_4_contact.jpg,twig
audio/umass_tree4_robot_twig1_segment_5_window_5_contact.wav,images/umass_tree4_robot_twig1_segment_5_window_5_contact.jpg,twig
audio/umass_tree4_robot_twig1_segment_5_window_6_contact.wav,images/umass_tree4_robot_twig1_segment_5_window_6_contact.jpg,twig
audio/umass_tree4_robot_twig1_segment_5_window_7_contact.wav,images/umass_tree4_robot_twig1_segment_5_window_7_contact.jpg,twig
audio/umass_tree4_robot_twig1_segment_5_window_8_contact.wav,images/umass_tree4_robot_twig1_segment_5_window_8_contact.jpg,twig
audio/umass_tree4_robot_twig1_segment_5_window_9_contact.wav,images/umass_tree4_robot_twig1_segment_5_window_9_contact.jpg,twig
audio/umass_tree4_robot_twig1_segment_5_window_10_contact.wav,images/umass_tree4_robot_twig1_segment_5_window_10_contact.jpg,twig
audio/umass_tree4_robot_twig1_segment_5_window_11_contact.wav,images/umass_tree4_robot_twig1_segment_5_window_11_contact.jpg,twig
audio/umass_tree4_robot_twig1_segment_5_window_12_contact.wav,images/umass_tree4_robot_twig1_segment_5_window_12_contact.jpg,twig
audio/umass_tree4_robot_twig1_segment_5_window_13_contact.wav,images/umass_tree4_robot_twig1_segment_5_window_13_contact.jpg,twig
audio/umass_tree4_robot_twig1_segment_5_window_14_contact.wav,images/umass_tree4_robot_twig1_segment_5_window_14_contact.jpg,twig
audio/umass_tree4_robot_twig1_segment_5_window_15_contact.wav,images/umass_tree4_robot_twig1_segment_5_window_15_contact.jpg,twig
audio/umass_tree4_robot_twig1_segment_5_window_16_contact.wav,images/umass_tree4_robot_twig1_segment_5_window_16_contact.jpg,twig
audio/umass_tree8_robot_trunk2_segment_0_window_0_ambient.wav,images/umass_tree8_robot_trunk2_segment_0_window_0_ambient.jpg,ambient
audio/umass_tree8_robot_trunk2_segment_0_window_1_ambient.wav,images/umass_tree8_robot_trunk2_segment_0_window_1_ambient.jpg,ambient
audio/umass_tree8_robot_trunk2_segment_0_window_2_ambient.wav,images/umass_tree8_robot_trunk2_segment_0_window_2_ambient.jpg,ambient
audio/umass_tree8_robot_trunk2_segment_0_window_3_ambient.wav,images/umass_tree8_robot_trunk2_segment_0_window_3_ambient.jpg,ambient
audio/umass_tree8_robot_trunk2_segment_1_window_0_contact.wav,images/umass_tree8_robot_trunk2_segment_1_window_0_contact.jpg,trunk
audio/umass_tree8_robot_trunk2_segment_1_window_1_contact.wav,images/umass_tree8_robot_trunk2_segment_1_window_1_contact.jpg,trunk
audio/umass_tree8_robot_trunk2_segment_1_window_2_contact.wav,images/umass_tree8_robot_trunk2_segment_1_window_2_contact.jpg,trunk
audio/umass_tree8_robot_trunk2_segment_1_window_3_contact.wav,images/umass_tree8_robot_trunk2_segment_1_window_3_contact.jpg,trunk
audio/umass_tree8_robot_trunk2_segment_1_window_4_contact.wav,images/umass_tree8_robot_trunk2_segment_1_window_4_contact.jpg,trunk
audio/umass_tree8_robot_trunk2_segment_1_window_5_contact.wav,images/umass_tree8_robot_trunk2_segment_1_window_5_contact.jpg,trunk
audio/umass_tree8_robot_trunk2_segment_1_window_6_contact.wav,images/umass_tree8_robot_trunk2_segment_1_window_6_contact.jpg,trunk
audio/umass_tree8_robot_trunk2_segment_1_window_7_contact.wav,images/umass_tree8_robot_trunk2_segment_1_window_7_contact.jpg,trunk
audio/umass_tree8_robot_trunk2_segment_1_window_8_contact.wav,images/umass_tree8_robot_trunk2_segment_1_window_8_contact.jpg,trunk
audio/umass_tree8_robot_trunk2_segment_1_window_9_contact.wav,images/umass_tree8_robot_trunk2_segment_1_window_9_contact.jpg,trunk
audio/umass_tree8_robot_trunk2_segment_1_window_10_contact.wav,images/umass_tree8_robot_trunk2_segment_1_window_10_contact.jpg,trunk
audio/umass_tree8_robot_trunk2_segment_1_window_11_contact.wav,images/umass_tree8_robot_trunk2_segment_1_window_11_contact.jpg,trunk
audio/umass_tree8_robot_trunk2_segment_1_window_12_contact.wav,images/umass_tree8_robot_trunk2_segment_1_window_12_contact.jpg,trunk
audio/umass_tree8_robot_trunk2_segment_1_window_13_contact.wav,images/umass_tree8_robot_trunk2_segment_1_window_13_contact.jpg,trunk
audio/umass_tree8_robot_trunk2_segment_1_window_14_contact.wav,images/umass_tree8_robot_trunk2_segment_1_window_14_contact.jpg,trunk
audio/umass_tree8_robot_trunk2_segment_1_window_15_contact.wav,images/umass_tree8_robot_trunk2_segment_1_window_15_contact.jpg,trunk
audio/umass_tree8_robot_trunk2_segment_1_window_16_contact.wav,images/umass_tree8_robot_trunk2_segment_1_window_16_contact.jpg,trunk
audio/umass_tree8_robot_trunk2_segment_2_window_0_ambient.wav,images/umass_tree8_robot_trunk2_segment_2_window_0_ambient.jpg,ambient
audio/umass_tree8_robot_trunk2_segment_2_window_1_ambient.wav,images/umass_tree8_robot_trunk2_segment_2_window_1_ambient.jpg,ambient
audio/umass_tree8_robot_trunk2_segment_2_window_2_ambient.wav,images/umass_tree8_robot_trunk2_segment_2_window_2_ambient.jpg,ambient
audio/umass_tree8_robot_trunk2_segment_2_window_3_ambient.wav,images/umass_tree8_robot_trunk2_segment_2_window_3_ambient.jpg,ambient
audio/umass_tree8_robot_trunk2_segment_2_window_4_ambient.wav,images/umass_tree8_robot_trunk2_segment_2_window_4_ambient.jpg,ambient
audio/umass_tree8_robot_trunk2_segment_2_window_5_ambient.wav,images/umass_tree8_robot_trunk2_segment_2_window_5_ambient.jpg,ambient
audio/umass_tree8_robot_trunk2_segment_2_window_6_ambient.wav,images/umass_tree8_robot_trunk2_segment_2_window_6_ambient.jpg,ambient
audio/umass_tree8_robot_trunk2_segment_2_window_7_ambient.wav,images/umass_tree8_robot_trunk2_segment_2_window_7_ambient.jpg,ambient
audio/umass_tree8_robot_trunk2_segment_2_window_8_ambient.wav,images/umass_tree8_robot_trunk2_segment_2_window_8_ambient.jpg,ambient
audio/umass_tree8_robot_trunk2_segment_2_window_9_ambient.wav,images/umass_tree8_robot_trunk2_segment_2_window_9_ambient.jpg,ambient
audio/umass_tree8_robot_trunk2_segment_2_window_10_ambient.wav,images/umass_tree8_robot_trunk2_segment_2_window_10_ambient.jpg,ambient
audio/umass_tree8_robot_trunk2_segment_3_window_0_contact.wav,images/umass_tree8_robot_trunk2_segment_3_window_0_contact.jpg,trunk
audio/umass_tree8_robot_trunk2_segment_3_window_1_contact.wav,images/umass_tree8_robot_trunk2_segment_3_window_1_contact.jpg,trunk
audio/umass_tree8_robot_trunk2_segment_4_window_0_ambient.wav,images/umass_tree8_robot_trunk2_segment_4_window_0_ambient.jpg,ambient
audio/umass_tree8_robot_trunk2_segment_4_window_1_ambient.wav,images/umass_tree8_robot_trunk2_segment_4_window_1_ambient.jpg,ambient
audio/umass_tree8_robot_trunk2_segment_4_window_2_ambient.wav,images/umass_tree8_robot_trunk2_segment_4_window_2_ambient.jpg,ambient
audio/umass_tree8_robot_trunk2_segment_4_window_3_ambient.wav,images/umass_tree8_robot_trunk2_segment_4_window_3_ambient.jpg,ambient
audio/umass_tree8_robot_trunk2_segment_4_window_4_ambient.wav,images/umass_tree8_robot_trunk2_segment_4_window_4_ambient.jpg,ambient
audio/umass_tree8_robot_trunk2_segment_4_window_5_ambient.wav,images/umass_tree8_robot_trunk2_segment_4_window_5_ambient.jpg,ambient
audio/umass_tree8_robot_trunk2_segment_4_window_6_ambient.wav,images/umass_tree8_robot_trunk2_segment_4_window_6_ambient.jpg,ambient
audio/umass_tree8_robot_trunk2_segment_4_window_7_ambient.wav,images/umass_tree8_robot_trunk2_segment_4_window_7_ambient.jpg,ambient
audio/umass_tree8_robot_trunk2_segment_4_window_8_ambient.wav,images/umass_tree8_robot_trunk2_segment_4_window_8_ambient.jpg,ambient
audio/umass_tree8_robot_trunk2_segment_4_window_9_ambient.wav,images/umass_tree8_robot_trunk2_segment_4_window_9_ambient.jpg,ambient
audio/umass_tree8_robot_trunk2_segment_4_window_10_ambient.wav,images/umass_tree8_robot_trunk2_segment_4_window_10_ambient.jpg,ambient
audio/umass_tree8_robot_trunk2_segment_5_window_0_contact.wav,images/umass_tree8_robot_trunk2_segment_5_window_0_contact.jpg,trunk
audio/umass_tree8_robot_trunk2_segment_5_window_1_contact.wav,images/umass_tree8_robot_trunk2_segment_5_window_1_contact.jpg,trunk
audio/umass_tree8_robot_trunk2_segment_6_window_0_contact.wav,images/umass_tree8_robot_trunk2_segment_6_window_0_contact.jpg,trunk
audio/umass_tree8_robot_trunk2_segment_6_window_1_contact.wav,images/umass_tree8_robot_trunk2_segment_6_window_1_contact.jpg,trunk
audio/umass_tree8_robot_trunk2_segment_6_window_2_contact.wav,images/umass_tree8_robot_trunk2_segment_6_window_2_contact.jpg,trunk
audio/umass_tree8_robot_trunk2_segment_6_window_3_contact.wav,images/umass_tree8_robot_trunk2_segment_6_window_3_contact.jpg,trunk
audio/umass_tree8_robot_trunk2_segment_6_window_4_contact.wav,images/umass_tree8_robot_trunk2_segment_6_window_4_contact.jpg,trunk
audio/umass_tree8_robot_trunk2_segment_6_window_5_contact.wav,images/umass_tree8_robot_trunk2_segment_6_window_5_contact.jpg,trunk
audio/umass_tree8_robot_trunk2_segment_6_window_6_contact.wav,images/umass_tree8_robot_trunk2_segment_6_window_6_contact.jpg,trunk
audio/umass_tree8_robot_trunk2_segment_6_window_7_contact.wav,images/umass_tree8_robot_trunk2_segment_6_window_7_contact.jpg,trunk
audio/umass_tree8_robot_trunk2_segment_6_window_8_contact.wav,images/umass_tree8_robot_trunk2_segment_6_window_8_contact.jpg,trunk
audio/umass_tree8_robot_trunk2_segment_6_window_9_contact.wav,images/umass_tree8_robot_trunk2_segment_6_window_9_contact.jpg,trunk
audio/umass_tree8_robot_trunk2_segment_6_window_10_contact.wav,images/umass_tree8_robot_trunk2_segment_6_window_10_contact.jpg,trunk
audio/umass_tree8_robot_trunk2_segment_6_window_11_contact.wav,images/umass_tree8_robot_trunk2_segment_6_window_11_contact.jpg,trunk
audio/umass_tree8_robot_trunk2_segment_6_window_12_contact.wav,images/umass_tree8_robot_trunk2_segment_6_window_12_contact.jpg,trunk
audio/umass_tree8_robot_trunk2_segment_6_window_13_contact.wav,images/umass_tree8_robot_trunk2_segment_6_window_13_contact.jpg,trunk
audio/umass_tree8_robot_trunk2_segment_6_window_14_contact.wav,images/umass_tree8_robot_trunk2_segment_6_window_14_contact.jpg,trunk
audio/umass_tree8_robot_trunk2_segment_6_window_15_contact.wav,images/umass_tree8_robot_trunk2_segment_6_window_15_contact.jpg,trunk
audio/umass_tree8_robot_trunk2_segment_6_window_16_contact.wav,images/umass_tree8_robot_trunk2_segment_6_window_16_contact.jpg,trunk
audio/umass_tree8_robot_trunk2_segment_6_window_17_contact.wav,images/umass_tree8_robot_trunk2_segment_6_window_17_contact.jpg,trunk
audio/umass_tree8_robot_trunk2_segment_6_window_18_contact.wav,images/umass_tree8_robot_trunk2_segment_6_window_18_contact.jpg,trunk
audio/umass_tree8_robot_trunk2_segment_6_window_19_contact.wav,images/umass_tree8_robot_trunk2_segment_6_window_19_contact.jpg,trunk
audio/umass_tree8_robot_trunk2_segment_6_window_20_contact.wav,images/umass_tree8_robot_trunk2_segment_6_window_20_contact.jpg,trunk
audio/umass_tree8_robot_trunk2_segment_6_window_21_contact.wav,images/umass_tree8_robot_trunk2_segment_6_window_21_contact.jpg,trunk
audio/umass_tree8_robot_trunk2_segment_6_window_22_contact.wav,images/umass_tree8_robot_trunk2_segment_6_window_22_contact.jpg,trunk
audio/umass_tree8_robot_trunk2_segment_6_window_23_contact.wav,images/umass_tree8_robot_trunk2_segment_6_window_23_contact.jpg,trunk
audio/umass_tree8_robot_trunk2_segment_6_window_24_contact.wav,images/umass_tree8_robot_trunk2_segment_6_window_24_contact.jpg,trunk
audio/umass_tree8_robot_trunk2_segment_6_window_25_contact.wav,images/umass_tree8_robot_trunk2_segment_6_window_25_contact.jpg,trunk
audio/umass_tree8_robot_trunk2_segment_6_window_26_contact.wav,images/umass_tree8_robot_trunk2_segment_6_window_26_contact.jpg,trunk
audio/umass_tree8_robot_trunk2_segment_6_window_27_contact.wav,images/umass_tree8_robot_trunk2_segment_6_window_27_contact.jpg,trunk
audio/umass_tree8_robot_trunk2_segment_6_window_28_contact.wav,images/umass_tree8_robot_trunk2_segment_6_window_28_contact.jpg,trunk
audio/umass_tree8_robot_trunk2_segment_6_window_29_contact.wav,images/umass_tree8_robot_trunk2_segment_6_window_29_contact.jpg,trunk
audio/umass_tree8_robot_trunk2_segment_6_window_30_contact.wav,images/umass_tree8_robot_trunk2_segment_6_window_30_contact.jpg,trunk
audio/umass_tree8_robot_trunk2_segment_6_window_31_contact.wav,images/umass_tree8_robot_trunk2_segment_6_window_31_contact.jpg,trunk
audio/umass_tree8_robot_trunk2_segment_6_window_32_contact.wav,images/umass_tree8_robot_trunk2_segment_6_window_32_contact.jpg,trunk
audio/umass_tree8_robot_trunk2_segment_6_window_33_contact.wav,images/umass_tree8_robot_trunk2_segment_6_window_33_contact.jpg,trunk
audio/umass_tree8_robot_trunk2_segment_6_window_34_contact.wav,images/umass_tree8_robot_trunk2_segment_6_window_34_contact.jpg,trunk
audio/umass_tree1_robot_trunk2_segment_0_window_0_ambient.wav,images/umass_tree1_robot_trunk2_segment_0_window_0_ambient.jpg,ambient
audio/umass_tree1_robot_trunk2_segment_0_window_1_ambient.wav,images/umass_tree1_robot_trunk2_segment_0_window_1_ambient.jpg,ambient
audio/umass_tree1_robot_trunk2_segment_1_window_0_ambient.wav,images/umass_tree1_robot_trunk2_segment_1_window_0_ambient.jpg,ambient
audio/umass_tree1_robot_trunk2_segment_1_window_1_ambient.wav,images/umass_tree1_robot_trunk2_segment_1_window_1_ambient.jpg,ambient
audio/umass_tree1_robot_trunk2_segment_2_window_0_ambient.wav,images/umass_tree1_robot_trunk2_segment_2_window_0_ambient.jpg,ambient
audio/umass_tree1_robot_trunk2_segment_2_window_1_ambient.wav,images/umass_tree1_robot_trunk2_segment_2_window_1_ambient.jpg,ambient
audio/umass_tree1_robot_trunk2_segment_2_window_2_ambient.wav,images/umass_tree1_robot_trunk2_segment_2_window_2_ambient.jpg,ambient
audio/umass_tree1_robot_trunk2_segment_2_window_3_ambient.wav,images/umass_tree1_robot_trunk2_segment_2_window_3_ambient.jpg,ambient
audio/umass_tree1_robot_trunk2_segment_3_window_0_contact.wav,images/umass_tree1_robot_trunk2_segment_3_window_0_contact.jpg,trunk
audio/umass_tree1_robot_trunk2_segment_3_window_1_contact.wav,images/umass_tree1_robot_trunk2_segment_3_window_1_contact.jpg,trunk
audio/umass_tree1_robot_trunk2_segment_3_window_2_contact.wav,images/umass_tree1_robot_trunk2_segment_3_window_2_contact.jpg,trunk
audio/umass_tree1_robot_trunk2_segment_3_window_3_contact.wav,images/umass_tree1_robot_trunk2_segment_3_window_3_contact.jpg,trunk
audio/umass_tree1_robot_trunk2_segment_4_window_0_ambient.wav,images/umass_tree1_robot_trunk2_segment_4_window_0_ambient.jpg,ambient
audio/umass_tree1_robot_trunk2_segment_4_window_1_ambient.wav,images/umass_tree1_robot_trunk2_segment_4_window_1_ambient.jpg,ambient
audio/umass_tree1_robot_trunk2_segment_4_window_2_ambient.wav,images/umass_tree1_robot_trunk2_segment_4_window_2_ambient.jpg,ambient
audio/umass_tree1_robot_trunk2_segment_4_window_3_ambient.wav,images/umass_tree1_robot_trunk2_segment_4_window_3_ambient.jpg,ambient
audio/umass_tree1_robot_trunk2_segment_4_window_4_ambient.wav,images/umass_tree1_robot_trunk2_segment_4_window_4_ambient.jpg,ambient
audio/umass_tree1_robot_trunk2_segment_4_window_5_ambient.wav,images/umass_tree1_robot_trunk2_segment_4_window_5_ambient.jpg,ambient
audio/umass_tree1_robot_trunk2_segment_4_window_6_ambient.wav,images/umass_tree1_robot_trunk2_segment_4_window_6_ambient.jpg,ambient
audio/umass_tree1_robot_trunk2_segment_4_window_7_ambient.wav,images/umass_tree1_robot_trunk2_segment_4_window_7_ambient.jpg,ambient
audio/umass_tree1_robot_trunk2_segment_4_window_8_ambient.wav,images/umass_tree1_robot_trunk2_segment_4_window_8_ambient.jpg,ambient
audio/umass_tree1_robot_trunk2_segment_4_window_9_ambient.wav,images/umass_tree1_robot_trunk2_segment_4_window_9_ambient.jpg,ambient
audio/umass_tree1_robot_trunk2_segment_4_window_10_ambient.wav,images/umass_tree1_robot_trunk2_segment_4_window_10_ambient.jpg,ambient
audio/umass_tree1_robot_trunk2_segment_4_window_11_ambient.wav,images/umass_tree1_robot_trunk2_segment_4_window_11_ambient.jpg,ambient
audio/umass_tree1_robot_trunk2_segment_5_window_0_contact.wav,images/umass_tree1_robot_trunk2_segment_5_window_0_contact.jpg,trunk
audio/umass_tree1_robot_trunk2_segment_5_window_1_contact.wav,images/umass_tree1_robot_trunk2_segment_5_window_1_contact.jpg,trunk
audio/umass_tree1_robot_trunk2_segment_5_window_2_contact.wav,images/umass_tree1_robot_trunk2_segment_5_window_2_contact.jpg,trunk
audio/umass_tree1_robot_trunk2_segment_5_window_3_contact.wav,images/umass_tree1_robot_trunk2_segment_5_window_3_contact.jpg,trunk
audio/umass_tree1_robot_trunk2_segment_5_window_4_contact.wav,images/umass_tree1_robot_trunk2_segment_5_window_4_contact.jpg,trunk
audio/umass_tree1_robot_trunk2_segment_5_window_5_contact.wav,images/umass_tree1_robot_trunk2_segment_5_window_5_contact.jpg,trunk
audio/umass_tree1_robot_trunk2_segment_5_window_6_contact.wav,images/umass_tree1_robot_trunk2_segment_5_window_6_contact.jpg,trunk
audio/umass_tree1_robot_trunk2_segment_5_window_7_contact.wav,images/umass_tree1_robot_trunk2_segment_5_window_7_contact.jpg,trunk
audio/umass_tree1_robot_trunk2_segment_5_window_8_contact.wav,images/umass_tree1_robot_trunk2_segment_5_window_8_contact.jpg,trunk
audio/umass_tree1_robot_trunk2_segment_5_window_9_contact.wav,images/umass_tree1_robot_trunk2_segment_5_window_9_contact.jpg,trunk
audio/umass_tree1_robot_trunk2_segment_5_window_10_contact.wav,images/umass_tree1_robot_trunk2_segment_5_window_10_contact.jpg,trunk
audio/umass_tree1_robot_trunk2_segment_5_window_11_contact.wav,images/umass_tree1_robot_trunk2_segment_5_window_11_contact.jpg,trunk
audio/umass_tree1_robot_trunk2_segment_5_window_12_contact.wav,images/umass_tree1_robot_trunk2_segment_5_window_12_contact.jpg,trunk
audio/umass_tree1_robot_trunk2_segment_5_window_13_contact.wav,images/umass_tree1_robot_trunk2_segment_5_window_13_contact.jpg,trunk
audio/umass_tree1_robot_trunk2_segment_5_window_14_contact.wav,images/umass_tree1_robot_trunk2_segment_5_window_14_contact.jpg,trunk
audio/umass_tree1_robot_trunk2_segment_5_window_15_contact.wav,images/umass_tree1_robot_trunk2_segment_5_window_15_contact.jpg,trunk
audio/umass_tree1_robot_trunk2_segment_5_window_16_contact.wav,images/umass_tree1_robot_trunk2_segment_5_window_16_contact.jpg,trunk
audio/umass_tree1_robot_trunk2_segment_5_window_17_contact.wav,images/umass_tree1_robot_trunk2_segment_5_window_17_contact.jpg,trunk
audio/umass_tree1_robot_trunk2_segment_5_window_18_contact.wav,images/umass_tree1_robot_trunk2_segment_5_window_18_contact.jpg,trunk
audio/umass_tree1_robot_trunk2_segment_5_window_19_contact.wav,images/umass_tree1_robot_trunk2_segment_5_window_19_contact.jpg,trunk
audio/umass_tree1_robot_trunk2_segment_5_window_20_contact.wav,images/umass_tree1_robot_trunk2_segment_5_window_20_contact.jpg,trunk
audio/umass_tree1_robot_trunk2_segment_5_window_21_contact.wav,images/umass_tree1_robot_trunk2_segment_5_window_21_contact.jpg,trunk
audio/umass_tree1_robot_trunk2_segment_5_window_22_contact.wav,images/umass_tree1_robot_trunk2_segment_5_window_22_contact.jpg,trunk
audio/umass_tree1_robot_trunk2_segment_5_window_23_contact.wav,images/umass_tree1_robot_trunk2_segment_5_window_23_contact.jpg,trunk
audio/umass_tree1_robot_trunk2_segment_5_window_24_contact.wav,images/umass_tree1_robot_trunk2_segment_5_window_24_contact.jpg,trunk
audio/umass_tree1_robot_trunk2_segment_5_window_25_contact.wav,images/umass_tree1_robot_trunk2_segment_5_window_25_contact.jpg,trunk
audio/umass_tree1_robot_trunk2_segment_5_window_26_contact.wav,images/umass_tree1_robot_trunk2_segment_5_window_26_contact.jpg,trunk
audio/umass_tree1_robot_trunk2_segment_5_window_27_contact.wav,images/umass_tree1_robot_trunk2_segment_5_window_27_contact.jpg,trunk
audio/umass_tree1_robot_trunk2_segment_5_window_28_contact.wav,images/umass_tree1_robot_trunk2_segment_5_window_28_contact.jpg,trunk
audio/umass_tree1_robot_trunk2_segment_5_window_29_contact.wav,images/umass_tree1_robot_trunk2_segment_5_window_29_contact.jpg,trunk
audio/umass_tree1_robot_trunk2_segment_5_window_30_contact.wav,images/umass_tree1_robot_trunk2_segment_5_window_30_contact.jpg,trunk
audio/umass_tree1_robot_trunk2_segment_5_window_31_contact.wav,images/umass_tree1_robot_trunk2_segment_5_window_31_contact.jpg,trunk
audio/umass_tree1_robot_trunk2_segment_5_window_32_contact.wav,images/umass_tree1_robot_trunk2_segment_5_window_32_contact.jpg,trunk
audio/umass_tree1_robot_trunk2_segment_5_window_33_contact.wav,images/umass_tree1_robot_trunk2_segment_5_window_33_contact.jpg,trunk
audio/umass_tree1_robot_trunk2_segment_5_window_34_contact.wav,images/umass_tree1_robot_trunk2_segment_5_window_34_contact.jpg,trunk
audio/umass_tree1_robot_trunk2_segment_5_window_35_contact.wav,images/umass_tree1_robot_trunk2_segment_5_window_35_contact.jpg,trunk
audio/umass_tree1_robot_trunk2_segment_5_window_36_contact.wav,images/umass_tree1_robot_trunk2_segment_5_window_36_contact.jpg,trunk
audio/umass_tree1_robot_trunk2_segment_5_window_37_contact.wav,images/umass_tree1_robot_trunk2_segment_5_window_37_contact.jpg,trunk
audio/umass_tree1_robot_trunk2_segment_5_window_38_contact.wav,images/umass_tree1_robot_trunk2_segment_5_window_38_contact.jpg,trunk
audio/umass_tree1_robot_trunk2_segment_5_window_39_contact.wav,images/umass_tree1_robot_trunk2_segment_5_window_39_contact.jpg,trunk
audio/umass_tree1_robot_trunk2_segment_5_window_40_contact.wav,images/umass_tree1_robot_trunk2_segment_5_window_40_contact.jpg,trunk
audio/umass_tree1_robot_trunk2_segment_5_window_41_contact.wav,images/umass_tree1_robot_trunk2_segment_5_window_41_contact.jpg,trunk
audio/umass_tree1_robot_trunk2_segment_5_window_42_contact.wav,images/umass_tree1_robot_trunk2_segment_5_window_42_contact.jpg,trunk
audio/umass_tree1_robot_trunk2_segment_5_window_43_contact.wav,images/umass_tree1_robot_trunk2_segment_5_window_43_contact.jpg,trunk
audio/umass_tree1_robot_trunk2_segment_5_window_44_contact.wav,images/umass_tree1_robot_trunk2_segment_5_window_44_contact.jpg,trunk
audio/umass_tree1_robot_trunk2_segment_5_window_45_contact.wav,images/umass_tree1_robot_trunk2_segment_5_window_45_contact.jpg,trunk
audio/umass_tree1_robot_trunk2_segment_5_window_46_contact.wav,images/umass_tree1_robot_trunk2_segment_5_window_46_contact.jpg,trunk
audio/umass_tree1_robot_trunk2_segment_5_window_47_contact.wav,images/umass_tree1_robot_trunk2_segment_5_window_47_contact.jpg,trunk
audio/umass_tree1_robot_trunk2_segment_5_window_48_contact.wav,images/umass_tree1_robot_trunk2_segment_5_window_48_contact.jpg,trunk
audio/umass_tree1_robot_trunk2_segment_5_window_49_contact.wav,images/umass_tree1_robot_trunk2_segment_5_window_49_contact.jpg,trunk
audio/umass_tree1_robot_trunk2_segment_5_window_50_contact.wav,images/umass_tree1_robot_trunk2_segment_5_window_50_contact.jpg,trunk
audio/umass_tree1_robot_trunk2_segment_5_window_51_contact.wav,images/umass_tree1_robot_trunk2_segment_5_window_51_contact.jpg,trunk
audio/umass_tree1_robot_trunk2_segment_5_window_52_contact.wav,images/umass_tree1_robot_trunk2_segment_5_window_52_contact.jpg,trunk
audio/umass_tree1_robot_trunk2_segment_5_window_53_contact.wav,images/umass_tree1_robot_trunk2_segment_5_window_53_contact.jpg,trunk
audio/umass_tree1_robot_trunk2_segment_5_window_54_contact.wav,images/umass_tree1_robot_trunk2_segment_5_window_54_contact.jpg,trunk
audio/umass_tree1_robot_trunk2_segment_5_window_55_contact.wav,images/umass_tree1_robot_trunk2_segment_5_window_55_contact.jpg,trunk
