audio_file,label,y,group_key,pred_y,pred_label,proba_ambient,proba_leaf,proba_trunk,proba_twig
audio/umass_tree7_robot_trunk2_segment_0_window_0_contact.wav,trunk,2,umass_tree7_robot_trunk2_segment_0,2,trunk,1.000088900582341e-12,0.06739822222755108,0.9039998149751106,0.028601962796338226
audio/umass_tree7_robot_trunk2_segment_0_window_1_contact.wav,trunk,2,umass_tree7_robot_trunk2_segment_0,2,trunk,1.000088900582341e-12,0.06739822222755108,0.9039998149751106,0.028601962796338226
audio/umass_tree7_robot_trunk2_segment_0_window_2_contact.wav,trunk,2,umass_tree7_robot_trunk2_segment_0,2,trunk,1.000088900582341e-12,0.06739822222755108,0.9039998149751106,0.028601962796338226
audio/umass_tree7_robot_trunk2_segment_0_window_3_contact.wav,trunk,2,umass_tree7_robot_trunk2_segment_0,2,trunk,1.000088900582341e-12,0.06739822222755108,0.9039998149751106,0.028601962796338226
audio/umass_tree7_robot_trunk2_segment_0_window_4_contact.wav,trunk,2,umass_tree7_robot_trunk2_segment_0,2,trunk,1.000088900582341e-12,0.06739822222755108,0.9039998149751106,0.028601962796338226
audio/umass_tree7_robot_trunk2_segment_0_window_5_contact.wav,trunk,2,umass_tree7_robot_trunk2_segment_0,2,trunk,1.000088900582341e-12,0.06739822222755108,0.9039998149751106,0.028601962796338226
audio/umass_tree7_robot_trunk2_segment_0_window_6_contact.wav,trunk,2,umass_tree7_robot_trunk2_segment_0,2,trunk,1.000088900582341e-12,0.06739822222755108,0.9039998149751106,0.028601962796338226
audio/umass_tree7_robot_trunk2_segment_0_window_7_contact.wav,trunk,2,umass_tree7_robot_trunk2_segment_0,2,trunk,1.000088900582341e-12,0.06739822222755108,0.9039998149751106,0.028601962796338226
audio/umass_tree7_robot_trunk2_segment_0_window_8_contact.wav,trunk,2,umass_tree7_robot_trunk2_segment_0,2,trunk,1.000088900582341e-12,0.06739822222755108,0.9039998149751106,0.028601962796338226
audio/umass_tree7_robot_trunk2_segment_0_window_9_contact.wav,trunk,2,umass_tree7_robot_trunk2_segment_0,2,trunk,1.000088900582341e-12,0.06739822222755108,0.9039998149751106,0.028601962796338226
audio/umass_tree7_robot_trunk2_segment_0_window_10_contact.wav,trunk,2,umass_tree7_robot_trunk2_segment_0,2,trunk,1.000088900582341e-12,0.06739822222755108,0.9039998149751106,0.028601962796338226
audio/umass_tree7_robot_trunk2_segment_0_window_11_contact.wav,trunk,2,umass_tree7_robot_trunk2_segment_0,2,trunk,1.000088900582341e-12,0.06739822222755108,0.9039998149751106,0.028601962796338226
audio/umass_tree7_robot_trunk2_segment_0_window_12_contact.wav,trunk,2,umass_tree7_robot_trunk2_segment_0,2,trunk,1.000088900582341e-12,0.06739822222755108,0.9039998149751106,0.028601962796338226
audio/umass_tree7_robot_trunk2_segment_0_window_13_contact.wav,trunk,2,umass_tree7_robot_trunk2_segment_0,2,trunk,1.000088900582341e-12,0.06739822222755108,0.9039998149751106,0.028601962796338226
audio/umass_tree7_robot_trunk2_segment_0_window_14_contact.wav,trunk,2,umass_tree7_robot_trunk2_segment_0,2,trunk,1.000088900582341e-12,0.06739822222755108,0.9039998149751106,0.028601962796338226
audio/umass_tree7_robot_trunk2_segment_0_window_15_contact.wav,trunk,2,umass_tree7_robot_trunk2_segment_0,2,trunk,1.000088900582341e-12,0.06739822222755108,0.9039998149751106,0.028601962796338226
audio/umass_tree7_robot_trunk2_segment_0_window_16_contact.wav,trunk,2,umass_tree7_robot_trunk2_segment_0,2,trunk,1.000088900582341e-12,0.06739822222755108,0.9039998149751106,0.028601962796338226
audio/umass_tree7_robot_trunk2_segment_0_window_17_contact.wav,trunk,2,umass_tree7_robot_trunk2_segment_0,2,trunk,1.000088900582341e-12,0.06739822222755108,0.9039998149751106,0.028601962796338226
audio/umass_tree7_robot_trunk2_segment_0_window_18_contact.wav,trunk,2,umass_tree7_robot_trunk2_segment_0,2,trunk,1.000088900582341e-12,0.06739822222755108,0.9039998149751106,0.028601962796338226
audio/umass_tree7_robot_trunk2_segment_0_window_19_contact.wav,trunk,2,umass_tree7_robot_trunk2_segment_0,2,trunk,1.000088900582341e-12,0.06739822222755108,0.9039998149751106,0.028601962796338226
audio/umass_tree7_robot_trunk2_segment_0_window_20_contact.wav,trunk,2,umass_tree7_robot_trunk2_segment_0,2,trunk,1.000088900582341e-12,0.06739822222755108,0.9039998149751106,0.028601962796338226
audio/umass_tree7_robot_trunk2_segment_1_window_0_contact.wav,trunk,2,umass_tree7_robot_trunk2_segment_1,2,trunk,1e-12,0.0673982222275511,0.9039998149751107,0.02860196279633823
audio/umass_tree7_robot_trunk2_segment_1_window_1_contact.wav,trunk,2,umass_tree7_robot_trunk2_segment_1,2,trunk,1e-12,0.0673982222275511,0.9039998149751107,0.02860196279633823
audio/umass_tree7_robot_trunk2_segment_1_window_2_contact.wav,trunk,2,umass_tree7_robot_trunk2_segment_1,2,trunk,1e-12,0.0673982222275511,0.9039998149751107,0.02860196279633823
audio/umass_tree7_robot_trunk2_segment_1_window_3_contact.wav,trunk,2,umass_tree7_robot_trunk2_segment_1,2,trunk,1e-12,0.0673982222275511,0.9039998149751107,0.02860196279633823
audio/umass_tree7_robot_trunk2_segment_1_window_4_contact.wav,trunk,2,umass_tree7_robot_trunk2_segment_1,2,trunk,1e-12,0.0673982222275511,0.9039998149751107,0.02860196279633823
audio/umass_tree7_robot_trunk2_segment_1_window_5_contact.wav,trunk,2,umass_tree7_robot_trunk2_segment_1,2,trunk,1e-12,0.0673982222275511,0.9039998149751107,0.02860196279633823
audio/umass_tree7_robot_trunk2_segment_1_window_6_contact.wav,trunk,2,umass_tree7_robot_trunk2_segment_1,2,trunk,1e-12,0.0673982222275511,0.9039998149751107,0.02860196279633823
audio/umass_tree7_robot_trunk2_segment_1_window_7_contact.wav,trunk,2,umass_tree7_robot_trunk2_segment_1,2,trunk,1e-12,0.0673982222275511,0.9039998149751107,0.02860196279633823
audio/umass_tree7_robot_trunk2_segment_1_window_8_contact.wav,trunk,2,umass_tree7_robot_trunk2_segment_1,2,trunk,1e-12,0.0673982222275511,0.9039998149751107,0.02860196279633823
audio/umass_tree7_robot_trunk2_segment_1_window_9_contact.wav,trunk,2,umass_tree7_robot_trunk2_segment_1,2,trunk,1e-12,0.0673982222275511,0.9039998149751107,0.02860196279633823
audio/umass_tree7_robot_trunk2_segment_1_window_10_contact.wav,trunk,2,umass_tree7_robot_trunk2_segment_1,2,trunk,1e-12,0.0673982222275511,0.9039998149751107,0.02860196279633823
audio/umass_tree7_robot_trunk2_segment_1_window_11_contact.wav,trunk,2,umass_tree7_robot_trunk2_segment_1,2,trunk,1e-12,0.0673982222275511,0.9039998149751107,0.02860196279633823
audio/umass_tree7_robot_trunk2_segment_1_window_12_contact.wav,trunk,2,umass_tree7_robot_trunk2_segment_1,2,trunk,1e-12,0.0673982222275511,0.9039998149751107,0.02860196279633823
audio/umass_tree7_robot_trunk2_segment_2_window_0_ambient.wav,ambient,0,umass_tree7_robot_trunk2_segment_2,0,ambient,0.999999999995288,1e-12,2.711999444923402e-12,1e-12
audio/umass_tree7_robot_trunk2_segment_2_window_1_ambient.wav,ambient,0,umass_tree7_robot_trunk2_segment_2,0,ambient,0.999999999995288,1e-12,2.711999444923402e-12,1e-12
audio/umass_tree7_robot_trunk2_segment_3_window_0_ambient.wav,ambient,0,umass_tree7_robot_trunk2_segment_3,0,ambient,0.999999999995288,1e-12,2.711999444923402e-12,1e-12
audio/umass_tree7_robot_trunk2_segment_3_window_1_ambient.wav,ambient,0,umass_tree7_robot_trunk2_segment_3,0,ambient,0.999999999995288,1e-12,2.711999444923402e-12,1e-12
audio/umass_tree7_robot_trunk2_segment_3_window_2_ambient.wav,ambient,0,umass_tree7_robot_trunk2_segment_3,0,ambient,0.999999999995288,1e-12,2.711999444923402e-12,1e-12
audio/umass_tree7_robot_trunk2_segment_3_window_3_ambient.wav,ambient,0,umass_tree7_robot_trunk2_segment_3,0,ambient,0.999999999995288,1e-12,2.711999444923402e-12,1e-12
audio/umass_tree7_robot_trunk2_segment_3_window_4_ambient.wav,ambient,0,umass_tree7_robot_trunk2_segment_3,0,ambient,0.999999999995288,1e-12,2.711999444923402e-12,1e-12
audio/umass_tree7_robot_trunk2_segment_3_window_5_ambient.wav,ambient,0,umass_tree7_robot_trunk2_segment_3,0,ambient,0.999999999995288,1e-12,2.711999444923402e-12,1e-12
audio/umass_tree7_robot_trunk2_segment_3_window_6_ambient.wav,ambient,0,umass_tree7_robot_trunk2_segment_3,0,ambient,0.999999999995288,1e-12,2.711999444923402e-12,1e-12
audio/umass_tree7_robot_trunk2_segment_3_window_7_ambient.wav,ambient,0,umass_tree7_robot_trunk2_segment_3,0,ambient,0.999999999995288,1e-12,2.711999444923402e-12,1e-12
audio/umass_tree7_robot_trunk2_segment_3_window_8_ambient.wav,ambient,0,umass_tree7_robot_trunk2_segment_3,0,ambient,0.999999999995288,1e-12,2.711999444923402e-12,1e-12
audio/umass_tree7_robot_trunk2_segment_3_window_9_ambient.wav,ambient,0,umass_tree7_robot_trunk2_segment_3,0,ambient,0.999999999995288,1e-12,2.711999444923402e-12,1e-12
audio/umass_tree7_robot_trunk2_segment_3_window_10_ambient.wav,ambient,0,umass_tree7_robot_trunk2_segment_3,0,ambient,0.999999999995288,1e-12,2.711999444923402e-12,1e-12
audio/umass_tree7_robot_trunk2_segment_4_window_0_contact.wav,trunk,2,umass_tree7_robot_trunk2_segment_4,2,trunk,9.095028999628331e-05,0.06739209233976166,0.9039175959306861,0.02859936143955604
audio/umass_tree7_robot_trunk2_segment_5_window_0_ambient.wav,ambient,0,umass_tree7_robot_trunk2_segment_5,0,ambient,0.999999999995288,1e-12,2.711999444923402e-12,1e-12
audio/umass_tree7_robot_trunk2_segment_5_window_1_ambient.wav,ambient,0,umass_tree7_robot_trunk2_segment_5,0,ambient,0.999999999995288,1e-12,2.711999444923402e-12,1e-12
audio/umass_tree7_robot_trunk2_segment_5_window_2_ambient.wav,ambient,0,umass_tree7_robot_trunk2_segment_5,0,ambient,0.999999999995288,1e-12,2.711999444923402e-12,1e-12
audio/umass_tree7_robot_trunk2_segment_5_window_3_ambient.wav,ambient,0,umass_tree7_robot_trunk2_segment_5,0,ambient,0.999999999995288,1e-12,2.711999444923402e-12,1e-12
audio/umass_tree7_robot_trunk2_segment_5_window_4_ambient.wav,ambient,0,umass_tree7_robot_trunk2_segment_5,0,ambient,0.999999999995288,1e-12,2.711999444923402e-12,1e-12
audio/umass_tree7_robot_trunk2_segment_5_window_5_ambient.wav,ambient,0,umass_tree7_robot_trunk2_segment_5,0,ambient,0.999999999995288,1e-12,2.711999444923402e-12,1e-12
audio/umass_tree7_robot_trunk2_segment_5_window_6_ambient.wav,ambient,0,umass_tree7_robot_trunk2_segment_5,0,ambient,0.999999999995288,1e-12,2.711999444923402e-12,1e-12
audio/umass_tree7_robot_trunk2_segment_5_window_7_ambient.wav,ambient,0,umass_tree7_robot_trunk2_segment_5,0,ambient,0.999999999995288,1e-12,2.711999444923402e-12,1e-12
audio/umass_tree7_robot_trunk2_segment_5_window_8_ambient.wav,ambient,0,umass_tree7_robot_trunk2_segment_5,0,ambient,0.999999999995288,1e-12,2.711999444923402e-12,1e-12
audio/umass_tree7_robot_trunk2_segment_5_window_9_ambient.wav,ambient,0,umass_tree7_robot_trunk2_segment_5,0,ambient,0.999999999995288,1e-12,2.711999444923402e-12,1e-12
audio/umass_tree7_robot_trunk2_segment_5_window_10_ambient.wav,ambient,0,umass_tree7_robot_trunk2_segment_5,0,ambient,0.999999999995288,1e-12,2.711999444923402e-12,1e-12
audio/umass_tree7_robot_trunk2_segment_5_window_11_ambient.wav,ambient,0,umass_tree7_robot_trunk2_segment_5,0,ambient,0.999999999995288,1e-12,2.711999444923402e-12,1e-12
audio/umass_tree7_robot_trunk2_segment_6_window_0_ambient.wav,ambient,0,umass_tree7_robot_trunk2_segment_6,0,ambient,0.999999999995288,1e-12,2.711999444923402e-12,1e-12
audio/umass_tree7_robot_trunk2_segment_6_window_1_ambient.wav,ambient,0,umass_tree7_robot_trunk2_segment_6,0,ambient,0.999999999995288,1e-12,2.711999444923402e-12,1e-12
audio/umass_tree7_robot_trunk2_segment_6_window_2_ambient.wav,ambient,0,umass_tree7_robot_trunk2_segment_6,0,ambient,0.999999999995288,1e-12,2.711999444923402e-12,1e-12
audio/umass_tree7_robot_trunk2_segment_6_window_3_ambient.wav,ambient,0,umass_tree7_robot_trunk2_segment_6,0,ambient,0.999999999995288,1e-12,2.711999444923402e-12,1e-12
audio/umass_tree7_robot_trunk2_segment_6_window_4_ambient.wav,ambient,0,umass_tree7_robot_trunk2_segment_6,0,ambient,0.999999999995288,1e-12,2.711999444923402e-12,1e-12
audio/umass_tree7_robot_trunk2_segment_6_window_5_ambient.wav,ambient,0,umass_tree7_robot_trunk2_segment_6,0,ambient,0.999999999995288,1e-12,2.711999444923402e-12,1e-12
audio/umass_tree7_robot_trunk2_segment_6_window_6_ambient.wav,ambient,0,umass_tree7_robot_trunk2_segment_6,0,ambient,0.999999999995288,1e-12,2.711999444923402e-12,1e-12
audio/umass_tree7_robot_trunk2_segment_6_window_7_ambient.wav,ambient,0,umass_tree7_robot_trunk2_segment_6,0,ambient,0.999999999995288,1e-12,2.711999444923402e-12,1e-12
audio/umass_tree7_robot_trunk2_segment_6_window_8_ambient.wav,ambient,0,umass_tree7_robot_trunk2_segment_6,0,ambient,0.999999999995288,1e-12,2.711999444923402e-12,1e-12
audio/umass_tree7_robot_trunk2_segment_6_window_9_ambient.wav,ambient,0,umass_tree7_robot_trunk2_segment_6,0,ambient,0.999999999995288,1e-12,2.711999444923402e-12,1e-12
audio/umass_tree7_robot_trunk2_segment_6_window_10_ambient.wav,ambient,0,umass_tree7_robot_trunk2_segment_6,0,ambient,0.999999999995288,1e-12,2.711999444923402e-12,1e-12
audio/umass_tree7_robot_trunk2_segment_6_window_11_ambient.wav,ambient,0,umass_tree7_robot_trunk2_segment_6,0,ambient,0.999999999995288,1e-12,2.711999444923402e-12,1e-12
audio/umass_tree7_robot_trunk2_segment_6_window_12_ambient.wav,ambient,0,umass_tree7_robot_trunk2_segment_6,0,ambient,0.999999999995288,1e-12,2.711999444923402e-12,1e-12
audio/umass_tree7_robot_trunk2_segment_6_window_13_ambient.wav,ambient,0,umass_tree7_robot_trunk2_segment_6,0,ambient,0.999999999995288,1e-12,2.711999444923402e-12,1e-12
audio/umass_tree7_robot_trunk2_segment_6_window_14_ambient.wav,ambient,0,umass_tree7_robot_trunk2_segment_6,0,ambient,0.999999999995288,1e-12,2.711999444923402e-12,1e-12
audio/umass_tree7_robot_trunk2_segment_6_window_15_ambient.wav,ambient,0,umass_tree7_robot_trunk2_segment_6,0,ambient,0.999999999995288,1e-12,2.711999444923402e-12,1e-12
audio/umass_tree7_robot_trunk2_segment_6_window_16_ambient.wav,ambient,0,umass_tree7_robot_trunk2_segment_6,0,ambient,0.999999999995288,1e-12,2.711999444923402e-12,1e-12
audio/umass_tree7_robot_trunk2_segment_6_window_17_ambient.wav,ambient,0,umass_tree7_robot_trunk2_segment_6,0,ambient,0.999999999995288,1e-12,2.711999444923402e-12,1e-12
audio/umass_tree7_robot_trunk2_segment_6_window_18_ambient.wav,ambient,0,umass_tree7_robot_trunk2_segment_6,0,ambient,0.999999999995288,1e-12,2.711999444923402e-12,1e-12
audio/umass_tree7_robot_trunk2_segment_7_window_0_contact.wav,trunk,2,umass_tree7_robot_trunk2_segment_7,2,trunk,1.000088900582341e-12,0.06739822222755108,0.9039998149751106,0.028601962796338226
audio/umass_tree7_robot_trunk2_segment_7_window_1_contact.wav,trunk,2,umass_tree7_robot_trunk2_segment_7,2,trunk,1.000088900582341e-12,0.06739822222755108,0.9039998149751106,0.028601962796338226
audio/umass_tree7_robot_trunk2_segment_7_window_2_contact.wav,trunk,2,umass_tree7_robot_trunk2_segment_7,2,trunk,1.000088900582341e-12,0.06739822222755108,0.9039998149751106,0.028601962796338226
audio/umass_tree7_robot_trunk2_segment_7_window_3_contact.wav,trunk,2,umass_tree7_robot_trunk2_segment_7,2,trunk,1.000088900582341e-12,0.06739822222755108,0.9039998149751106,0.028601962796338226
audio/umass_tree7_robot_trunk2_segment_7_window_4_contact.wav,trunk,2,umass_tree7_robot_trunk2_segment_7,2,trunk,1.000088900582341e-12,0.06739822222755108,0.9039998149751106,0.028601962796338226
audio/umass_tree7_robot_trunk2_segment_8_window_0_ambient.wav,ambient,0,umass_tree7_robot_trunk2_segment_8,0,ambient,0.9999049442281449,6.406590035507773e-06,8.593040016941186e-05,2.718781650179478e-06
audio/umass_tree7_robot_trunk2_segment_9_window_0_contact.wav,trunk,2,umass_tree7_robot_trunk2_segment_9,0,ambient,0.999999999995288,1e-12,2.711999444923402e-12,1e-12
audio/umass_tree7_robot_trunk2_segment_9_window_1_contact.wav,trunk,2,umass_tree7_robot_trunk2_segment_9,0,ambient,0.999999999995288,1e-12,2.711999444923402e-12,1e-12
audio/umass_tree7_robot_trunk2_segment_9_window_2_contact.wav,trunk,2,umass_tree7_robot_trunk2_segment_9,0,ambient,0.999999999995288,1e-12,2.711999444923402e-12,1e-12
audio/umass_tree7_robot_trunk2_segment_9_window_3_contact.wav,trunk,2,umass_tree7_robot_trunk2_segment_9,0,ambient,0.999999999995288,1e-12,2.711999444923402e-12,1e-12
audio/umass_tree7_robot_trunk2_segment_9_window_4_contact.wav,trunk,2,umass_tree7_robot_trunk2_segment_9,0,ambient,0.999999999995288,1e-12,2.711999444923402e-12,1e-12
audio/umass_tree7_robot_trunk2_segment_9_window_5_contact.wav,trunk,2,umass_tree7_robot_trunk2_segment_9,0,ambient,0.999999999995288,1e-12,2.711999444923402e-12,1e-12
audio/umass_tree7_robot_trunk2_segment_9_window_6_contact.wav,trunk,2,umass_tree7_robot_trunk2_segment_9,0,ambient,0.999999999995288,1e-12,2.711999444923402e-12,1e-12
audio/umass_tree7_robot_trunk2_segment_9_window_7_contact.wav,trunk,2,umass_tree7_robot_trunk2_segment_9,0,ambient,0.999999999995288,1e-12,2.711999444923402e-12,1e-12
audio/umass_tree7_robot_trunk2_segment_9_window_8_contact.wav,trunk,2,umass_tree7_robot_trunk2_segment_9,0,ambient,0.999999999995288,1e-12,2.711999444923402e-12,1e-12
audio/umass_tree7_robot_trunk2_segment_9_window_9_contact.wav,trunk,2,umass_tree7_robot_trunk2_segment_9,0,ambient,0.999999999995288,1e-12,2.711999444923402e-12,1e-12
audio/umass_tree3_robot_trunk1_split_1_segment_0_window_0_contact.wav,trunk,2,umass_tree3_robot_trunk1_split_1_segment_0,3,twig,1e-12,0.0003964427069174648,0.00044192710266410367,0.9991616301894185
audio/umass_tree3_robot_trunk1_split_1_segment_0_window_1_contact.wav,trunk,2,umass_tree3_robot_trunk1_split_1_segment_0,3,twig,1e-12,0.0003964427069174648,0.00044192710266410367,0.9991616301894185
audio/umass_tree3_robot_trunk1_split_1_segment_1_window_0_ambient.wav,ambient,0,umass_tree3_robot_trunk1_split_1_segment_1,0,ambient,0.9999999999950027,1e-12,1e-12,2.9974848905652667e-12
audio/umass_tree3_robot_trunk1_split_1_segment_1_window_1_ambient.wav,ambient,0,umass_tree3_robot_trunk1_split_1_segment_1,0,ambient,0.9999999999950027,1e-12,1e-12,2.9974848905652667e-12
audio/umass_tree3_robot_trunk1_split_1_segment_1_window_2_ambient.wav,ambient,0,umass_tree3_robot_trunk1_split_1_segment_1,0,ambient,0.9999999999950027,1e-12,1e-12,2.9974848905652667e-12
audio/umass_tree3_robot_trunk1_split_1_segment_1_window_3_ambient.wav,ambient,0,umass_tree3_robot_trunk1_split_1_segment_1,0,ambient,0.9999999999950027,1e-12,1e-12,2.9974848905652667e-12
audio/umass_tree3_robot_trunk1_split_1_segment_1_window_4_ambient.wav,ambient,0,umass_tree3_robot_trunk1_split_1_segment_1,0,ambient,0.9999999999950027,1e-12,1e-12,2.9974848905652667e-12
audio/umass_tree3_robot_trunk1_split_1_segment_1_window_5_ambient.wav,ambient,0,umass_tree3_robot_trunk1_split_1_segment_1,0,ambient,0.9999999999950027,1e-12,1e-12,2.9974848905652667e-12
audio/umass_tree3_robot_trunk1_split_1_segment_1_window_6_ambient.wav,ambient,0,umass_tree3_robot_trunk1_split_1_segment_1,0,ambient,0.9999999999950027,1e-12,1e-12,2.9974848905652667e-12
audio/umass_tree3_robot_trunk1_split_1_segment_1_window_7_ambient.wav,ambient,0,umass_tree3_robot_trunk1_split_1_segment_1,0,ambient,0.9999999999950027,1e-12,1e-12,2.9974848905652667e-12
audio/umass_tree3_robot_trunk1_split_1_segment_1_window_8_ambient.wav,ambient,0,umass_tree3_robot_trunk1_split_1_segment_1,0,ambient,0.9999999999950027,1e-12,1e-12,2.9974848905652667e-12
audio/umass_tree3_robot_trunk1_split_1_segment_1_window_9_ambient.wav,ambient,0,umass_tree3_robot_trunk1_split_1_segment_1,0,ambient,0.9999999999950027,1e-12,1e-12,2.9974848905652667e-12
audio/umass_tree3_robot_trunk1_split_1_segment_1_window_10_ambient.wav,ambient,0,umass_tree3_robot_trunk1_split_1_segment_1,0,ambient,0.9999999999950027,1e-12,1e-12,2.9974848905652667e-12
audio/umass_tree3_robot_trunk1_split_1_segment_2_window_0_contact.wav,trunk,2,umass_tree3_robot_trunk1_split_1_segment_2,3,twig,1.000088900582341e-12,0.0003964427069174647,0.0004419271026641036,0.9991616301894184
audio/umass_tree3_robot_trunk1_split_1_segment_2_window_1_contact.wav,trunk,2,umass_tree3_robot_trunk1_split_1_segment_2,3,twig,1.000088900582341e-12,0.0003964427069174647,0.0004419271026641036,0.9991616301894184
audio/umass_tree3_robot_trunk1_split_1_segment_2_window_2_contact.wav,trunk,2,umass_tree3_robot_trunk1_split_1_segment_2,3,twig,1.000088900582341e-12,0.0003964427069174647,0.0004419271026641036,0.9991616301894184
audio/umass_tree3_robot_trunk1_split_1_segment_2_window_3_contact.wav,trunk,2,umass_tree3_robot_trunk1_split_1_segment_2,3,twig,1.000088900582341e-12,0.0003964427069174647,0.0004419271026641036,0.9991616301894184
audio/umass_tree3_robot_trunk1_split_1_segment_2_window_4_contact.wav,trunk,2,umass_tree3_robot_trunk1_split_1_segment_2,3,twig,1.000088900582341e-12,0.0003964427069174647,0.0004419271026641036,0.9991616301894184
audio/umass_tree3_robot_trunk1_split_1_segment_2_window_5_contact.wav,trunk,2,umass_tree3_robot_trunk1_split_1_segment_2,3,twig,1.000088900582341e-12,0.0003964427069174647,0.0004419271026641036,0.9991616301894184
audio/umass_tree3_robot_trunk1_split_1_segment_2_window_6_contact.wav,trunk,2,umass_tree3_robot_trunk1_split_1_segment_2,3,twig,1.000088900582341e-12,0.0003964427069174647,0.0004419271026641036,0.9991616301894184
audio/umass_tree3_robot_trunk1_split_1_segment_2_window_7_contact.wav,trunk,2,umass_tree3_robot_trunk1_split_1_segment_2,3,twig,1.000088900582341e-12,0.0003964427069174647,0.0004419271026641036,0.9991616301894184
audio/umass_tree3_robot_trunk1_split_1_segment_2_window_8_contact.wav,trunk,2,umass_tree3_robot_trunk1_split_1_segment_2,3,twig,1.000088900582341e-12,0.0003964427069174647,0.0004419271026641036,0.9991616301894184
audio/umass_tree3_robot_trunk1_split_1_segment_2_window_9_contact.wav,trunk,2,umass_tree3_robot_trunk1_split_1_segment_2,3,twig,1.000088900582341e-12,0.0003964427069174647,0.0004419271026641036,0.9991616301894184
audio/umass_tree3_robot_trunk1_split_1_segment_2_window_10_contact.wav,trunk,2,umass_tree3_robot_trunk1_split_1_segment_2,3,twig,1.000088900582341e-12,0.0003964427069174647,0.0004419271026641036,0.9991616301894184
audio/umass_tree3_robot_trunk1_split_1_segment_2_window_11_contact.wav,trunk,2,umass_tree3_robot_trunk1_split_1_segment_2,3,twig,1.000088900582341e-12,0.0003964427069174647,0.0004419271026641036,0.9991616301894184
audio/umass_tree3_robot_trunk1_split_1_segment_2_window_12_contact.wav,trunk,2,umass_tree3_robot_trunk1_split_1_segment_2,3,twig,1.000088900582341e-12,0.0003964427069174647,0.0004419271026641036,0.9991616301894184
audio/umass_tree3_robot_trunk1_split_1_segment_2_window_13_contact.wav,trunk,2,umass_tree3_robot_trunk1_split_1_segment_2,3,twig,1.000088900582341e-12,0.0003964427069174647,0.0004419271026641036,0.9991616301894184
audio/umass_tree3_robot_trunk1_split_1_segment_2_window_14_contact.wav,trunk,2,umass_tree3_robot_trunk1_split_1_segment_2,3,twig,1.000088900582341e-12,0.0003964427069174647,0.0004419271026641036,0.9991616301894184
audio/umass_tree3_robot_trunk1_split_1_segment_2_window_15_contact.wav,trunk,2,umass_tree3_robot_trunk1_split_1_segment_2,3,twig,1.000088900582341e-12,0.0003964427069174647,0.0004419271026641036,0.9991616301894184
audio/umass_tree3_robot_trunk1_split_1_segment_2_window_16_contact.wav,trunk,2,umass_tree3_robot_trunk1_split_1_segment_2,3,twig,1.000088900582341e-12,0.0003964427069174647,0.0004419271026641036,0.9991616301894184
audio/umass_tree3_robot_trunk1_split_1_segment_3_window_0_ambient.wav,ambient,0,umass_tree3_robot_trunk1_split_1_segment_3,0,ambient,0.9999999999950027,1e-12,1e-12,2.9974848905652667e-12
audio/umass_tree3_robot_trunk1_split_1_segment_3_window_1_ambient.wav,ambient,0,umass_tree3_robot_trunk1_split_1_segment_3,0,ambient,0.9999999999950027,1e-12,1e-12,2.9974848905652667e-12
audio/umass_tree3_robot_trunk1_split_1_segment_3_window_2_ambient.wav,ambient,0,umass_tree3_robot_trunk1_split_1_segment_3,0,ambient,0.9999999999950027,1e-12,1e-12,2.9974848905652667e-12
audio/umass_tree3_robot_trunk1_split_1_segment_3_window_3_ambient.wav,ambient,0,umass_tree3_robot_trunk1_split_1_segment_3,0,ambient,0.9999999999950027,1e-12,1e-12,2.9974848905652667e-12
audio/umass_tree3_robot_trunk1_split_1_segment_3_window_4_ambient.wav,ambient,0,umass_tree3_robot_trunk1_split_1_segment_3,0,ambient,0.9999999999950027,1e-12,1e-12,2.9974848905652667e-12
audio/umass_tree3_robot_trunk1_split_1_segment_3_window_5_ambient.wav,ambient,0,umass_tree3_robot_trunk1_split_1_segment_3,0,ambient,0.9999999999950027,1e-12,1e-12,2.9974848905652667e-12
audio/umass_tree3_robot_trunk1_split_1_segment_3_window_6_ambient.wav,ambient,0,umass_tree3_robot_trunk1_split_1_segment_3,0,ambient,0.9999999999950027,1e-12,1e-12,2.9974848905652667e-12
audio/umass_tree3_robot_trunk1_split_1_segment_4_window_0_ambient.wav,ambient,0,umass_tree3_robot_trunk1_split_1_segment_4,0,ambient,0.9999999999950027,1e-12,1e-12,2.9974848905652667e-12
audio/umass_tree3_robot_trunk1_split_1_segment_4_window_1_ambient.wav,ambient,0,umass_tree3_robot_trunk1_split_1_segment_4,0,ambient,0.9999999999950027,1e-12,1e-12,2.9974848905652667e-12
audio/umass_tree3_robot_trunk1_split_1_segment_4_window_2_ambient.wav,ambient,0,umass_tree3_robot_trunk1_split_1_segment_4,0,ambient,0.9999999999950027,1e-12,1e-12,2.9974848905652667e-12
audio/umass_tree3_robot_trunk1_split_1_segment_4_window_3_ambient.wav,ambient,0,umass_tree3_robot_trunk1_split_1_segment_4,0,ambient,0.9999999999950027,1e-12,1e-12,2.9974848905652667e-12
audio/umass_tree3_robot_trunk1_split_1_segment_4_window_4_ambient.wav,ambient,0,umass_tree3_robot_trunk1_split_1_segment_4,0,ambient,0.9999999999950027,1e-12,1e-12,2.9974848905652667e-12
audio/umass_tree3_robot_trunk1_split_1_segment_4_window_5_ambient.wav,ambient,0,umass_tree3_robot_trunk1_split_1_segment_4,0,ambient,0.9999999999950027,1e-12,1e-12,2.9974848905652667e-12
audio/umass_tree3_robot_trunk1_split_1_segment_4_window_6_ambient.wav,ambient,0,umass_tree3_robot_trunk1_split_1_segment_4,0,ambient,0.9999999999950027,1e-12,1e-12,2.9974848905652667e-12
audio/umass_tree3_robot_trunk1_split_1_segment_4_window_7_ambient.wav,ambient,0,umass_tree3_robot_trunk1_split_1_segment_4,0,ambient,0.9999999999950027,1e-12,1e-12,2.9974848905652667e-12
audio/umass_tree3_robot_trunk1_split_1_segment_4_window_8_ambient.wav,ambient,0,umass_tree3_robot_trunk1_split_1_segment_4,0,ambient,0.9999999999950027,1e-12,1e-12,2.9974848905652667e-12
audio/umass_tree3_robot_trunk1_split_1_segment_4_window_9_ambient.wav,ambient,0,umass_tree3_robot_trunk1_split_1_segment_4,0,ambient,0.9999999999950027,1e-12,1e-12,2.9974848905652667e-12
audio/umass_tree3_robot_trunk1_split_1_segment_4_window_10_ambient.wav,ambient,0,umass_tree3_robot_trunk1_split_1_segment_4,0,ambient,0.9999999999950027,1e-12,1e-12,2.9974848905652667e-12
audio/umass_tree3_robot_trunk1_split_1_segment_4_window_11_ambient.wav,ambient,0,umass_tree3_robot_trunk1_split_1_segment_4,0,ambient,0.9999999999950027,1e-12,1e-12,2.9974848905652667e-12
audio/umass_tree3_robot_trunk1_split_1_segment_4_window_12_ambient.wav,ambient,0,umass_tree3_robot_trunk1_split_1_segment_4,0,ambient,0.9999999999950027,1e-12,1e-12,2.9974848905652667e-12
audio/umass_tree3_robot_trunk1_split_1_segment_4_window_13_ambient.wav,ambient,0,umass_tree3_robot_trunk1_split_1_segment_4,0,ambient,0.9999999999950027,1e-12,1e-12,2.9974848905652667e-12
audio/umass_tree3_robot_trunk1_split_1_segment_4_window_14_ambient.wav,ambient,0,umass_tree3_robot_trunk1_split_1_segment_4,0,ambient,0.9999999999950027,1e-12,1e-12,2.9974848905652667e-12
audio/umass_tree3_robot_trunk1_split_1_segment_4_window_15_ambient.wav,ambient,0,umass_tree3_robot_trunk1_split_1_segment_4,0,ambient,0.9999999999950027,1e-12,1e-12,2.9974848905652667e-12
audio/umass_tree3_robot_trunk1_split_1_segment_4_window_16_ambient.wav,ambient,0,umass_tree3_robot_trunk1_split_1_segment_4,0,ambient,0.9999999999950027,1e-12,1e-12,2.9974848905652667e-12
audio/umass_tree3_robot_trunk1_split_1_segment_4_window_17_ambient.wav,ambient,0,umass_tree3_robot_trunk1_split_1_segment_4,0,ambient,0.9999999999950027,1e-12,1e-12,2.9974848905652667e-12
audio/umass_tree3_robot_trunk1_split_1_segment_4_window_18_ambient.wav,ambient,0,umass_tree3_robot_trunk1_split_1_segment_4,0,ambient,0.9999999999950027,1e-12,1e-12,2.9974848905652667e-12
audio/umass_tree3_robot_trunk1_split_1_segment_4_window_19_ambient.wav,ambient,0,umass_tree3_robot_trunk1_split_1_segment_4,0,ambient,0.9999999999950027,1e-12,1e-12,2.9974848905652667e-12
audio/umass_tree7_robot_twig1_segment_0_window_0_ambient.wav,ambient,0,umass_tree7_robot_twig1_segment_0,0,ambient,0.9999999999959328,2.067230779090698e-12,1.0000000000000002e-12,1.0000000000000002e-12
audio/umass_tree7_robot_twig1_segment_0_window_1_ambient.wav,ambient,0,umass_tree7_robot_twig1_segment_0,0,ambient,0.9999999999959328,2.067230779090698e-12,1.0000000000000002e-12,1.0000000000000002e-12
audio/umass_tree7_robot_twig1_segment_0_window_2_ambient.wav,ambient,0,umass_tree7_robot_twig1_segment_0,0,ambient,0.9999999999959328,2.067230779090698e-12,1.0000000000000002e-12,1.0000000000000002e-12
audio/umass_tree7_robot_twig1_segment_0_window_3_ambient.wav,ambient,0,umass_tree7_robot_twig1_segment_0,0,ambient,0.9999999999959328,2.067230779090698e-12,1.0000000000000002e-12,1.0000000000000002e-12
audio/umass_tree7_robot_twig1_segment_0_window_4_ambient.wav,ambient,0,umass_tree7_robot_twig1_segment_0,0,ambient,0.9999999999959328,2.067230779090698e-12,1.0000000000000002e-12,1.0000000000000002e-12
audio/umass_tree7_robot_twig1_segment_0_window_5_ambient.wav,ambient,0,umass_tree7_robot_twig1_segment_0,0,ambient,0.9999999999959328,2.067230779090698e-12,1.0000000000000002e-12,1.0000000000000002e-12
audio/umass_tree7_robot_twig1_segment_0_window_6_ambient.wav,ambient,0,umass_tree7_robot_twig1_segment_0,0,ambient,0.9999999999959328,2.067230779090698e-12,1.0000000000000002e-12,1.0000000000000002e-12
audio/umass_tree7_robot_twig1_segment_0_window_7_ambient.wav,ambient,0,umass_tree7_robot_twig1_segment_0,0,ambient,0.9999999999959328,2.067230779090698e-12,1.0000000000000002e-12,1.0000000000000002e-12
audio/umass_tree7_robot_twig1_segment_0_window_8_ambient.wav,ambient,0,umass_tree7_robot_twig1_segment_0,0,ambient,0.9999999999959328,2.067230779090698e-12,1.0000000000000002e-12,1.0000000000000002e-12
audio/umass_tree7_robot_twig1_segment_0_window_9_ambient.wav,ambient,0,umass_tree7_robot_twig1_segment_0,0,ambient,0.9999999999959328,2.067230779090698e-12,1.0000000000000002e-12,1.0000000000000002e-12
audio/umass_tree7_robot_twig1_segment_1_window_0_contact.wav,twig,3,umass_tree7_robot_twig1_segment_1,1,leaf,1e-12,0.6890769263636121,0.3107199169881237,0.00020315664726419023
audio/umass_tree7_robot_twig1_segment_1_window_1_contact.wav,twig,3,umass_tree7_robot_twig1_segment_1,1,leaf,1e-12,0.6890769263636121,0.3107199169881237,0.00020315664726419023
audio/umass_tree7_robot_twig1_segment_1_window_2_contact.wav,twig,3,umass_tree7_robot_twig1_segment_1,1,leaf,1e-12,0.6890769263636121,0.3107199169881237,0.00020315664726419023
audio/umass_tree7_robot_twig1_segment_1_window_3_contact.wav,twig,3,umass_tree7_robot_twig1_segment_1,1,leaf,1e-12,0.6890769263636121,0.3107199169881237,0.00020315664726419023
audio/umass_tree7_robot_twig1_segment_1_window_4_contact.wav,twig,3,umass_tree7_robot_twig1_segment_1,1,leaf,1e-12,0.6890769263636121,0.3107199169881237,0.00020315664726419023
audio/umass_tree7_robot_twig1_segment_1_window_5_contact.wav,twig,3,umass_tree7_robot_twig1_segment_1,1,leaf,1e-12,0.6890769263636121,0.3107199169881237,0.00020315664726419023
audio/umass_tree7_robot_twig1_segment_1_window_6_contact.wav,twig,3,umass_tree7_robot_twig1_segment_1,1,leaf,1e-12,0.6890769263636121,0.3107199169881237,0.00020315664726419023
audio/umass_tree7_robot_twig1_segment_1_window_7_contact.wav,twig,3,umass_tree7_robot_twig1_segment_1,1,leaf,1e-12,0.6890769263636121,0.3107199169881237,0.00020315664726419023
audio/umass_tree7_robot_twig1_segment_1_window_8_contact.wav,twig,3,umass_tree7_robot_twig1_segment_1,1,leaf,1e-12,0.6890769263636121,0.3107199169881237,0.00020315664726419023
audio/umass_tree7_robot_twig1_segment_1_window_9_contact.wav,twig,3,umass_tree7_robot_twig1_segment_1,1,leaf,1e-12,0.6890769263636121,0.3107199169881237,0.00020315664726419023
audio/umass_tree7_robot_twig1_segment_1_window_10_contact.wav,twig,3,umass_tree7_robot_twig1_segment_1,1,leaf,1e-12,0.6890769263636121,0.3107199169881237,0.00020315664726419023
audio/umass_tree7_robot_twig1_segment_1_window_11_contact.wav,twig,3,umass_tree7_robot_twig1_segment_1,1,leaf,1e-12,0.6890769263636121,0.3107199169881237,0.00020315664726419023
audio/umass_tree7_robot_twig1_segment_2_window_0_ambient.wav,ambient,0,umass_tree7_robot_twig1_segment_2,0,ambient,0.9999999999959328,2.067230779090698e-12,1.0000000000000002e-12,1.0000000000000002e-12
audio/umass_tree7_robot_twig1_segment_2_window_1_ambient.wav,ambient,0,umass_tree7_robot_twig1_segment_2,0,ambient,0.9999999999959328,2.067230779090698e-12,1.0000000000000002e-12,1.0000000000000002e-12
audio/umass_tree7_robot_twig1_segment_2_window_2_ambient.wav,ambient,0,umass_tree7_robot_twig1_segment_2,0,ambient,0.9999999999959328,2.067230779090698e-12,1.0000000000000002e-12,1.0000000000000002e-12
audio/umass_tree7_robot_twig1_segment_2_window_3_ambient.wav,ambient,0,umass_tree7_robot_twig1_segment_2,0,ambient,0.9999999999959328,2.067230779090698e-12,1.0000000000000002e-12,1.0000000000000002e-12
audio/umass_tree7_robot_twig1_segment_2_window_4_ambient.wav,ambient,0,umass_tree7_robot_twig1_segment_2,0,ambient,0.9999999999959328,2.067230779090698e-12,1.0000000000000002e-12,1.0000000000000002e-12
audio/umass_tree7_robot_twig1_segment_2_window_5_ambient.wav,ambient,0,umass_tree7_robot_twig1_segment_2,0,ambient,0.9999999999959328,2.067230779090698e-12,1.0000000000000002e-12,1.0000000000000002e-12
audio/umass_tree7_robot_twig1_segment_2_window_6_ambient.wav,ambient,0,umass_tree7_robot_twig1_segment_2,0,ambient,0.9999999999959328,2.067230779090698e-12,1.0000000000000002e-12,1.0000000000000002e-12
audio/umass_tree7_robot_twig1_segment_2_window_7_ambient.wav,ambient,0,umass_tree7_robot_twig1_segment_2,0,ambient,0.9999999999959328,2.067230779090698e-12,1.0000000000000002e-12,1.0000000000000002e-12
audio/umass_tree7_robot_twig1_segment_2_window_8_ambient.wav,ambient,0,umass_tree7_robot_twig1_segment_2,0,ambient,0.9999999999959328,2.067230779090698e-12,1.0000000000000002e-12,1.0000000000000002e-12
audio/umass_tree7_robot_twig1_segment_2_window_9_ambient.wav,ambient,0,umass_tree7_robot_twig1_segment_2,0,ambient,0.9999999999959328,2.067230779090698e-12,1.0000000000000002e-12,1.0000000000000002e-12
audio/umass_tree7_robot_twig1_segment_2_window_10_ambient.wav,ambient,0,umass_tree7_robot_twig1_segment_2,0,ambient,0.9999999999959328,2.067230779090698e-12,1.0000000000000002e-12,1.0000000000000002e-12
audio/umass_tree7_robot_twig1_segment_3_window_0_ambient.wav,ambient,0,umass_tree7_robot_twig1_segment_3,0,ambient,0.9999999999959328,2.067230779090698e-12,1.0000000000000002e-12,1.0000000000000002e-12
audio/umass_tree7_robot_twig1_segment_3_window_1_ambient.wav,ambient,0,umass_tree7_robot_twig1_segment_3,0,ambient,0.9999999999959328,2.067230779090698e-12,1.0000000000000002e-12,1.0000000000000002e-12
audio/umass_tree7_robot_twig1_segment_3_window_2_ambient.wav,ambient,0,umass_tree7_robot_twig1_segment_3,0,ambient,0.9999999999959328,2.067230779090698e-12,1.0000000000000002e-12,1.0000000000000002e-12
audio/umass_tree7_robot_twig1_segment_3_window_3_ambient.wav,ambient,0,umass_tree7_robot_twig1_segment_3,0,ambient,0.9999999999959328,2.067230779090698e-12,1.0000000000000002e-12,1.0000000000000002e-12
audio/umass_tree7_robot_twig1_segment_3_window_4_ambient.wav,ambient,0,umass_tree7_robot_twig1_segment_3,0,ambient,0.9999999999959328,2.067230779090698e-12,1.0000000000000002e-12,1.0000000000000002e-12
audio/umass_tree7_robot_twig1_segment_3_window_5_ambient.wav,ambient,0,umass_tree7_robot_twig1_segment_3,0,ambient,0.9999999999959328,2.067230779090698e-12,1.0000000000000002e-12,1.0000000000000002e-12
audio/umass_tree7_robot_twig1_segment_3_window_6_ambient.wav,ambient,0,umass_tree7_robot_twig1_segment_3,0,ambient,0.9999999999959328,2.067230779090698e-12,1.0000000000000002e-12,1.0000000000000002e-12
audio/umass_tree7_robot_twig1_segment_3_window_7_ambient.wav,ambient,0,umass_tree7_robot_twig1_segment_3,0,ambient,0.9999999999959328,2.067230779090698e-12,1.0000000000000002e-12,1.0000000000000002e-12
audio/umass_tree7_robot_twig1_segment_3_window_8_ambient.wav,ambient,0,umass_tree7_robot_twig1_segment_3,0,ambient,0.9999999999959328,2.067230779090698e-12,1.0000000000000002e-12,1.0000000000000002e-12
audio/umass_tree7_robot_twig1_segment_3_window_9_ambient.wav,ambient,0,umass_tree7_robot_twig1_segment_3,0,ambient,0.9999999999959328,2.067230779090698e-12,1.0000000000000002e-12,1.0000000000000002e-12
audio/umass_tree7_robot_twig1_segment_3_window_10_ambient.wav,ambient,0,umass_tree7_robot_twig1_segment_3,0,ambient,0.9999999999959328,2.067230779090698e-12,1.0000000000000002e-12,1.0000000000000002e-12
audio/umass_tree7_robot_twig1_segment_4_window_0_contact.wav,twig,3,umass_tree7_robot_twig1_segment_4,1,leaf,0.04916295225247414,0.6551998703351715,0.2954440085456393,0.0001931688667151613
audio/umass_tree7_robot_twig1_segment_4_window_1_contact.wav,twig,3,umass_tree7_robot_twig1_segment_4,1,leaf,0.04916295225247414,0.6551998703351715,0.2954440085456393,0.0001931688667151613
audio/umass_tree3_robot_trunk2_segment_0_window_0_ambient.wav,ambient,0,umass_tree3_robot_trunk2_segment_0,0,ambient,0.9999999999957155,1.0000000000000002e-12,1.0000000000000002e-12,2.2845459795409454e-12
audio/umass_tree3_robot_trunk2_segment_0_window_1_ambient.wav,ambient,0,umass_tree3_robot_trunk2_segment_0,0,ambient,0.9999999999957155,1.0000000000000002e-12,1.0000000000000002e-12,2.2845459795409454e-12
audio/umass_tree3_robot_trunk2_segment_0_window_2_ambient.wav,ambient,0,umass_tree3_robot_trunk2_segment_0,0,ambient,0.9999999999957155,1.0000000000000002e-12,1.0000000000000002e-12,2.2845459795409454e-12
audio/umass_tree3_robot_trunk2_segment_0_window_3_ambient.wav,ambient,0,umass_tree3_robot_trunk2_segment_0,0,ambient,0.9999999999957155,1.0000000000000002e-12,1.0000000000000002e-12,2.2845459795409454e-12
audio/umass_tree3_robot_trunk2_segment_0_window_4_ambient.wav,ambient,0,umass_tree3_robot_trunk2_segment_0,0,ambient,0.9999999999957155,1.0000000000000002e-12,1.0000000000000002e-12,2.2845459795409454e-12
audio/umass_tree3_robot_trunk2_segment_0_window_5_ambient.wav,ambient,0,umass_tree3_robot_trunk2_segment_0,0,ambient,0.9999999999957155,1.0000000000000002e-12,1.0000000000000002e-12,2.2845459795409454e-12
audio/umass_tree3_robot_trunk2_segment_0_window_6_ambient.wav,ambient,0,umass_tree3_robot_trunk2_segment_0,0,ambient,0.9999999999957155,1.0000000000000002e-12,1.0000000000000002e-12,2.2845459795409454e-12
audio/umass_tree3_robot_trunk2_segment_0_window_7_ambient.wav,ambient,0,umass_tree3_robot_trunk2_segment_0,0,ambient,0.9999999999957155,1.0000000000000002e-12,1.0000000000000002e-12,2.2845459795409454e-12
audio/umass_tree3_robot_trunk2_segment_1_window_0_ambient.wav,ambient,0,umass_tree3_robot_trunk2_segment_1,0,ambient,0.9999999999957155,1.0000000000000002e-12,1.0000000000000002e-12,2.2845459795409454e-12
audio/umass_tree3_robot_trunk2_segment_1_window_1_ambient.wav,ambient,0,umass_tree3_robot_trunk2_segment_1,0,ambient,0.9999999999957155,1.0000000000000002e-12,1.0000000000000002e-12,2.2845459795409454e-12
audio/umass_tree3_robot_trunk2_segment_1_window_2_ambient.wav,ambient,0,umass_tree3_robot_trunk2_segment_1,0,ambient,0.9999999999957155,1.0000000000000002e-12,1.0000000000000002e-12,2.2845459795409454e-12
audio/umass_tree3_robot_trunk2_segment_2_window_0_ambient.wav,ambient,0,umass_tree3_robot_trunk2_segment_2,0,ambient,0.9999999999957155,1.0000000000000002e-12,1.0000000000000002e-12,2.2845459795409454e-12
audio/umass_tree3_robot_trunk2_segment_2_window_1_ambient.wav,ambient,0,umass_tree3_robot_trunk2_segment_2,0,ambient,0.9999999999957155,1.0000000000000002e-12,1.0000000000000002e-12,2.2845459795409454e-12
audio/umass_tree3_robot_trunk2_segment_2_window_2_ambient.wav,ambient,0,umass_tree3_robot_trunk2_segment_2,0,ambient,0.9999999999957155,1.0000000000000002e-12,1.0000000000000002e-12,2.2845459795409454e-12
audio/umass_tree3_robot_trunk2_segment_2_window_3_ambient.wav,ambient,0,umass_tree3_robot_trunk2_segment_2,0,ambient,0.9999999999957155,1.0000000000000002e-12,1.0000000000000002e-12,2.2845459795409454e-12
audio/umass_tree3_robot_trunk2_segment_2_window_4_ambient.wav,ambient,0,umass_tree3_robot_trunk2_segment_2,0,ambient,0.9999999999957155,1.0000000000000002e-12,1.0000000000000002e-12,2.2845459795409454e-12
audio/umass_tree3_robot_trunk2_segment_2_window_5_ambient.wav,ambient,0,umass_tree3_robot_trunk2_segment_2,0,ambient,0.9999999999957155,1.0000000000000002e-12,1.0000000000000002e-12,2.2845459795409454e-12
audio/umass_tree3_robot_trunk2_segment_2_window_6_ambient.wav,ambient,0,umass_tree3_robot_trunk2_segment_2,0,ambient,0.9999999999957155,1.0000000000000002e-12,1.0000000000000002e-12,2.2845459795409454e-12
audio/umass_tree3_robot_trunk2_segment_2_window_7_ambient.wav,ambient,0,umass_tree3_robot_trunk2_segment_2,0,ambient,0.9999999999957155,1.0000000000000002e-12,1.0000000000000002e-12,2.2845459795409454e-12
audio/umass_tree3_robot_trunk2_segment_3_window_0_contact.wav,trunk,2,umass_tree3_robot_trunk2_segment_3,3,twig,1e-12,0.11416618187575409,0.12431849160938102,0.7615153265138649
audio/umass_tree3_robot_trunk2_segment_3_window_1_contact.wav,trunk,2,umass_tree3_robot_trunk2_segment_3,3,twig,1e-12,0.11416618187575409,0.12431849160938102,0.7615153265138649
audio/umass_tree3_robot_trunk2_segment_3_window_2_contact.wav,trunk,2,umass_tree3_robot_trunk2_segment_3,3,twig,1e-12,0.11416618187575409,0.12431849160938102,0.7615153265138649
audio/umass_tree3_robot_trunk2_segment_3_window_3_contact.wav,trunk,2,umass_tree3_robot_trunk2_segment_3,3,twig,1e-12,0.11416618187575409,0.12431849160938102,0.7615153265138649
audio/umass_tree3_robot_trunk2_segment_3_window_4_contact.wav,trunk,2,umass_tree3_robot_trunk2_segment_3,3,twig,1e-12,0.11416618187575409,0.12431849160938102,0.7615153265138649
audio/umass_tree3_robot_trunk2_segment_3_window_5_contact.wav,trunk,2,umass_tree3_robot_trunk2_segment_3,3,twig,1e-12,0.11416618187575409,0.12431849160938102,0.7615153265138649
audio/umass_tree3_robot_trunk2_segment_3_window_6_contact.wav,trunk,2,umass_tree3_robot_trunk2_segment_3,3,twig,1e-12,0.11416618187575409,0.12431849160938102,0.7615153265138649
audio/umass_tree3_robot_trunk2_segment_3_window_7_contact.wav,trunk,2,umass_tree3_robot_trunk2_segment_3,3,twig,1e-12,0.11416618187575409,0.12431849160938102,0.7615153265138649
audio/umass_tree3_robot_trunk2_segment_3_window_8_contact.wav,trunk,2,umass_tree3_robot_trunk2_segment_3,3,twig,1e-12,0.11416618187575409,0.12431849160938102,0.7615153265138649
audio/umass_tree3_robot_trunk2_segment_3_window_9_contact.wav,trunk,2,umass_tree3_robot_trunk2_segment_3,3,twig,1e-12,0.11416618187575409,0.12431849160938102,0.7615153265138649
audio/umass_tree3_robot_trunk2_segment_3_window_10_contact.wav,trunk,2,umass_tree3_robot_trunk2_segment_3,3,twig,1e-12,0.11416618187575409,0.12431849160938102,0.7615153265138649
audio/umass_tree3_robot_trunk2_segment_3_window_11_contact.wav,trunk,2,umass_tree3_robot_trunk2_segment_3,3,twig,1e-12,0.11416618187575409,0.12431849160938102,0.7615153265138649
audio/umass_tree3_robot_trunk2_segment_3_window_12_contact.wav,trunk,2,umass_tree3_robot_trunk2_segment_3,3,twig,1e-12,0.11416618187575409,0.12431849160938102,0.7615153265138649
audio/umass_tree3_robot_trunk2_segment_3_window_13_contact.wav,trunk,2,umass_tree3_robot_trunk2_segment_3,3,twig,1e-12,0.11416618187575409,0.12431849160938102,0.7615153265138649
audio/umass_tree3_robot_trunk2_segment_3_window_14_contact.wav,trunk,2,umass_tree3_robot_trunk2_segment_3,3,twig,1e-12,0.11416618187575409,0.12431849160938102,0.7615153265138649
audio/umass_tree3_robot_trunk2_segment_3_window_15_contact.wav,trunk,2,umass_tree3_robot_trunk2_segment_3,3,twig,1e-12,0.11416618187575409,0.12431849160938102,0.7615153265138649
audio/umass_tree3_robot_trunk2_segment_3_window_16_contact.wav,trunk,2,umass_tree3_robot_trunk2_segment_3,3,twig,1e-12,0.11416618187575409,0.12431849160938102,0.7615153265138649
audio/umass_tree3_robot_trunk2_segment_3_window_17_contact.wav,trunk,2,umass_tree3_robot_trunk2_segment_3,3,twig,1e-12,0.11416618187575409,0.12431849160938102,0.7615153265138649
audio/umass_tree3_robot_trunk2_segment_3_window_18_contact.wav,trunk,2,umass_tree3_robot_trunk2_segment_3,3,twig,1e-12,0.11416618187575409,0.12431849160938102,0.7615153265138649
audio/umass_tree3_robot_trunk2_segment_4_window_0_ambient.wav,ambient,0,umass_tree3_robot_trunk2_segment_4,0,ambient,0.9999999999957155,1.0000000000000002e-12,1.0000000000000002e-12,2.2845459795409454e-12
audio/umass_tree3_robot_trunk2_segment_4_window_1_ambient.wav,ambient,0,umass_tree3_robot_trunk2_segment_4,0,ambient,0.9999999999957155,1.0000000000000002e-12,1.0000000000000002e-12,2.2845459795409454e-12
audio/umass_tree3_robot_trunk2_segment_4_window_2_ambient.wav,ambient,0,umass_tree3_robot_trunk2_segment_4,0,ambient,0.9999999999957155,1.0000000000000002e-12,1.0000000000000002e-12,2.2845459795409454e-12
audio/umass_tree3_robot_trunk2_segment_4_window_3_ambient.wav,ambient,0,umass_tree3_robot_trunk2_segment_4,0,ambient,0.9999999999957155,1.0000000000000002e-12,1.0000000000000002e-12,2.2845459795409454e-12
audio/umass_tree3_robot_trunk2_segment_4_window_4_ambient.wav,ambient,0,umass_tree3_robot_trunk2_segment_4,0,ambient,0.9999999999957155,1.0000000000000002e-12,1.0000000000000002e-12,2.2845459795409454e-12
audio/umass_tree3_robot_trunk2_segment_4_window_5_ambient.wav,ambient,0,umass_tree3_robot_trunk2_segment_4,0,ambient,0.9999999999957155,1.0000000000000002e-12,1.0000000000000002e-12,2.2845459795409454e-12
audio/umass_tree3_robot_trunk2_segment_4_window_6_ambient.wav,ambient,0,umass_tree3_robot_trunk2_segment_4,0,ambient,0.9999999999957155,1.0000000000000002e-12,1.0000000000000002e-12,2.2845459795409454e-12
audio/umass_tree3_robot_trunk2_segment_4_window_7_ambient.wav,ambient,0,umass_tree3_robot_trunk2_segment_4,0,ambient,0.9999999999957155,1.0000000000000002e-12,1.0000000000000002e-12,2.2845459795409454e-12
audio/umass_tree3_robot_trunk2_segment_5_window_0_contact.wav,trunk,2,umass_tree3_robot_trunk2_segment_5,3,twig,0.008845025958905905,0.11315637903354701,0.12321889132404724,0.7547797036834998
audio/umass_tree8_robot_trunk1_segment_0_window_0_contact.wav,trunk,2,umass_tree8_robot_trunk1_segment_0,2,trunk,1.5610845949254328e-12,5.0551519084118905e-11,0.999999999799456,1.4843138709034224e-10
audio/umass_tree8_robot_trunk1_segment_0_window_1_contact.wav,trunk,2,umass_tree8_robot_trunk1_segment_0,2,trunk,1.5610845949254328e-12,5.0551519084118905e-11,0.999999999799456,1.4843138709034224e-10
audio/umass_tree8_robot_trunk1_segment_0_window_2_contact.wav,trunk,2,umass_tree8_robot_trunk1_segment_0,2,trunk,1.5610845949254328e-12,5.0551519084118905e-11,0.999999999799456,1.4843138709034224e-10
audio/umass_tree8_robot_trunk1_segment_0_window_3_contact.wav,trunk,2,umass_tree8_robot_trunk1_segment_0,2,trunk,1.5610845949254328e-12,5.0551519084118905e-11,0.999999999799456,1.4843138709034224e-10
audio/umass_tree8_robot_trunk1_segment_0_window_4_contact.wav,trunk,2,umass_tree8_robot_trunk1_segment_0,2,trunk,1.5610845949254328e-12,5.0551519084118905e-11,0.999999999799456,1.4843138709034224e-10
audio/umass_tree8_robot_trunk1_segment_0_window_5_contact.wav,trunk,2,umass_tree8_robot_trunk1_segment_0,2,trunk,1.5610845949254328e-12,5.0551519084118905e-11,0.999999999799456,1.4843138709034224e-10
audio/umass_tree8_robot_trunk1_segment_1_window_0_ambient.wav,ambient,0,umass_tree8_robot_trunk1_segment_1,0,ambient,0.999999999995,1e-12,2.9999999993970517e-12,1e-12
audio/umass_tree8_robot_trunk1_segment_1_window_1_ambient.wav,ambient,0,umass_tree8_robot_trunk1_segment_1,0,ambient,0.999999999995,1e-12,2.9999999993970517e-12,1e-12
audio/umass_tree8_robot_trunk1_segment_1_window_2_ambient.wav,ambient,0,umass_tree8_robot_trunk1_segment_1,0,ambient,0.999999999995,1e-12,2.9999999993970517e-12,1e-12
audio/umass_tree8_robot_trunk1_segment_1_window_3_ambient.wav,ambient,0,umass_tree8_robot_trunk1_segment_1,0,ambient,0.999999999995,1e-12,2.9999999993970517e-12,1e-12
audio/umass_tree8_robot_trunk1_segment_1_window_4_ambient.wav,ambient,0,umass_tree8_robot_trunk1_segment_1,0,ambient,0.999999999995,1e-12,2.9999999993970517e-12,1e-12
audio/umass_tree8_robot_trunk1_segment_1_window_5_ambient.wav,ambient,0,umass_tree8_robot_trunk1_segment_1,0,ambient,0.999999999995,1e-12,2.9999999993970517e-12,1e-12
audio/umass_tree8_robot_trunk1_segment_1_window_6_ambient.wav,ambient,0,umass_tree8_robot_trunk1_segment_1,0,ambient,0.999999999995,1e-12,2.9999999993970517e-12,1e-12
audio/umass_tree8_robot_trunk1_segment_2_window_0_contact.wav,trunk,2,umass_tree8_robot_trunk1_segment_2,2,trunk,1.0000000000000002e-12,5.0551519084147275e-11,0.9999999998000171,1.4843138709042553e-10
audio/umass_tree8_robot_trunk1_segment_2_window_1_contact.wav,trunk,2,umass_tree8_robot_trunk1_segment_2,2,trunk,1.0000000000000002e-12,5.0551519084147275e-11,0.9999999998000171,1.4843138709042553e-10
audio/umass_tree8_robot_trunk1_segment_2_window_2_contact.wav,trunk,2,umass_tree8_robot_trunk1_segment_2,2,trunk,1.0000000000000002e-12,5.0551519084147275e-11,0.9999999998000171,1.4843138709042553e-10
audio/umass_tree8_robot_trunk1_segment_2_window_3_contact.wav,trunk,2,umass_tree8_robot_trunk1_segment_2,2,trunk,1.0000000000000002e-12,5.0551519084147275e-11,0.9999999998000171,1.4843138709042553e-10
audio/umass_tree8_robot_trunk1_segment_2_window_4_contact.wav,trunk,2,umass_tree8_robot_trunk1_segment_2,2,trunk,1.0000000000000002e-12,5.0551519084147275e-11,0.9999999998000171,1.4843138709042553e-10
audio/umass_tree8_robot_trunk1_segment_2_window_5_contact.wav,trunk,2,umass_tree8_robot_trunk1_segment_2,2,trunk,1.0000000000000002e-12,5.0551519084147275e-11,0.9999999998000171,1.4843138709042553e-10
audio/umass_tree8_robot_trunk1_segment_2_window_6_contact.wav,trunk,2,umass_tree8_robot_trunk1_segment_2,2,trunk,1.0000000000000002e-12,5.0551519084147275e-11,0.9999999998000171,1.4843138709042553e-10
audio/umass_tree8_robot_trunk1_segment_2_window_7_contact.wav,trunk,2,umass_tree8_robot_trunk1_segment_2,2,trunk,1.0000000000000002e-12,5.0551519084147275e-11,0.9999999998000171,1.4843138709042553e-10
audio/umass_tree8_robot_trunk1_segment_2_window_8_contact.wav,trunk,2,umass_tree8_robot_trunk1_segment_2,2,trunk,1.0000000000000002e-12,5.0551519084147275e-11,0.9999999998000171,1.4843138709042553e-10
audio/umass_tree8_robot_trunk1_segment_2_window_9_contact.wav,trunk,2,umass_tree8_robot_trunk1_segment_2,2,trunk,1.0000000000000002e-12,5.0551519084147275e-11,0.9999999998000171,1.4843138709042553e-10
audio/umass_tree8_robot_trunk1_segment_2_window_10_contact.wav,trunk,2,umass_tree8_robot_trunk1_segment_2,2,trunk,1.0000000000000002e-12,5.0551519084147275e-11,0.9999999998000171,1.4843138709042553e-10
audio/umass_tree8_robot_trunk1_segment_2_window_11_contact.wav,trunk,2,umass_tree8_robot_trunk1_segment_2,2,trunk,1.0000000000000002e-12,5.0551519084147275e-11,0.9999999998000171,1.4843138709042553e-10
audio/umass_tree8_robot_trunk1_segment_2_window_12_contact.wav,trunk,2,umass_tree8_robot_trunk1_segment_2,2,trunk,1.0000000000000002e-12,5.0551519084147275e-11,0.9999999998000171,1.4843138709042553e-10
audio/umass_tree8_robot_trunk1_segment_2_window_13_contact.wav,trunk,2,umass_tree8_robot_trunk1_segment_2,2,trunk,1.0000000000000002e-12,5.0551519084147275e-11,0.9999999998000171,1.4843138709042553e-10
audio/umass_tree8_robot_trunk1_segment_2_window_14_contact.wav,trunk,2,umass_tree8_robot_trunk1_segment_2,2,trunk,1.0000000000000002e-12,5.0551519084147275e-11,0.9999999998000171,1.4843138709042553e-10
audio/umass_tree8_robot_trunk1_segment_2_window_15_contact.wav,trunk,2,umass_tree8_robot_trunk1_segment_2,2,trunk,1.0000000000000002e-12,5.0551519084147275e-11,0.9999999998000171,1.4843138709042553e-10
audio/umass_tree8_robot_trunk1_segment_2_window_16_contact.wav,trunk,2,umass_tree8_robot_trunk1_segment_2,2,trunk,1.0000000000000002e-12,5.0551519084147275e-11,0.9999999998000171,1.4843138709042553e-10
audio/umass_tree8_robot_trunk1_segment_2_window_17_contact.wav,trunk,2,umass_tree8_robot_trunk1_segment_2,2,trunk,1.0000000000000002e-12,5.0551519084147275e-11,0.9999999998000171,1.4843138709042553e-10
audio/umass_tree8_robot_trunk1_segment_3_window_0_ambient.wav,ambient,0,umass_tree8_robot_trunk1_segment_3,0,ambient,0.999999999995,1e-12,2.9999999993970517e-12,1e-12
audio/umass_tree8_robot_trunk1_segment_3_window_1_ambient.wav,ambient,0,umass_tree8_robot_trunk1_segment_3,0,ambient,0.999999999995,1e-12,2.9999999993970517e-12,1e-12
audio/umass_tree8_robot_trunk1_segment_3_window_2_ambient.wav,ambient,0,umass_tree8_robot_trunk1_segment_3,0,ambient,0.999999999995,1e-12,2.9999999993970517e-12,1e-12
audio/umass_tree8_robot_trunk1_segment_3_window_3_ambient.wav,ambient,0,umass_tree8_robot_trunk1_segment_3,0,ambient,0.999999999995,1e-12,2.9999999993970517e-12,1e-12
audio/umass_tree8_robot_trunk1_segment_3_window_4_ambient.wav,ambient,0,umass_tree8_robot_trunk1_segment_3,0,ambient,0.999999999995,1e-12,2.9999999993970517e-12,1e-12
audio/umass_tree8_robot_trunk1_segment_3_window_5_ambient.wav,ambient,0,umass_tree8_robot_trunk1_segment_3,0,ambient,0.999999999995,1e-12,2.9999999993970517e-12,1e-12
audio/umass_tree5_robot_twig2_segment_0_window_0_ambient.wav,ambient,0,umass_tree5_robot_twig2_segment_0,0,ambient,0.9999999999950034,2.9966132141820043e-12,1.0000000000000002e-12,1.0000000000000002e-12
audio/umass_tree5_robot_twig2_segment_0_window_1_ambient.wav,ambient,0,umass_tree5_robot_twig2_segment_0,0,ambient,0.9999999999950034,2.9966132141820043e-12,1.0000000000000002e-12,1.0000000000000002e-12
audio/umass_tree5_robot_twig2_segment_0_window_2_ambient.wav,ambient,0,umass_tree5_robot_twig2_segment_0,0,ambient,0.9999999999950034,2.9966132141820043e-12,1.0000000000000002e-12,1.0000000000000002e-12
audio/umass_tree5_robot_twig2_segment_0_window_3_ambient.wav,ambient,0,umass_tree5_robot_twig2_segment_0,0,ambient,0.9999999999950034,2.9966132141820043e-12,1.0000000000000002e-12,1.0000000000000002e-12
audio/umass_tree5_robot_twig2_segment_0_window_4_ambient.wav,ambient,0,umass_tree5_robot_twig2_segment_0,0,ambient,0.9999999999950034,2.9966132141820043e-12,1.0000000000000002e-12,1.0000000000000002e-12
audio/umass_tree5_robot_twig2_segment_1_window_0_contact.wav,twig,3,umass_tree5_robot_twig2_segment_1,1,leaf,1e-12,0.9988710713949964,1.0000000000000002e-12,0.00112892860300363
audio/umass_tree5_robot_twig2_segment_1_window_1_contact.wav,twig,3,umass_tree5_robot_twig2_segment_1,1,leaf,1e-12,0.9988710713949964,1.0000000000000002e-12,0.00112892860300363
audio/umass_tree5_robot_twig2_segment_1_window_2_contact.wav,twig,3,umass_tree5_robot_twig2_segment_1,1,leaf,1e-12,0.9988710713949964,1.0000000000000002e-12,0.00112892860300363
audio/umass_tree5_robot_twig2_segment_1_window_3_contact.wav,twig,3,umass_tree5_robot_twig2_segment_1,1,leaf,1e-12,0.9988710713949964,1.0000000000000002e-12,0.00112892860300363
audio/umass_tree5_robot_twig2_segment_1_window_4_contact.wav,twig,3,umass_tree5_robot_twig2_segment_1,1,leaf,1e-12,0.9988710713949964,1.0000000000000002e-12,0.00112892860300363
audio/umass_tree5_robot_twig2_segment_1_window_5_contact.wav,twig,3,umass_tree5_robot_twig2_segment_1,1,leaf,1e-12,0.9988710713949964,1.0000000000000002e-12,0.00112892860300363
audio/umass_tree5_robot_twig2_segment_1_window_6_contact.wav,twig,3,umass_tree5_robot_twig2_segment_1,1,leaf,1e-12,0.9988710713949964,1.0000000000000002e-12,0.00112892860300363
audio/umass_tree5_robot_twig2_segment_1_window_7_contact.wav,twig,3,umass_tree5_robot_twig2_segment_1,1,leaf,1e-12,0.9988710713949964,1.0000000000000002e-12,0.00112892860300363
audio/umass_tree5_robot_twig2_segment_1_window_8_contact.wav,twig,3,umass_tree5_robot_twig2_segment_1,1,leaf,1e-12,0.9988710713949964,1.0000000000000002e-12,0.00112892860300363
audio/umass_tree5_robot_twig2_segment_1_window_9_contact.wav,twig,3,umass_tree5_robot_twig2_segment_1,1,leaf,1e-12,0.9988710713949964,1.0000000000000002e-12,0.00112892860300363
audio/umass_tree5_robot_twig2_segment_1_window_10_contact.wav,twig,3,umass_tree5_robot_twig2_segment_1,1,leaf,1e-12,0.9988710713949964,1.0000000000000002e-12,0.00112892860300363
audio/umass_tree5_robot_twig2_segment_1_window_11_contact.wav,twig,3,umass_tree5_robot_twig2_segment_1,1,leaf,1e-12,0.9988710713949964,1.0000000000000002e-12,0.00112892860300363
audio/umass_tree5_robot_twig2_segment_1_window_12_contact.wav,twig,3,umass_tree5_robot_twig2_segment_1,1,leaf,1e-12,0.9988710713949964,1.0000000000000002e-12,0.00112892860300363
audio/umass_tree5_robot_twig2_segment_1_window_13_contact.wav,twig,3,umass_tree5_robot_twig2_segment_1,1,leaf,1e-12,0.9988710713949964,1.0000000000000002e-12,0.00112892860300363
audio/umass_tree5_robot_twig2_segment_1_window_14_contact.wav,twig,3,umass_tree5_robot_twig2_segment_1,1,leaf,1e-12,0.9988710713949964,1.0000000000000002e-12,0.00112892860300363
audio/umass_tree5_robot_twig2_segment_1_window_15_contact.wav,twig,3,umass_tree5_robot_twig2_segment_1,1,leaf,1e-12,0.9988710713949964,1.0000000000000002e-12,0.00112892860300363
audio/umass_tree5_robot_twig2_segment_1_window_16_contact.wav,twig,3,umass_tree5_robot_twig2_segment_1,1,leaf,1e-12,0.9988710713949964,1.0000000000000002e-12,0.00112892860300363
audio/umass_tree5_robot_twig2_segment_1_window_17_contact.wav,twig,3,umass_tree5_robot_twig2_segment_1,1,leaf,1e-12,0.9988710713949964,1.0000000000000002e-12,0.00112892860300363
audio/umass_tree5_robot_twig2_segment_1_window_18_contact.wav,twig,3,umass_tree5_robot_twig2_segment_1,1,leaf,1e-12,0.9988710713949964,1.0000000000000002e-12,0.00112892860300363
audio/umass_tree5_robot_twig2_segment_1_window_19_contact.wav,twig,3,umass_tree5_robot_twig2_segment_1,1,leaf,1e-12,0.9988710713949964,1.0000000000000002e-12,0.00112892860300363
audio/umass_tree5_robot_twig2_segment_1_window_20_contact.wav,twig,3,umass_tree5_robot_twig2_segment_1,1,leaf,1e-12,0.9988710713949964,1.0000000000000002e-12,0.00112892860300363
audio/umass_tree5_robot_twig2_segment_1_window_21_contact.wav,twig,3,umass_tree5_robot_twig2_segment_1,1,leaf,1e-12,0.9988710713949964,1.0000000000000002e-12,0.00112892860300363
audio/umass_tree5_robot_twig2_segment_1_window_22_contact.wav,twig,3,umass_tree5_robot_twig2_segment_1,1,leaf,1e-12,0.9988710713949964,1.0000000000000002e-12,0.00112892860300363
audio/umass_tree5_robot_twig2_segment_1_window_23_contact.wav,twig,3,umass_tree5_robot_twig2_segment_1,1,leaf,1e-12,0.9988710713949964,1.0000000000000002e-12,0.00112892860300363
audio/umass_tree5_robot_twig2_segment_1_window_24_contact.wav,twig,3,umass_tree5_robot_twig2_segment_1,1,leaf,1e-12,0.9988710713949964,1.0000000000000002e-12,0.00112892860300363
audio/umass_tree5_robot_twig2_segment_1_window_25_contact.wav,twig,3,umass_tree5_robot_twig2_segment_1,1,leaf,1e-12,0.9988710713949964,1.0000000000000002e-12,0.00112892860300363
audio/umass_tree5_robot_twig2_segment_1_window_26_contact.wav,twig,3,umass_tree5_robot_twig2_segment_1,1,leaf,1e-12,0.9988710713949964,1.0000000000000002e-12,0.00112892860300363
audio/umass_tree5_robot_twig2_segment_1_window_27_contact.wav,twig,3,umass_tree5_robot_twig2_segment_1,1,leaf,1e-12,0.9988710713949964,1.0000000000000002e-12,0.00112892860300363
audio/umass_tree5_robot_twig2_segment_2_window_0_ambient.wav,ambient,0,umass_tree5_robot_twig2_segment_2,0,ambient,0.9999999999950034,2.9966132141820043e-12,1.0000000000000002e-12,1.0000000000000002e-12
audio/umass_tree5_robot_twig2_segment_2_window_1_ambient.wav,ambient,0,umass_tree5_robot_twig2_segment_2,0,ambient,0.9999999999950034,2.9966132141820043e-12,1.0000000000000002e-12,1.0000000000000002e-12
audio/umass_tree5_robot_twig2_segment_2_window_2_ambient.wav,ambient,0,umass_tree5_robot_twig2_segment_2,0,ambient,0.9999999999950034,2.9966132141820043e-12,1.0000000000000002e-12,1.0000000000000002e-12
audio/umass_tree5_robot_twig2_segment_2_window_3_ambient.wav,ambient,0,umass_tree5_robot_twig2_segment_2,0,ambient,0.9999999999950034,2.9966132141820043e-12,1.0000000000000002e-12,1.0000000000000002e-12
audio/umass_tree5_robot_twig2_segment_2_window_4_ambient.wav,ambient,0,umass_tree5_robot_twig2_segment_2,0,ambient,0.9999999999950034,2.9966132141820043e-12,1.0000000000000002e-12,1.0000000000000002e-12
audio/umass_tree5_robot_twig2_segment_2_window_5_ambient.wav,ambient,0,umass_tree5_robot_twig2_segment_2,0,ambient,0.9999999999950034,2.9966132141820043e-12,1.0000000000000002e-12,1.0000000000000002e-12
audio/umass_tree5_robot_twig2_segment_2_window_6_ambient.wav,ambient,0,umass_tree5_robot_twig2_segment_2,0,ambient,0.9999999999950034,2.9966132141820043e-12,1.0000000000000002e-12,1.0000000000000002e-12
audio/umass_tree5_robot_twig2_segment_2_window_7_ambient.wav,ambient,0,umass_tree5_robot_twig2_segment_2,0,ambient,0.9999999999950034,2.9966132141820043e-12,1.0000000000000002e-12,1.0000000000000002e-12
audio/umass_tree5_robot_twig2_segment_2_window_8_ambient.wav,ambient,0,umass_tree5_robot_twig2_segment_2,0,ambient,0.9999999999950034,2.9966132141820043e-12,1.0000000000000002e-12,1.0000000000000002e-12
audio/umass_tree5_robot_twig2_segment_2_window_9_ambient.wav,ambient,0,umass_tree5_robot_twig2_segment_2,0,ambient,0.9999999999950034,2.9966132141820043e-12,1.0000000000000002e-12,1.0000000000000002e-12
audio/umass_tree5_robot_twig2_segment_3_window_0_contact.wav,twig,3,umass_tree5_robot_twig2_segment_3,1,leaf,1e-12,0.9988710713949964,1.0000000000000002e-12,0.00112892860300363
audio/umass_tree5_robot_twig2_segment_3_window_1_contact.wav,twig,3,umass_tree5_robot_twig2_segment_3,1,leaf,1e-12,0.9988710713949964,1.0000000000000002e-12,0.00112892860300363
audio/umass_tree5_robot_twig2_segment_3_window_2_contact.wav,twig,3,umass_tree5_robot_twig2_segment_3,1,leaf,1e-12,0.9988710713949964,1.0000000000000002e-12,0.00112892860300363
audio/umass_tree5_robot_twig2_segment_3_window_3_contact.wav,twig,3,umass_tree5_robot_twig2_segment_3,1,leaf,1e-12,0.9988710713949964,1.0000000000000002e-12,0.00112892860300363
audio/umass_tree5_robot_twig2_segment_3_window_4_contact.wav,twig,3,umass_tree5_robot_twig2_segment_3,1,leaf,1e-12,0.9988710713949964,1.0000000000000002e-12,0.00112892860300363
audio/umass_tree5_robot_twig2_segment_3_window_5_contact.wav,twig,3,umass_tree5_robot_twig2_segment_3,1,leaf,1e-12,0.9988710713949964,1.0000000000000002e-12,0.00112892860300363
audio/umass_tree5_robot_twig2_segment_3_window_6_contact.wav,twig,3,umass_tree5_robot_twig2_segment_3,1,leaf,1e-12,0.9988710713949964,1.0000000000000002e-12,0.00112892860300363
audio/umass_tree5_robot_twig2_segment_3_window_7_contact.wav,twig,3,umass_tree5_robot_twig2_segment_3,1,leaf,1e-12,0.9988710713949964,1.0000000000000002e-12,0.00112892860300363
audio/umass_tree5_robot_twig2_segment_3_window_8_contact.wav,twig,3,umass_tree5_robot_twig2_segment_3,1,leaf,1e-12,0.9988710713949964,1.0000000000000002e-12,0.00112892860300363
audio/umass_tree5_robot_twig2_segment_3_window_9_contact.wav,twig,3,umass_tree5_robot_twig2_segment_3,1,leaf,1e-12,0.9988710713949964,1.0000000000000002e-12,0.00112892860300363
audio/umass_tree5_robot_twig2_segment_4_window_0_ambient.wav,ambient,0,umass_tree5_robot_twig2_segment_4,0,ambient,0.9999999999950034,2.9966132141820043e-12,1.0000000000000002e-12,1.0000000000000002e-12
audio/umass_tree5_robot_twig2_segment_4_window_1_ambient.wav,ambient,0,umass_tree5_robot_twig2_segment_4,0,ambient,0.9999999999950034,2.9966132141820043e-12,1.0000000000000002e-12,1.0000000000000002e-12
audio/umass_tree5_robot_twig2_segment_4_window_2_ambient.wav,ambient,0,umass_tree5_robot_twig2_segment_4,0,ambient,0.9999999999950034,2.9966132141820043e-12,1.0000000000000002e-12,1.0000000000000002e-12
audio/umass_tree5_robot_twig2_segment_4_window_3_ambient.wav,ambient,0,umass_tree5_robot_twig2_segment_4,0,ambient,0.9999999999950034,2.9966132141820043e-12,1.0000000000000002e-12,1.0000000000000002e-12
audio/umass_tree5_robot_twig2_segment_4_window_4_ambient.wav,ambient,0,umass_tree5_robot_twig2_segment_4,0,ambient,0.9999999999950034,2.9966132141820043e-12,1.0000000000000002e-12,1.0000000000000002e-12
audio/umass_tree5_robot_twig2_segment_4_window_5_ambient.wav,ambient,0,umass_tree5_robot_twig2_segment_4,0,ambient,0.9999999999950034,2.9966132141820043e-12,1.0000000000000002e-12,1.0000000000000002e-12
audio/umass_tree5_robot_twig2_segment_4_window_6_ambient.wav,ambient,0,umass_tree5_robot_twig2_segment_4,0,ambient,0.9999999999950034,2.9966132141820043e-12,1.0000000000000002e-12,1.0000000000000002e-12
audio/umass_tree5_robot_twig2_segment_4_window_7_ambient.wav,ambient,0,umass_tree5_robot_twig2_segment_4,0,ambient,0.9999999999950034,2.9966132141820043e-12,1.0000000000000002e-12,1.0000000000000002e-12
audio/umass_tree5_robot_twig2_segment_4_window_8_ambient.wav,ambient,0,umass_tree5_robot_twig2_segment_4,0,ambient,0.9999999999950034,2.9966132141820043e-12,1.0000000000000002e-12,1.0000000000000002e-12
audio/umass_tree5_robot_twig2_segment_4_window_9_ambient.wav,ambient,0,umass_tree5_robot_twig2_segment_4,0,ambient,0.9999999999950034,2.9966132141820043e-12,1.0000000000000002e-12,1.0000000000000002e-12
audio/umass_tree5_robot_twig2_segment_5_window_0_contact.wav,twig,3,umass_tree5_robot_twig2_segment_5,1,leaf,1e-12,0.9988710713949964,1.0000000000000002e-12,0.00112892860300363
audio/umass_tree5_robot_twig2_segment_5_window_1_contact.wav,twig,3,umass_tree5_robot_twig2_segment_5,1,leaf,1e-12,0.9988710713949964,1.0000000000000002e-12,0.00112892860300363
audio/umass_tree5_robot_twig2_segment_5_window_2_contact.wav,twig,3,umass_tree5_robot_twig2_segment_5,1,leaf,1e-12,0.9988710713949964,1.0000000000000002e-12,0.00112892860300363
audio/umass_tree5_robot_twig2_segment_5_window_3_contact.wav,twig,3,umass_tree5_robot_twig2_segment_5,1,leaf,1e-12,0.9988710713949964,1.0000000000000002e-12,0.00112892860300363
audio/umass_tree5_robot_twig2_segment_5_window_4_contact.wav,twig,3,umass_tree5_robot_twig2_segment_5,1,leaf,1e-12,0.9988710713949964,1.0000000000000002e-12,0.00112892860300363
audio/umass_tree5_robot_twig2_segment_5_window_5_contact.wav,twig,3,umass_tree5_robot_twig2_segment_5,1,leaf,1e-12,0.9988710713949964,1.0000000000000002e-12,0.00112892860300363
audio/umass_tree5_robot_twig2_segment_5_window_6_contact.wav,twig,3,umass_tree5_robot_twig2_segment_5,1,leaf,1e-12,0.9988710713949964,1.0000000000000002e-12,0.00112892860300363
audio/umass_tree5_robot_twig2_segment_5_window_7_contact.wav,twig,3,umass_tree5_robot_twig2_segment_5,1,leaf,1e-12,0.9988710713949964,1.0000000000000002e-12,0.00112892860300363
audio/umass_tree5_robot_twig2_segment_5_window_8_contact.wav,twig,3,umass_tree5_robot_twig2_segment_5,1,leaf,1e-12,0.9988710713949964,1.0000000000000002e-12,0.00112892860300363
audio/umass_tree5_robot_twig2_segment_5_window_9_contact.wav,twig,3,umass_tree5_robot_twig2_segment_5,1,leaf,1e-12,0.9988710713949964,1.0000000000000002e-12,0.00112892860300363
audio/umass_tree5_robot_twig2_segment_5_window_10_contact.wav,twig,3,umass_tree5_robot_twig2_segment_5,1,leaf,1e-12,0.9988710713949964,1.0000000000000002e-12,0.00112892860300363
audio/umass_tree5_robot_twig2_segment_5_window_11_contact.wav,twig,3,umass_tree5_robot_twig2_segment_5,1,leaf,1e-12,0.9988710713949964,1.0000000000000002e-12,0.00112892860300363
audio/umass_tree5_robot_twig2_segment_5_window_12_contact.wav,twig,3,umass_tree5_robot_twig2_segment_5,1,leaf,1e-12,0.9988710713949964,1.0000000000000002e-12,0.00112892860300363
audio/umass_tree5_robot_twig2_segment_5_window_13_contact.wav,twig,3,umass_tree5_robot_twig2_segment_5,1,leaf,1e-12,0.9988710713949964,1.0000000000000002e-12,0.00112892860300363
audio/umass_tree5_robot_twig2_segment_5_window_14_contact.wav,twig,3,umass_tree5_robot_twig2_segment_5,1,leaf,1e-12,0.9988710713949964,1.0000000000000002e-12,0.00112892860300363
audio/umass_tree5_robot_twig2_segment_5_window_15_contact.wav,twig,3,umass_tree5_robot_twig2_segment_5,1,leaf,1e-12,0.9988710713949964,1.0000000000000002e-12,0.00112892860300363
audio/umass_tree3_robot_twig2_segment_0_window_0_ambient.wav,ambient,0,umass_tree3_robot_twig2_segment_0,0,ambient,0.9999999999964366,1.1415352225122477e-12,1e-12,1.4218415205382617e-12
audio/umass_tree3_robot_twig2_segment_0_window_1_ambient.wav,ambient,0,umass_tree3_robot_twig2_segment_0,0,ambient,0.9999999999964366,1.1415352225122477e-12,1e-12,1.4218415205382617e-12
audio/umass_tree3_robot_twig2_segment_0_window_2_ambient.wav,ambient,0,umass_tree3_robot_twig2_segment_0,0,ambient,0.9999999999964366,1.1415352225122477e-12,1e-12,1.4218415205382617e-12
audio/umass_tree3_robot_twig2_segment_0_window_3_ambient.wav,ambient,0,umass_tree3_robot_twig2_segment_0,0,ambient,0.9999999999964366,1.1415352225122477e-12,1e-12,1.4218415205382617e-12
audio/umass_tree3_robot_twig2_segment_1_window_0_contact.wav,twig,3,umass_tree3_robot_twig2_segment_1,3,twig,1e-12,0.38051174083724965,0.1455410856492036,0.47394717351254684
audio/umass_tree3_robot_twig2_segment_1_window_1_contact.wav,twig,3,umass_tree3_robot_twig2_segment_1,3,twig,1e-12,0.38051174083724965,0.1455410856492036,0.47394717351254684
audio/umass_tree3_robot_twig2_segment_1_window_2_contact.wav,twig,3,umass_tree3_robot_twig2_segment_1,3,twig,1e-12,0.38051174083724965,0.1455410856492036,0.47394717351254684
audio/umass_tree3_robot_twig2_segment_1_window_3_contact.wav,twig,3,umass_tree3_robot_twig2_segment_1,3,twig,1e-12,0.38051174083724965,0.1455410856492036,0.47394717351254684
audio/umass_tree3_robot_twig2_segment_1_window_4_contact.wav,twig,3,umass_tree3_robot_twig2_segment_1,3,twig,1e-12,0.38051174083724965,0.1455410856492036,0.47394717351254684
audio/umass_tree3_robot_twig2_segment_1_window_5_contact.wav,twig,3,umass_tree3_robot_twig2_segment_1,3,twig,1e-12,0.38051174083724965,0.1455410856492036,0.47394717351254684
audio/umass_tree3_robot_twig2_segment_1_window_6_contact.wav,twig,3,umass_tree3_robot_twig2_segment_1,3,twig,1e-12,0.38051174083724965,0.1455410856492036,0.47394717351254684
audio/umass_tree3_robot_twig2_segment_2_window_0_ambient.wav,ambient,0,umass_tree3_robot_twig2_segment_2,0,ambient,0.9999999999964366,1.1415352225122477e-12,1e-12,1.4218415205382617e-12
audio/umass_tree3_robot_twig2_segment_2_window_1_ambient.wav,ambient,0,umass_tree3_robot_twig2_segment_2,0,ambient,0.9999999999964366,1.1415352225122477e-12,1e-12,1.4218415205382617e-12
audio/umass_tree3_robot_twig2_segment_2_window_2_ambient.wav,ambient,0,umass_tree3_robot_twig2_segment_2,0,ambient,0.9999999999964366,1.1415352225122477e-12,1e-12,1.4218415205382617e-12
audio/umass_tree3_robot_twig2_segment_2_window_3_ambient.wav,ambient,0,umass_tree3_robot_twig2_segment_2,0,ambient,0.9999999999964366,1.1415352225122477e-12,1e-12,1.4218415205382617e-12
audio/umass_tree3_robot_twig2_segment_2_window_4_ambient.wav,ambient,0,umass_tree3_robot_twig2_segment_2,0,ambient,0.9999999999964366,1.1415352225122477e-12,1e-12,1.4218415205382617e-12
audio/umass_tree3_robot_twig2_segment_2_window_5_ambient.wav,ambient,0,umass_tree3_robot_twig2_segment_2,0,ambient,0.9999999999964366,1.1415352225122477e-12,1e-12,1.4218415205382617e-12
audio/umass_tree3_robot_twig2_segment_2_window_6_ambient.wav,ambient,0,umass_tree3_robot_twig2_segment_2,0,ambient,0.9999999999964366,1.1415352225122477e-12,1e-12,1.4218415205382617e-12
audio/umass_tree3_robot_twig2_segment_2_window_7_ambient.wav,ambient,0,umass_tree3_robot_twig2_segment_2,0,ambient,0.9999999999964366,1.1415352225122477e-12,1e-12,1.4218415205382617e-12
audio/umass_tree3_robot_twig2_segment_2_window_8_ambient.wav,ambient,0,umass_tree3_robot_twig2_segment_2,0,ambient,0.9999999999964366,1.1415352225122477e-12,1e-12,1.4218415205382617e-12
audio/umass_tree3_robot_twig2_segment_2_window_9_ambient.wav,ambient,0,umass_tree3_robot_twig2_segment_2,0,ambient,0.9999999999964366,1.1415352225122477e-12,1e-12,1.4218415205382617e-12
audio/umass_tree3_robot_twig2_segment_2_window_10_ambient.wav,ambient,0,umass_tree3_robot_twig2_segment_2,0,ambient,0.9999999999964366,1.1415352225122477e-12,1e-12,1.4218415205382617e-12
audio/umass_tree3_robot_twig2_segment_3_window_0_contact.wav,twig,3,umass_tree3_robot_twig2_segment_3,3,twig,3.510938187079038e-05,0.38049838130561475,0.14553597579179517,0.4739305335207193
audio/umass_tree3_robot_twig2_segment_3_window_1_contact.wav,twig,3,umass_tree3_robot_twig2_segment_3,3,twig,3.510938187079038e-05,0.38049838130561475,0.14553597579179517,0.4739305335207193
audio/umass_tree3_robot_twig2_segment_4_window_0_contact.wav,twig,3,umass_tree3_robot_twig2_segment_4,3,twig,0.06422440996167555,0.3560735987988433,0.13619379529833797,0.4435081959411431
audio/umass_tree3_robot_twig2_segment_4_window_1_contact.wav,twig,3,umass_tree3_robot_twig2_segment_4,3,twig,0.06422440996167555,0.3560735987988433,0.13619379529833797,0.4435081959411431
audio/umass_tree3_robot_twig2_segment_5_window_0_ambient.wav,ambient,0,umass_tree3_robot_twig2_segment_5,0,ambient,0.9999999999964366,1.1415352225122477e-12,1e-12,1.4218415205382617e-12
audio/umass_tree3_robot_twig2_segment_5_window_1_ambient.wav,ambient,0,umass_tree3_robot_twig2_segment_5,0,ambient,0.9999999999964366,1.1415352225122477e-12,1e-12,1.4218415205382617e-12
audio/umass_tree3_robot_twig2_segment_5_window_2_ambient.wav,ambient,0,umass_tree3_robot_twig2_segment_5,0,ambient,0.9999999999964366,1.1415352225122477e-12,1e-12,1.4218415205382617e-12
audio/umass_tree3_robot_twig2_segment_5_window_3_ambient.wav,ambient,0,umass_tree3_robot_twig2_segment_5,0,ambient,0.9999999999964366,1.1415352225122477e-12,1e-12,1.4218415205382617e-12
audio/umass_tree3_robot_twig2_segment_5_window_4_ambient.wav,ambient,0,umass_tree3_robot_twig2_segment_5,0,ambient,0.9999999999964366,1.1415352225122477e-12,1e-12,1.4218415205382617e-12
audio/umass_tree3_robot_twig2_segment_5_window_5_ambient.wav,ambient,0,umass_tree3_robot_twig2_segment_5,0,ambient,0.9999999999964366,1.1415352225122477e-12,1e-12,1.4218415205382617e-12
audio/umass_tree3_robot_twig2_segment_5_window_6_ambient.wav,ambient,0,umass_tree3_robot_twig2_segment_5,0,ambient,0.9999999999964366,1.1415352225122477e-12,1e-12,1.4218415205382617e-12
audio/umass_tree3_robot_twig2_segment_5_window_7_ambient.wav,ambient,0,umass_tree3_robot_twig2_segment_5,0,ambient,0.9999999999964366,1.1415352225122477e-12,1e-12,1.4218415205382617e-12
audio/umass_tree3_robot_twig2_segment_5_window_8_ambient.wav,ambient,0,umass_tree3_robot_twig2_segment_5,0,ambient,0.9999999999964366,1.1415352225122477e-12,1e-12,1.4218415205382617e-12
audio/umass_tree3_robot_twig2_segment_5_window_9_ambient.wav,ambient,0,umass_tree3_robot_twig2_segment_5,0,ambient,0.9999999999964366,1.1415352225122477e-12,1e-12,1.4218415205382617e-12
audio/umass_tree3_robot_twig2_segment_5_window_10_ambient.wav,ambient,0,umass_tree3_robot_twig2_segment_5,0,ambient,0.9999999999964366,1.1415352225122477e-12,1e-12,1.4218415205382617e-12
audio/umass_tree3_robot_twig2_segment_5_window_11_ambient.wav,ambient,0,umass_tree3_robot_twig2_segment_5,0,ambient,0.9999999999964366,1.1415352225122477e-12,1e-12,1.4218415205382617e-12
audio/umass_tree3_robot_twig2_segment_5_window_12_ambient.wav,ambient,0,umass_tree3_robot_twig2_segment_5,0,ambient,0.9999999999964366,1.1415352225122477e-12,1e-12,1.4218415205382617e-12
audio/umass_tree3_robot_twig2_segment_5_window_13_ambient.wav,ambient,0,umass_tree3_robot_twig2_segment_5,0,ambient,0.9999999999964366,1.1415352225122477e-12,1e-12,1.4218415205382617e-12
audio/umass_tree3_robot_twig2_segment_5_window_14_ambient.wav,ambient,0,umass_tree3_robot_twig2_segment_5,0,ambient,0.9999999999964366,1.1415352225122477e-12,1e-12,1.4218415205382617e-12
audio/umass_tree3_robot_twig2_segment_5_window_15_ambient.wav,ambient,0,umass_tree3_robot_twig2_segment_5,0,ambient,0.9999999999964366,1.1415352225122477e-12,1e-12,1.4218415205382617e-12
audio/umass_tree3_robot_twig2_segment_5_window_16_ambient.wav,ambient,0,umass_tree3_robot_twig2_segment_5,0,ambient,0.9999999999964366,1.1415352225122477e-12,1e-12,1.4218415205382617e-12
audio/umass_tree3_robot_twig2_segment_5_window_17_ambient.wav,ambient,0,umass_tree3_robot_twig2_segment_5,0,ambient,0.9999999999964366,1.1415352225122477e-12,1e-12,1.4218415205382617e-12
audio/umass_tree3_robot_twig2_segment_5_window_18_ambient.wav,ambient,0,umass_tree3_robot_twig2_segment_5,0,ambient,0.9999999999964366,1.1415352225122477e-12,1e-12,1.4218415205382617e-12
audio/umass_tree3_robot_twig2_segment_5_window_19_ambient.wav,ambient,0,umass_tree3_robot_twig2_segment_5,0,ambient,0.9999999999964366,1.1415352225122477e-12,1e-12,1.4218415205382617e-12
audio/umass_tree4_robot_trunk2_segment_0_window_0_ambient.wav,ambient,0,umass_tree4_robot_trunk2_segment_0,0,ambient,0.9999999999957301,2.2700087472895646e-12,1.0000000000000002e-12,1.0000000000000002e-12
audio/umass_tree4_robot_trunk2_segment_0_window_1_ambient.wav,ambient,0,umass_tree4_robot_trunk2_segment_0,0,ambient,0.9999999999957301,2.2700087472895646e-12,1.0000000000000002e-12,1.0000000000000002e-12
audio/umass_tree4_robot_trunk2_segment_0_window_2_ambient.wav,ambient,0,umass_tree4_robot_trunk2_segment_0,0,ambient,0.9999999999957301,2.2700087472895646e-12,1.0000000000000002e-12,1.0000000000000002e-12
audio/umass_tree4_robot_trunk2_segment_0_window_3_ambient.wav,ambient,0,umass_tree4_robot_trunk2_segment_0,0,ambient,0.9999999999957301,2.2700087472895646e-12,1.0000000000000002e-12,1.0000000000000002e-12
audio/umass_tree4_robot_trunk2_segment_0_window_4_ambient.wav,ambient,0,umass_tree4_robot_trunk2_segment_0,0,ambient,0.9999999999957301,2.2700087472895646e-12,1.0000000000000002e-12,1.0000000000000002e-12
audio/umass_tree4_robot_trunk2_segment_0_window_5_ambient.wav,ambient,0,umass_tree4_robot_trunk2_segment_0,0,ambient,0.9999999999957301,2.2700087472895646e-12,1.0000000000000002e-12,1.0000000000000002e-12
audio/umass_tree4_robot_trunk2_segment_1_window_0_contact.wav,trunk,2,umass_tree4_robot_trunk2_segment_1,1,leaf,1e-12,0.7566695824300589,0.095005450949675,0.1483249666192662
audio/umass_tree4_robot_trunk2_segment_1_window_1_contact.wav,trunk,2,umass_tree4_robot_trunk2_segment_1,1,leaf,1e-12,0.7566695824300589,0.095005450949675,0.1483249666192662
audio/umass_tree4_robot_trunk2_segment_2_window_0_ambient.wav,ambient,0,umass_tree4_robot_trunk2_segment_2,0,ambient,0.9999999999957301,2.2700087472895646e-12,1.0000000000000002e-12,1.0000000000000002e-12
audio/umass_tree4_robot_trunk2_segment_2_window_1_ambient.wav,ambient,0,umass_tree4_robot_trunk2_segment_2,0,ambient,0.9999999999957301,2.2700087472895646e-12,1.0000000000000002e-12,1.0000000000000002e-12
audio/umass_tree4_robot_trunk2_segment_2_window_2_ambient.wav,ambient,0,umass_tree4_robot_trunk2_segment_2,0,ambient,0.9999999999957301,2.2700087472895646e-12,1.0000000000000002e-12,1.0000000000000002e-12
audio/umass_tree4_robot_trunk2_segment_2_window_3_ambient.wav,ambient,0,umass_tree4_robot_trunk2_segment_2,0,ambient,0.9999999999957301,2.2700087472895646e-12,1.0000000000000002e-12,1.0000000000000002e-12
audio/umass_tree4_robot_trunk2_segment_3_window_0_contact.wav,trunk,2,umass_tree4_robot_trunk2_segment_3,1,leaf,1e-12,0.7566695824300589,0.09500545094967498,0.14832496661926617
audio/umass_tree4_robot_trunk2_segment_3_window_1_contact.wav,trunk,2,umass_tree4_robot_trunk2_segment_3,1,leaf,1e-12,0.7566695824300589,0.09500545094967498,0.14832496661926617
audio/umass_tree4_robot_trunk2_segment_3_window_2_contact.wav,trunk,2,umass_tree4_robot_trunk2_segment_3,1,leaf,1e-12,0.7566695824300589,0.09500545094967498,0.14832496661926617
audio/umass_tree4_robot_trunk2_segment_3_window_3_contact.wav,trunk,2,umass_tree4_robot_trunk2_segment_3,1,leaf,1e-12,0.7566695824300589,0.09500545094967498,0.14832496661926617
audio/umass_tree4_robot_trunk2_segment_3_window_4_contact.wav,trunk,2,umass_tree4_robot_trunk2_segment_3,1,leaf,1e-12,0.7566695824300589,0.09500545094967498,0.14832496661926617
audio/umass_tree4_robot_trunk2_segment_3_window_5_contact.wav,trunk,2,umass_tree4_robot_trunk2_segment_3,1,leaf,1e-12,0.7566695824300589,0.09500545094967498,0.14832496661926617
audio/umass_tree4_robot_trunk2_segment_3_window_6_contact.wav,trunk,2,umass_tree4_robot_trunk2_segment_3,1,leaf,1e-12,0.7566695824300589,0.09500545094967498,0.14832496661926617
audio/umass_tree4_robot_trunk2_segment_3_window_7_contact.wav,trunk,2,umass_tree4_robot_trunk2_segment_3,1,leaf,1e-12,0.7566695824300589,0.09500545094967498,0.14832496661926617
audio/umass_tree4_robot_trunk2_segment_3_window_8_contact.wav,trunk,2,umass_tree4_robot_trunk2_segment_3,1,leaf,1e-12,0.7566695824300589,0.09500545094967498,0.14832496661926617
audio/umass_tree4_robot_trunk2_segment_4_window_0_ambient.wav,ambient,0,umass_tree4_robot_trunk2_segment_4,0,ambient,0.9999999999957301,2.2700087472895646e-12,1.0000000000000002e-12,1.0000000000000002e-12
audio/umass_tree4_robot_trunk2_segment_4_window_1_ambient.wav,ambient,0,umass_tree4_robot_trunk2_segment_4,0,ambient,0.9999999999957301,2.2700087472895646e-12,1.0000000000000002e-12,1.0000000000000002e-12
audio/umass_tree4_robot_trunk2_segment_4_window_2_ambient.wav,ambient,0,umass_tree4_robot_trunk2_segment_4,0,ambient,0.9999999999957301,2.2700087472895646e-12,1.0000000000000002e-12,1.0000000000000002e-12
audio/umass_tree4_robot_trunk2_segment_4_window_3_ambient.wav,ambient,0,umass_tree4_robot_trunk2_segment_4,0,ambient,0.9999999999957301,2.2700087472895646e-12,1.0000000000000002e-12,1.0000000000000002e-12
audio/umass_tree4_robot_trunk2_segment_4_window_4_ambient.wav,ambient,0,umass_tree4_robot_trunk2_segment_4,0,ambient,0.9999999999957301,2.2700087472895646e-12,1.0000000000000002e-12,1.0000000000000002e-12
audio/umass_tree4_robot_trunk2_segment_4_window_5_ambient.wav,ambient,0,umass_tree4_robot_trunk2_segment_4,0,ambient,0.9999999999957301,2.2700087472895646e-12,1.0000000000000002e-12,1.0000000000000002e-12
audio/umass_tree4_robot_trunk2_segment_4_window_6_ambient.wav,ambient,0,umass_tree4_robot_trunk2_segment_4,0,ambient,0.9999999999957301,2.2700087472895646e-12,1.0000000000000002e-12,1.0000000000000002e-12
audio/umass_tree4_robot_trunk2_segment_4_window_7_ambient.wav,ambient,0,umass_tree4_robot_trunk2_segment_4,0,ambient,0.9999999999957301,2.2700087472895646e-12,1.0000000000000002e-12,1.0000000000000002e-12
audio/umass_tree4_robot_trunk2_segment_4_window_8_ambient.wav,ambient,0,umass_tree4_robot_trunk2_segment_4,0,ambient,0.9999999999957301,2.2700087472895646e-12,1.0000000000000002e-12,1.0000000000000002e-12
audio/umass_tree4_robot_trunk2_segment_4_window_9_ambient.wav,ambient,0,umass_tree4_robot_trunk2_segment_4,0,ambient,0.9999999999957301,2.2700087472895646e-12,1.0000000000000002e-12,1.0000000000000002e-12
audio/umass_tree4_robot_trunk2_segment_4_window_10_ambient.wav,ambient,0,umass_tree4_robot_trunk2_segment_4,0,ambient,0.9999999999957301,2.2700087472895646e-12,1.0000000000000002e-12,1.0000000000000002e-12
audio/umass_tree4_robot_trunk2_segment_4_window_11_ambient.wav,ambient,0,umass_tree4_robot_trunk2_segment_4,0,ambient,0.9999999999957301,2.2700087472895646e-12,1.0000000000000002e-12,1.0000000000000002e-12
audio/umass_tree4_robot_trunk2_segment_4_window_12_ambient.wav,ambient,0,umass_tree4_robot_trunk2_segment_4,0,ambient,0.9999999999957301,2.2700087472895646e-12,1.0000000000000002e-12,1.0000000000000002e-12
audio/umass_tree4_robot_trunk2_segment_4_window_13_ambient.wav,ambient,0,umass_tree4_robot_trunk2_segment_4,0,ambient,0.9999999999957301,2.2700087472895646e-12,1.0000000000000002e-12,1.0000000000000002e-12
audio/umass_tree4_robot_trunk2_segment_4_window_14_ambient.wav,ambient,0,umass_tree4_robot_trunk2_segment_4,0,ambient,0.9999999999957301,2.2700087472895646e-12,1.0000000000000002e-12,1.0000000000000002e-12
audio/umass_tree4_robot_trunk2_segment_4_window_15_ambient.wav,ambient,0,umass_tree4_robot_trunk2_segment_4,0,ambient,0.9999999999957301,2.2700087472895646e-12,1.0000000000000002e-12,1.0000000000000002e-12
audio/umass_tree4_robot_trunk2_segment_5_window_0_ambient.wav,ambient,0,umass_tree4_robot_trunk2_segment_5,0,ambient,0.9999999999957301,2.2700087472895646e-12,1.0000000000000002e-12,1.0000000000000002e-12
audio/umass_tree4_robot_trunk2_segment_5_window_1_ambient.wav,ambient,0,umass_tree4_robot_trunk2_segment_5,0,ambient,0.9999999999957301,2.2700087472895646e-12,1.0000000000000002e-12,1.0000000000000002e-12
audio/umass_tree4_robot_trunk2_segment_5_window_2_ambient.wav,ambient,0,umass_tree4_robot_trunk2_segment_5,0,ambient,0.9999999999957301,2.2700087472895646e-12,1.0000000000000002e-12,1.0000000000000002e-12
audio/umass_tree4_robot_trunk2_segment_5_window_3_ambient.wav,ambient,0,umass_tree4_robot_trunk2_segment_5,0,ambient,0.9999999999957301,2.2700087472895646e-12,1.0000000000000002e-12,1.0000000000000002e-12
audio/umass_tree4_robot_trunk2_segment_5_window_4_ambient.wav,ambient,0,umass_tree4_robot_trunk2_segment_5,0,ambient,0.9999999999957301,2.2700087472895646e-12,1.0000000000000002e-12,1.0000000000000002e-12
audio/umass_tree4_robot_trunk2_segment_5_window_5_ambient.wav,ambient,0,umass_tree4_robot_trunk2_segment_5,0,ambient,0.9999999999957301,2.2700087472895646e-12,1.0000000000000002e-12,1.0000000000000002e-12
audio/umass_tree4_robot_trunk2_segment_5_window_6_ambient.wav,ambient,0,umass_tree4_robot_trunk2_segment_5,0,ambient,0.9999999999957301,2.2700087472895646e-12,1.0000000000000002e-12,1.0000000000000002e-12
audio/umass_tree4_robot_trunk2_segment_5_window_7_ambient.wav,ambient,0,umass_tree4_robot_trunk2_segment_5,0,ambient,0.9999999999957301,2.2700087472895646e-12,1.0000000000000002e-12,1.0000000000000002e-12
audio/umass_tree4_robot_trunk2_segment_5_window_8_ambient.wav,ambient,0,umass_tree4_robot_trunk2_segment_5,0,ambient,0.9999999999957301,2.2700087472895646e-12,1.0000000000000002e-12,1.0000000000000002e-12
audio/umass_tree4_robot_trunk2_segment_5_window_9_ambient.wav,ambient,0,umass_tree4_robot_trunk2_segment_5,0,ambient,0.9999999999957301,2.2700087472895646e-12,1.0000000000000002e-12,1.0000000000000002e-12
audio/umass_tree4_robot_trunk2_segment_5_window_10_ambient.wav,ambient,0,umass_tree4_robot_trunk2_segment_5,0,ambient,0.9999999999957301,2.2700087472895646e-12,1.0000000000000002e-12,1.0000000000000002e-12
audio/umass_tree4_robot_trunk2_segment_5_window_11_ambient.wav,ambient,0,umass_tree4_robot_trunk2_segment_5,0,ambient,0.9999999999957301,2.2700087472895646e-12,1.0000000000000002e-12,1.0000000000000002e-12
audio/umass_tree4_robot_trunk2_segment_6_window_0_contact.wav,trunk,2,umass_tree4_robot_trunk2_segment_6,1,leaf,1.0001999228848035e-12,0.7566695824300587,0.09500545094967497,0.14832496661926614
audio/umass_tree4_robot_trunk2_segment_6_window_1_contact.wav,trunk,2,umass_tree4_robot_trunk2_segment_6,1,leaf,1.0001999228848035e-12,0.7566695824300587,0.09500545094967497,0.14832496661926614
audio/umass_tree4_robot_trunk2_segment_6_window_2_contact.wav,trunk,2,umass_tree4_robot_trunk2_segment_6,1,leaf,1.0001999228848035e-12,0.7566695824300587,0.09500545094967497,0.14832496661926614
audio/umass_tree4_robot_trunk2_segment_6_window_3_contact.wav,trunk,2,umass_tree4_robot_trunk2_segment_6,1,leaf,1.0001999228848035e-12,0.7566695824300587,0.09500545094967497,0.14832496661926614
audio/umass_tree4_robot_trunk2_segment_6_window_4_contact.wav,trunk,2,umass_tree4_robot_trunk2_segment_6,1,leaf,1.0001999228848035e-12,0.7566695824300587,0.09500545094967497,0.14832496661926614
audio/umass_tree4_robot_trunk2_segment_6_window_5_contact.wav,trunk,2,umass_tree4_robot_trunk2_segment_6,1,leaf,1.0001999228848035e-12,0.7566695824300587,0.09500545094967497,0.14832496661926614
audio/umass_tree3_robot_twig1_segment_0_window_0_ambient.wav,ambient,0,umass_tree3_robot_twig1_segment_0,0,ambient,0.999999999995,1e-12,1e-12,2.9999999108804156e-12
audio/umass_tree3_robot_twig1_segment_0_window_1_ambient.wav,ambient,0,umass_tree3_robot_twig1_segment_0,0,ambient,0.999999999995,1e-12,1e-12,2.9999999108804156e-12
audio/umass_tree3_robot_twig1_segment_0_window_2_ambient.wav,ambient,0,umass_tree3_robot_twig1_segment_0,0,ambient,0.999999999995,1e-12,1e-12,2.9999999108804156e-12
audio/umass_tree3_robot_twig1_segment_0_window_3_ambient.wav,ambient,0,umass_tree3_robot_twig1_segment_0,0,ambient,0.999999999995,1e-12,1e-12,2.9999999108804156e-12
audio/umass_tree3_robot_twig1_segment_0_window_4_ambient.wav,ambient,0,umass_tree3_robot_twig1_segment_0,0,ambient,0.999999999995,1e-12,1e-12,2.9999999108804156e-12
audio/umass_tree3_robot_twig1_segment_0_window_5_ambient.wav,ambient,0,umass_tree3_robot_twig1_segment_0,0,ambient,0.999999999995,1e-12,1e-12,2.9999999108804156e-12
audio/umass_tree3_robot_twig1_segment_0_window_6_ambient.wav,ambient,0,umass_tree3_robot_twig1_segment_0,0,ambient,0.999999999995,1e-12,1e-12,2.9999999108804156e-12
audio/umass_tree3_robot_twig1_segment_0_window_7_ambient.wav,ambient,0,umass_tree3_robot_twig1_segment_0,0,ambient,0.999999999995,1e-12,1e-12,2.9999999108804156e-12
audio/umass_tree3_robot_twig1_segment_1_window_0_contact.wav,twig,3,umass_tree3_robot_twig1_segment_1,3,twig,1.0000889005823412e-12,1.0580271066322485e-10,2.9598725707932198e-08,0.9999999702944715
audio/umass_tree3_robot_twig1_segment_1_window_1_contact.wav,twig,3,umass_tree3_robot_twig1_segment_1,3,twig,1.0000889005823412e-12,1.0580271066322485e-10,2.9598725707932198e-08,0.9999999702944715
audio/umass_tree3_robot_twig1_segment_1_window_2_contact.wav,twig,3,umass_tree3_robot_twig1_segment_1,3,twig,1.0000889005823412e-12,1.0580271066322485e-10,2.9598725707932198e-08,0.9999999702944715
audio/umass_tree3_robot_twig1_segment_1_window_3_contact.wav,twig,3,umass_tree3_robot_twig1_segment_1,3,twig,1.0000889005823412e-12,1.0580271066322485e-10,2.9598725707932198e-08,0.9999999702944715
audio/umass_tree3_robot_twig1_segment_1_window_4_contact.wav,twig,3,umass_tree3_robot_twig1_segment_1,3,twig,1.0000889005823412e-12,1.0580271066322485e-10,2.9598725707932198e-08,0.9999999702944715
audio/umass_tree3_robot_twig1_segment_1_window_5_contact.wav,twig,3,umass_tree3_robot_twig1_segment_1,3,twig,1.0000889005823412e-12,1.0580271066322485e-10,2.9598725707932198e-08,0.9999999702944715
audio/umass_tree3_robot_twig1_segment_1_window_6_contact.wav,twig,3,umass_tree3_robot_twig1_segment_1,3,twig,1.0000889005823412e-12,1.0580271066322485e-10,2.9598725707932198e-08,0.9999999702944715
audio/umass_tree3_robot_twig1_segment_1_window_7_contact.wav,twig,3,umass_tree3_robot_twig1_segment_1,3,twig,1.0000889005823412e-12,1.0580271066322485e-10,2.9598725707932198e-08,0.9999999702944715
audio/umass_tree3_robot_twig1_segment_1_window_8_contact.wav,twig,3,umass_tree3_robot_twig1_segment_1,3,twig,1.0000889005823412e-12,1.0580271066322485e-10,2.9598725707932198e-08,0.9999999702944715
audio/umass_tree3_robot_twig1_segment_1_window_9_contact.wav,twig,3,umass_tree3_robot_twig1_segment_1,3,twig,1.0000889005823412e-12,1.0580271066322485e-10,2.9598725707932198e-08,0.9999999702944715
audio/umass_tree3_robot_twig1_segment_1_window_10_contact.wav,twig,3,umass_tree3_robot_twig1_segment_1,3,twig,1.0000889005823412e-12,1.0580271066322485e-10,2.9598725707932198e-08,0.9999999702944715
audio/umass_tree3_robot_twig1_segment_1_window_11_contact.wav,twig,3,umass_tree3_robot_twig1_segment_1,3,twig,1.0000889005823412e-12,1.0580271066322485e-10,2.9598725707932198e-08,0.9999999702944715
audio/umass_tree3_robot_twig1_segment_1_window_12_contact.wav,twig,3,umass_tree3_robot_twig1_segment_1,3,twig,1.0000889005823412e-12,1.0580271066322485e-10,2.9598725707932198e-08,0.9999999702944715
audio/umass_tree3_robot_twig1_segment_1_window_13_contact.wav,twig,3,umass_tree3_robot_twig1_segment_1,3,twig,1.0000889005823412e-12,1.0580271066322485e-10,2.9598725707932198e-08,0.9999999702944715
audio/umass_tree3_robot_twig1_segment_1_window_14_contact.wav,twig,3,umass_tree3_robot_twig1_segment_1,3,twig,1.0000889005823412e-12,1.0580271066322485e-10,2.9598725707932198e-08,0.9999999702944715
audio/umass_tree3_robot_twig1_segment_1_window_15_contact.wav,twig,3,umass_tree3_robot_twig1_segment_1,3,twig,1.0000889005823412e-12,1.0580271066322485e-10,2.9598725707932198e-08,0.9999999702944715
audio/umass_tree3_robot_twig1_segment_1_window_16_contact.wav,twig,3,umass_tree3_robot_twig1_segment_1,3,twig,1.0000889005823412e-12,1.0580271066322485e-10,2.9598725707932198e-08,0.9999999702944715
audio/umass_tree3_robot_twig1_segment_1_window_17_contact.wav,twig,3,umass_tree3_robot_twig1_segment_1,3,twig,1.0000889005823412e-12,1.0580271066322485e-10,2.9598725707932198e-08,0.9999999702944715
audio/umass_tree3_robot_twig1_segment_2_window_0_contact.wav,twig,3,umass_tree3_robot_twig1_segment_2,3,twig,1.0000000000000002e-12,1.0580271066322486e-10,2.95987257079322e-08,0.9999999702944716
audio/umass_tree3_robot_twig1_segment_2_window_1_contact.wav,twig,3,umass_tree3_robot_twig1_segment_2,3,twig,1.0000000000000002e-12,1.0580271066322486e-10,2.95987257079322e-08,0.9999999702944716
audio/umass_tree3_robot_twig1_segment_2_window_2_contact.wav,twig,3,umass_tree3_robot_twig1_segment_2,3,twig,1.0000000000000002e-12,1.0580271066322486e-10,2.95987257079322e-08,0.9999999702944716
audio/umass_tree3_robot_twig1_segment_3_window_0_ambient.wav,ambient,0,umass_tree3_robot_twig1_segment_3,0,ambient,0.999999999995,1e-12,1e-12,2.9999999108804156e-12
audio/umass_tree3_robot_twig1_segment_3_window_1_ambient.wav,ambient,0,umass_tree3_robot_twig1_segment_3,0,ambient,0.999999999995,1e-12,1e-12,2.9999999108804156e-12
audio/umass_tree3_robot_twig1_segment_3_window_2_ambient.wav,ambient,0,umass_tree3_robot_twig1_segment_3,0,ambient,0.999999999995,1e-12,1e-12,2.9999999108804156e-12
audio/umass_tree3_robot_twig1_segment_3_window_3_ambient.wav,ambient,0,umass_tree3_robot_twig1_segment_3,0,ambient,0.999999999995,1e-12,1e-12,2.9999999108804156e-12
audio/umass_tree3_robot_twig1_segment_3_window_4_ambient.wav,ambient,0,umass_tree3_robot_twig1_segment_3,0,ambient,0.999999999995,1e-12,1e-12,2.9999999108804156e-12
audio/umass_tree3_robot_twig1_segment_3_window_5_ambient.wav,ambient,0,umass_tree3_robot_twig1_segment_3,0,ambient,0.999999999995,1e-12,1e-12,2.9999999108804156e-12
audio/umass_tree3_robot_twig1_segment_3_window_6_ambient.wav,ambient,0,umass_tree3_robot_twig1_segment_3,0,ambient,0.999999999995,1e-12,1e-12,2.9999999108804156e-12
audio/umass_tree3_robot_twig1_segment_3_window_7_ambient.wav,ambient,0,umass_tree3_robot_twig1_segment_3,0,ambient,0.999999999995,1e-12,1e-12,2.9999999108804156e-12
audio/umass_tree3_robot_twig1_segment_3_window_8_ambient.wav,ambient,0,umass_tree3_robot_twig1_segment_3,0,ambient,0.999999999995,1e-12,1e-12,2.9999999108804156e-12
audio/umass_tree3_robot_twig1_segment_3_window_9_ambient.wav,ambient,0,umass_tree3_robot_twig1_segment_3,0,ambient,0.999999999995,1e-12,1e-12,2.9999999108804156e-12
audio/umass_tree3_robot_twig1_segment_4_window_0_ambient.wav,ambient,0,umass_tree3_robot_twig1_segment_4,0,ambient,0.999999999995,1e-12,1e-12,2.9999999108804156e-12
audio/umass_tree3_robot_twig1_segment_4_window_1_ambient.wav,ambient,0,umass_tree3_robot_twig1_segment_4,0,ambient,0.999999999995,1e-12,1e-12,2.9999999108804156e-12
audio/umass_tree3_robot_twig1_segment_4_window_2_ambient.wav,ambient,0,umass_tree3_robot_twig1_segment_4,0,ambient,0.999999999995,1e-12,1e-12,2.9999999108804156e-12
audio/umass_tree3_robot_twig1_segment_4_window_3_ambient.wav,ambient,0,umass_tree3_robot_twig1_segment_4,0,ambient,0.999999999995,1e-12,1e-12,2.9999999108804156e-12
audio/umass_tree3_robot_twig1_segment_4_window_4_ambient.wav,ambient,0,umass_tree3_robot_twig1_segment_4,0,ambient,0.999999999995,1e-12,1e-12,2.9999999108804156e-12
audio/umass_tree3_robot_twig1_segment_4_window_5_ambient.wav,ambient,0,umass_tree3_robot_twig1_segment_4,0,ambient,0.999999999995,1e-12,1e-12,2.9999999108804156e-12
audio/umass_tree3_robot_twig1_segment_4_window_6_ambient.wav,ambient,0,umass_tree3_robot_twig1_segment_4,0,ambient,0.999999999995,1e-12,1e-12,2.9999999108804156e-12
audio/umass_tree3_robot_twig1_segment_4_window_7_ambient.wav,ambient,0,umass_tree3_robot_twig1_segment_4,0,ambient,0.999999999995,1e-12,1e-12,2.9999999108804156e-12
audio/umass_tree3_robot_twig1_segment_4_window_8_ambient.wav,ambient,0,umass_tree3_robot_twig1_segment_4,0,ambient,0.999999999995,1e-12,1e-12,2.9999999108804156e-12
audio/umass_tree3_robot_twig1_segment_5_window_0_contact.wav,twig,3,umass_tree3_robot_twig1_segment_5,3,twig,1.0000000000000002e-12,1.0580271066322486e-10,2.95987257079322e-08,0.9999999702944716
audio/umass_tree3_robot_twig1_segment_5_window_1_contact.wav,twig,3,umass_tree3_robot_twig1_segment_5,3,twig,1.0000000000000002e-12,1.0580271066322486e-10,2.95987257079322e-08,0.9999999702944716
audio/umass_tree3_robot_twig1_segment_5_window_2_contact.wav,twig,3,umass_tree3_robot_twig1_segment_5,3,twig,1.0000000000000002e-12,1.0580271066322486e-10,2.95987257079322e-08,0.9999999702944716
audio/umass_tree3_robot_twig1_segment_6_window_0_ambient.wav,ambient,0,umass_tree3_robot_twig1_segment_6,0,ambient,0.9999999999912855,1e-12,1e-12,6.714504004993424e-12
audio/umass_tree3_robot_twig1_segment_6_window_1_ambient.wav,ambient,0,umass_tree3_robot_twig1_segment_6,0,ambient,0.9999999999912855,1e-12,1e-12,6.714504004993424e-12
audio/umass_tree3_robot_twig1_segment_7_window_0_ambient.wav,ambient,0,umass_tree3_robot_twig1_segment_7,0,ambient,0.999999999995,1e-12,1e-12,2.9999999108804156e-12
audio/umass_tree3_robot_twig1_segment_7_window_1_ambient.wav,ambient,0,umass_tree3_robot_twig1_segment_7,0,ambient,0.999999999995,1e-12,1e-12,2.9999999108804156e-12
audio/umass_tree8_robot_leaf2_segment_0_window_0_ambient.wav,ambient,0,umass_tree8_robot_leaf2_segment_0,0,ambient,0.9999999999950002,2.999848937874931e-12,1.0000000000000002e-12,1.0000000000000002e-12
audio/umass_tree8_robot_leaf2_segment_0_window_1_ambient.wav,ambient,0,umass_tree8_robot_leaf2_segment_0,0,ambient,0.9999999999950002,2.999848937874931e-12,1.0000000000000002e-12,1.0000000000000002e-12
audio/umass_tree8_robot_leaf2_segment_0_window_2_ambient.wav,ambient,0,umass_tree8_robot_leaf2_segment_0,0,ambient,0.9999999999950002,2.999848937874931e-12,1.0000000000000002e-12,1.0000000000000002e-12
audio/umass_tree8_robot_leaf2_segment_0_window_3_ambient.wav,ambient,0,umass_tree8_robot_leaf2_segment_0,0,ambient,0.9999999999950002,2.999848937874931e-12,1.0000000000000002e-12,1.0000000000000002e-12
audio/umass_tree8_robot_leaf2_segment_0_window_4_ambient.wav,ambient,0,umass_tree8_robot_leaf2_segment_0,0,ambient,0.9999999999950002,2.999848937874931e-12,1.0000000000000002e-12,1.0000000000000002e-12
audio/umass_tree8_robot_leaf2_segment_1_window_0_contact.wav,leaf,1,umass_tree8_robot_leaf2_segment_1,1,leaf,1e-12,0.9999496459593096,5.029017951873643e-05,6.386017166614009e-08
audio/umass_tree8_robot_leaf2_segment_1_window_1_contact.wav,leaf,1,umass_tree8_robot_leaf2_segment_1,1,leaf,1e-12,0.9999496459593096,5.029017951873643e-05,6.386017166614009e-08
audio/umass_tree8_robot_leaf2_segment_1_window_2_contact.wav,leaf,1,umass_tree8_robot_leaf2_segment_1,1,leaf,1e-12,0.9999496459593096,5.029017951873643e-05,6.386017166614009e-08
audio/umass_tree8_robot_leaf2_segment_1_window_3_contact.wav,leaf,1,umass_tree8_robot_leaf2_segment_1,1,leaf,1e-12,0.9999496459593096,5.029017951873643e-05,6.386017166614009e-08
audio/umass_tree8_robot_leaf2_segment_2_window_0_ambient.wav,ambient,0,umass_tree8_robot_leaf2_segment_2,0,ambient,0.9999999999950002,2.999848937874931e-12,1.0000000000000002e-12,1.0000000000000002e-12
audio/umass_tree8_robot_leaf2_segment_2_window_1_ambient.wav,ambient,0,umass_tree8_robot_leaf2_segment_2,0,ambient,0.9999999999950002,2.999848937874931e-12,1.0000000000000002e-12,1.0000000000000002e-12
audio/umass_tree8_robot_leaf2_segment_2_window_2_ambient.wav,ambient,0,umass_tree8_robot_leaf2_segment_2,0,ambient,0.9999999999950002,2.999848937874931e-12,1.0000000000000002e-12,1.0000000000000002e-12
audio/umass_tree8_robot_leaf2_segment_2_window_3_ambient.wav,ambient,0,umass_tree8_robot_leaf2_segment_2,0,ambient,0.9999999999950002,2.999848937874931e-12,1.0000000000000002e-12,1.0000000000000002e-12
audio/umass_tree8_robot_leaf2_segment_2_window_4_ambient.wav,ambient,0,umass_tree8_robot_leaf2_segment_2,0,ambient,0.9999999999950002,2.999848937874931e-12,1.0000000000000002e-12,1.0000000000000002e-12
audio/umass_tree8_robot_leaf2_segment_2_window_5_ambient.wav,ambient,0,umass_tree8_robot_leaf2_segment_2,0,ambient,0.9999999999950002,2.999848937874931e-12,1.0000000000000002e-12,1.0000000000000002e-12
audio/umass_tree8_robot_leaf2_segment_2_window_6_ambient.wav,ambient,0,umass_tree8_robot_leaf2_segment_2,0,ambient,0.9999999999950002,2.999848937874931e-12,1.0000000000000002e-12,1.0000000000000002e-12
audio/umass_tree8_robot_leaf2_segment_2_window_7_ambient.wav,ambient,0,umass_tree8_robot_leaf2_segment_2,0,ambient,0.9999999999950002,2.999848937874931e-12,1.0000000000000002e-12,1.0000000000000002e-12
audio/umass_tree8_robot_leaf2_segment_2_window_8_ambient.wav,ambient,0,umass_tree8_robot_leaf2_segment_2,0,ambient,0.9999999999950002,2.999848937874931e-12,1.0000000000000002e-12,1.0000000000000002e-12
audio/umass_tree8_robot_leaf2_segment_2_window_9_ambient.wav,ambient,0,umass_tree8_robot_leaf2_segment_2,0,ambient,0.9999999999950002,2.999848937874931e-12,1.0000000000000002e-12,1.0000000000000002e-12
audio/umass_tree8_robot_leaf2_segment_3_window_0_contact.wav,leaf,1,umass_tree8_robot_leaf2_segment_3,1,leaf,1e-12,0.9999496459593096,5.029017951873643e-05,6.386017166614009e-08
audio/umass_tree8_robot_leaf2_segment_3_window_1_contact.wav,leaf,1,umass_tree8_robot_leaf2_segment_3,1,leaf,1e-12,0.9999496459593096,5.029017951873643e-05,6.386017166614009e-08
audio/umass_tree8_robot_leaf2_segment_3_window_2_contact.wav,leaf,1,umass_tree8_robot_leaf2_segment_3,1,leaf,1e-12,0.9999496459593096,5.029017951873643e-05,6.386017166614009e-08
audio/umass_tree8_robot_leaf2_segment_3_window_3_contact.wav,leaf,1,umass_tree8_robot_leaf2_segment_3,1,leaf,1e-12,0.9999496459593096,5.029017951873643e-05,6.386017166614009e-08
audio/umass_tree8_robot_leaf2_segment_3_window_4_contact.wav,leaf,1,umass_tree8_robot_leaf2_segment_3,1,leaf,1e-12,0.9999496459593096,5.029017951873643e-05,6.386017166614009e-08
audio/umass_tree8_robot_leaf2_segment_3_window_5_contact.wav,leaf,1,umass_tree8_robot_leaf2_segment_3,1,leaf,1e-12,0.9999496459593096,5.029017951873643e-05,6.386017166614009e-08
audio/umass_tree8_robot_leaf2_segment_3_window_6_contact.wav,leaf,1,umass_tree8_robot_leaf2_segment_3,1,leaf,1e-12,0.9999496459593096,5.029017951873643e-05,6.386017166614009e-08
audio/umass_tree8_robot_leaf2_segment_3_window_7_contact.wav,leaf,1,umass_tree8_robot_leaf2_segment_3,1,leaf,1e-12,0.9999496459593096,5.029017951873643e-05,6.386017166614009e-08
audio/umass_tree8_robot_leaf2_segment_4_window_0_ambient.wav,ambient,0,umass_tree8_robot_leaf2_segment_4,0,ambient,0.9999999999950002,2.999848937874931e-12,1.0000000000000002e-12,1.0000000000000002e-12
audio/umass_tree8_robot_leaf2_segment_4_window_1_ambient.wav,ambient,0,umass_tree8_robot_leaf2_segment_4,0,ambient,0.9999999999950002,2.999848937874931e-12,1.0000000000000002e-12,1.0000000000000002e-12
audio/umass_tree8_robot_leaf2_segment_4_window_2_ambient.wav,ambient,0,umass_tree8_robot_leaf2_segment_4,0,ambient,0.9999999999950002,2.999848937874931e-12,1.0000000000000002e-12,1.0000000000000002e-12
audio/umass_tree8_robot_leaf2_segment_4_window_3_ambient.wav,ambient,0,umass_tree8_robot_leaf2_segment_4,0,ambient,0.9999999999950002,2.999848937874931e-12,1.0000000000000002e-12,1.0000000000000002e-12
audio/umass_tree8_robot_leaf2_segment_4_window_4_ambient.wav,ambient,0,umass_tree8_robot_leaf2_segment_4,0,ambient,0.9999999999950002,2.999848937874931e-12,1.0000000000000002e-12,1.0000000000000002e-12
audio/umass_tree8_robot_leaf2_segment_4_window_5_ambient.wav,ambient,0,umass_tree8_robot_leaf2_segment_4,0,ambient,0.9999999999950002,2.999848937874931e-12,1.0000000000000002e-12,1.0000000000000002e-12
audio/umass_tree8_robot_leaf2_segment_4_window_6_ambient.wav,ambient,0,umass_tree8_robot_leaf2_segment_4,0,ambient,0.9999999999950002,2.999848937874931e-12,1.0000000000000002e-12,1.0000000000000002e-12
audio/umass_tree8_robot_leaf2_segment_4_window_7_ambient.wav,ambient,0,umass_tree8_robot_leaf2_segment_4,0,ambient,0.9999999999950002,2.999848937874931e-12,1.0000000000000002e-12,1.0000000000000002e-12
audio/umass_tree8_robot_leaf2_segment_4_window_8_ambient.wav,ambient,0,umass_tree8_robot_leaf2_segment_4,0,ambient,0.9999999999950002,2.999848937874931e-12,1.0000000000000002e-12,1.0000000000000002e-12
audio/umass_tree8_robot_leaf2_segment_4_window_9_ambient.wav,ambient,0,umass_tree8_robot_leaf2_segment_4,0,ambient,0.9999999999950002,2.999848937874931e-12,1.0000000000000002e-12,1.0000000000000002e-12
audio/umass_tree8_robot_leaf2_segment_4_window_10_ambient.wav,ambient,0,umass_tree8_robot_leaf2_segment_4,0,ambient,0.9999999999950002,2.999848937874931e-12,1.0000000000000002e-12,1.0000000000000002e-12
audio/umass_tree8_robot_leaf2_segment_4_window_11_ambient.wav,ambient,0,umass_tree8_robot_leaf2_segment_4,0,ambient,0.9999999999950002,2.999848937874931e-12,1.0000000000000002e-12,1.0000000000000002e-12
audio/umass_tree8_robot_leaf2_segment_4_window_12_ambient.wav,ambient,0,umass_tree8_robot_leaf2_segment_4,0,ambient,0.9999999999950002,2.999848937874931e-12,1.0000000000000002e-12,1.0000000000000002e-12
audio/umass_tree8_robot_leaf2_segment_4_window_13_ambient.wav,ambient,0,umass_tree8_robot_leaf2_segment_4,0,ambient,0.9999999999950002,2.999848937874931e-12,1.0000000000000002e-12,1.0000000000000002e-12
audio/umass_tree8_robot_leaf2_segment_4_window_14_ambient.wav,ambient,0,umass_tree8_robot_leaf2_segment_4,0,ambient,0.9999999999950002,2.999848937874931e-12,1.0000000000000002e-12,1.0000000000000002e-12
audio/umass_tree8_robot_leaf2_segment_5_window_0_ambient.wav,ambient,0,umass_tree8_robot_leaf2_segment_5,0,ambient,0.9999999999950002,2.999848937874931e-12,1.0000000000000002e-12,1.0000000000000002e-12
audio/umass_tree8_robot_leaf2_segment_5_window_1_ambient.wav,ambient,0,umass_tree8_robot_leaf2_segment_5,0,ambient,0.9999999999950002,2.999848937874931e-12,1.0000000000000002e-12,1.0000000000000002e-12
audio/umass_tree8_robot_leaf2_segment_5_window_2_ambient.wav,ambient,0,umass_tree8_robot_leaf2_segment_5,0,ambient,0.9999999999950002,2.999848937874931e-12,1.0000000000000002e-12,1.0000000000000002e-12
audio/umass_tree8_robot_leaf2_segment_5_window_3_ambient.wav,ambient,0,umass_tree8_robot_leaf2_segment_5,0,ambient,0.9999999999950002,2.999848937874931e-12,1.0000000000000002e-12,1.0000000000000002e-12
audio/umass_tree8_robot_leaf2_segment_5_window_4_ambient.wav,ambient,0,umass_tree8_robot_leaf2_segment_5,0,ambient,0.9999999999950002,2.999848937874931e-12,1.0000000000000002e-12,1.0000000000000002e-12
audio/umass_tree8_robot_leaf2_segment_5_window_5_ambient.wav,ambient,0,umass_tree8_robot_leaf2_segment_5,0,ambient,0.9999999999950002,2.999848937874931e-12,1.0000000000000002e-12,1.0000000000000002e-12
audio/umass_tree8_robot_leaf2_segment_5_window_6_ambient.wav,ambient,0,umass_tree8_robot_leaf2_segment_5,0,ambient,0.9999999999950002,2.999848937874931e-12,1.0000000000000002e-12,1.0000000000000002e-12
audio/umass_tree8_robot_leaf2_segment_5_window_7_ambient.wav,ambient,0,umass_tree8_robot_leaf2_segment_5,0,ambient,0.9999999999950002,2.999848937874931e-12,1.0000000000000002e-12,1.0000000000000002e-12
audio/umass_tree8_robot_leaf2_segment_5_window_8_ambient.wav,ambient,0,umass_tree8_robot_leaf2_segment_5,0,ambient,0.9999999999950002,2.999848937874931e-12,1.0000000000000002e-12,1.0000000000000002e-12
audio/umass_tree8_robot_leaf2_segment_5_window_9_ambient.wav,ambient,0,umass_tree8_robot_leaf2_segment_5,0,ambient,0.9999999999950002,2.999848937874931e-12,1.0000000000000002e-12,1.0000000000000002e-12
audio/umass_tree8_robot_leaf2_segment_5_window_10_ambient.wav,ambient,0,umass_tree8_robot_leaf2_segment_5,0,ambient,0.9999999999950002,2.999848937874931e-12,1.0000000000000002e-12,1.0000000000000002e-12
audio/umass_tree8_robot_leaf2_segment_5_window_11_ambient.wav,ambient,0,umass_tree8_robot_leaf2_segment_5,0,ambient,0.9999999999950002,2.999848937874931e-12,1.0000000000000002e-12,1.0000000000000002e-12
audio/umass_tree8_robot_leaf2_segment_5_window_12_ambient.wav,ambient,0,umass_tree8_robot_leaf2_segment_5,0,ambient,0.9999999999950002,2.999848937874931e-12,1.0000000000000002e-12,1.0000000000000002e-12
audio/umass_tree8_robot_leaf2_segment_5_window_13_ambient.wav,ambient,0,umass_tree8_robot_leaf2_segment_5,0,ambient,0.9999999999950002,2.999848937874931e-12,1.0000000000000002e-12,1.0000000000000002e-12
audio/umass_tree8_robot_leaf2_segment_5_window_14_ambient.wav,ambient,0,umass_tree8_robot_leaf2_segment_5,0,ambient,0.9999999999950002,2.999848937874931e-12,1.0000000000000002e-12,1.0000000000000002e-12
audio/umass_tree8_robot_leaf2_segment_5_window_15_ambient.wav,ambient,0,umass_tree8_robot_leaf2_segment_5,0,ambient,0.9999999999950002,2.999848937874931e-12,1.0000000000000002e-12,1.0000000000000002e-12
audio/umass_tree8_robot_leaf2_segment_5_window_16_ambient.wav,ambient,0,umass_tree8_robot_leaf2_segment_5,0,ambient,0.9999999999950002,2.999848937874931e-12,1.0000000000000002e-12,1.0000000000000002e-12
audio/umass_tree8_robot_leaf2_segment_5_window_17_ambient.wav,ambient,0,umass_tree8_robot_leaf2_segment_5,0,ambient,0.9999999999950002,2.999848937874931e-12,1.0000000000000002e-12,1.0000000000000002e-12
audio/umass_tree8_robot_leaf2_segment_5_window_18_ambient.wav,ambient,0,umass_tree8_robot_leaf2_segment_5,0,ambient,0.9999999999950002,2.999848937874931e-12,1.0000000000000002e-12,1.0000000000000002e-12
audio/umass_tree8_robot_leaf2_segment_5_window_19_ambient.wav,ambient,0,umass_tree8_robot_leaf2_segment_5,0,ambient,0.9999999999950002,2.999848937874931e-12,1.0000000000000002e-12,1.0000000000000002e-12
audio/umass_tree8_robot_leaf2_segment_5_window_20_ambient.wav,ambient,0,umass_tree8_robot_leaf2_segment_5,0,ambient,0.9999999999950002,2.999848937874931e-12,1.0000000000000002e-12,1.0000000000000002e-12
audio/umass_tree8_robot_leaf2_segment_5_window_21_ambient.wav,ambient,0,umass_tree8_robot_leaf2_segment_5,0,ambient,0.9999999999950002,2.999848937874931e-12,1.0000000000000002e-12,1.0000000000000002e-12
audio/umass_tree8_robot_leaf2_segment_5_window_22_ambient.wav,ambient,0,umass_tree8_robot_leaf2_segment_5,0,ambient,0.9999999999950002,2.999848937874931e-12,1.0000000000000002e-12,1.0000000000000002e-12
audio/umass_tree8_robot_leaf2_segment_5_window_23_ambient.wav,ambient,0,umass_tree8_robot_leaf2_segment_5,0,ambient,0.9999999999950002,2.999848937874931e-12,1.0000000000000002e-12,1.0000000000000002e-12
audio/umass_tree8_robot_leaf2_segment_5_window_24_ambient.wav,ambient,0,umass_tree8_robot_leaf2_segment_5,0,ambient,0.9999999999950002,2.999848937874931e-12,1.0000000000000002e-12,1.0000000000000002e-12
audio/umass_tree8_robot_leaf2_segment_5_window_25_ambient.wav,ambient,0,umass_tree8_robot_leaf2_segment_5,0,ambient,0.9999999999950002,2.999848937874931e-12,1.0000000000000002e-12,1.0000000000000002e-12
audio/umass_tree8_robot_leaf2_segment_5_window_26_ambient.wav,ambient,0,umass_tree8_robot_leaf2_segment_5,0,ambient,0.9999999999950002,2.999848937874931e-12,1.0000000000000002e-12,1.0000000000000002e-12
audio/umass_tree8_robot_leaf2_segment_5_window_27_ambient.wav,ambient,0,umass_tree8_robot_leaf2_segment_5,0,ambient,0.9999999999950002,2.999848937874931e-12,1.0000000000000002e-12,1.0000000000000002e-12
audio/umass_tree8_robot_leaf2_segment_5_window_28_ambient.wav,ambient,0,umass_tree8_robot_leaf2_segment_5,0,ambient,0.9999999999950002,2.999848937874931e-12,1.0000000000000002e-12,1.0000000000000002e-12
audio/umass_tree8_robot_leaf2_segment_5_window_29_ambient.wav,ambient,0,umass_tree8_robot_leaf2_segment_5,0,ambient,0.9999999999950002,2.999848937874931e-12,1.0000000000000002e-12,1.0000000000000002e-12
audio/umass_tree8_robot_leaf2_segment_5_window_30_ambient.wav,ambient,0,umass_tree8_robot_leaf2_segment_5,0,ambient,0.9999999999950002,2.999848937874931e-12,1.0000000000000002e-12,1.0000000000000002e-12
audio/umass_tree8_robot_leaf2_segment_6_window_0_contact.wav,leaf,1,umass_tree8_robot_leaf2_segment_6,1,leaf,1e-12,0.9999496459593096,5.029017951873643e-05,6.386017166614009e-08
audio/umass_tree8_robot_leaf2_segment_6_window_1_contact.wav,leaf,1,umass_tree8_robot_leaf2_segment_6,1,leaf,1e-12,0.9999496459593096,5.029017951873643e-05,6.386017166614009e-08
audio/umass_tree8_robot_leaf2_segment_6_window_2_contact.wav,leaf,1,umass_tree8_robot_leaf2_segment_6,1,leaf,1e-12,0.9999496459593096,5.029017951873643e-05,6.386017166614009e-08
audio/umass_tree8_robot_leaf2_segment_6_window_3_contact.wav,leaf,1,umass_tree8_robot_leaf2_segment_6,1,leaf,1e-12,0.9999496459593096,5.029017951873643e-05,6.386017166614009e-08
audio/umass_tree6_robot_trunk1_segment_0_window_0_ambient.wav,ambient,0,umass_tree6_robot_trunk1_segment_0,0,ambient,0.9999999999960001,1.6309502127983825e-12,1e-12,1.3690497871956191e-12
audio/umass_tree6_robot_trunk1_segment_0_window_1_ambient.wav,ambient,0,umass_tree6_robot_trunk1_segment_0,0,ambient,0.9999999999960001,1.6309502127983825e-12,1e-12,1.3690497871956191e-12
audio/umass_tree6_robot_trunk1_segment_0_window_2_ambient.wav,ambient,0,umass_tree6_robot_trunk1_segment_0,0,ambient,0.9999999999960001,1.6309502127983825e-12,1e-12,1.3690497871956191e-12
audio/umass_tree6_robot_trunk1_segment_0_window_3_ambient.wav,ambient,0,umass_tree6_robot_trunk1_segment_0,0,ambient,0.9999999999960001,1.6309502127983825e-12,1e-12,1.3690497871956191e-12
audio/umass_tree6_robot_trunk1_segment_0_window_4_ambient.wav,ambient,0,umass_tree6_robot_trunk1_segment_0,0,ambient,0.9999999999960001,1.6309502127983825e-12,1e-12,1.3690497871956191e-12
audio/umass_tree6_robot_trunk1_segment_1_window_0_ambient.wav,ambient,0,umass_tree6_robot_trunk1_segment_1,0,ambient,0.9999999999960001,1.6309502127983825e-12,1e-12,1.3690497871956191e-12
audio/umass_tree6_robot_trunk1_segment_1_window_1_ambient.wav,ambient,0,umass_tree6_robot_trunk1_segment_1,0,ambient,0.9999999999960001,1.6309502127983825e-12,1e-12,1.3690497871956191e-12
audio/umass_tree6_robot_trunk1_segment_1_window_2_ambient.wav,ambient,0,umass_tree6_robot_trunk1_segment_1,0,ambient,0.9999999999960001,1.6309502127983825e-12,1e-12,1.3690497871956191e-12
audio/umass_tree6_robot_trunk1_segment_1_window_3_ambient.wav,ambient,0,umass_tree6_robot_trunk1_segment_1,0,ambient,0.9999999999960001,1.6309502127983825e-12,1e-12,1.3690497871956191e-12
audio/umass_tree6_robot_trunk1_segment_1_window_4_ambient.wav,ambient,0,umass_tree6_robot_trunk1_segment_1,0,ambient,0.9999999999960001,1.6309502127983825e-12,1e-12,1.3690497871956191e-12
audio/umass_tree6_robot_trunk1_segment_1_window_5_ambient.wav,ambient,0,umass_tree6_robot_trunk1_segment_1,0,ambient,0.9999999999960001,1.6309502127983825e-12,1e-12,1.3690497871956191e-12
audio/umass_tree6_robot_trunk1_segment_1_window_6_ambient.wav,ambient,0,umass_tree6_robot_trunk1_segment_1,0,ambient,0.9999999999960001,1.6309502127983825e-12,1e-12,1.3690497871956191e-12
audio/umass_tree6_robot_trunk1_segment_1_window_7_ambient.wav,ambient,0,umass_tree6_robot_trunk1_segment_1,0,ambient,0.9999999999960001,1.6309502127983825e-12,1e-12,1.3690497871956191e-12
audio/umass_tree6_robot_trunk1_segment_1_window_8_ambient.wav,ambient,0,umass_tree6_robot_trunk1_segment_1,0,ambient,0.9999999999960001,1.6309502127983825e-12,1e-12,1.3690497871956191e-12
audio/umass_tree6_robot_trunk1_segment_1_window_9_ambient.wav,ambient,0,umass_tree6_robot_trunk1_segment_1,0,ambient,0.9999999999960001,1.6309502127983825e-12,1e-12,1.3690497871956191e-12
audio/umass_tree6_robot_trunk1_segment_1_window_10_ambient.wav,ambient,0,umass_tree6_robot_trunk1_segment_1,0,ambient,0.9999999999960001,1.6309502127983825e-12,1e-12,1.3690497871956191e-12
audio/umass_tree6_robot_trunk1_segment_2_window_0_contact.wav,trunk,2,umass_tree6_robot_trunk1_segment_2,1,leaf,1e-12,0.5436500709327939,1e-12,0.4563499290652061
audio/umass_tree6_robot_trunk1_segment_2_window_1_contact.wav,trunk,2,umass_tree6_robot_trunk1_segment_2,1,leaf,1e-12,0.5436500709327939,1e-12,0.4563499290652061
audio/umass_tree6_robot_trunk1_segment_2_window_2_contact.wav,trunk,2,umass_tree6_robot_trunk1_segment_2,1,leaf,1e-12,0.5436500709327939,1e-12,0.4563499290652061
audio/umass_tree6_robot_trunk1_segment_2_window_3_contact.wav,trunk,2,umass_tree6_robot_trunk1_segment_2,1,leaf,1e-12,0.5436500709327939,1e-12,0.4563499290652061
audio/umass_tree6_robot_trunk1_segment_2_window_4_contact.wav,trunk,2,umass_tree6_robot_trunk1_segment_2,1,leaf,1e-12,0.5436500709327939,1e-12,0.4563499290652061
audio/umass_tree6_robot_trunk1_segment_2_window_5_contact.wav,trunk,2,umass_tree6_robot_trunk1_segment_2,1,leaf,1e-12,0.5436500709327939,1e-12,0.4563499290652061
audio/umass_tree6_robot_trunk1_segment_2_window_6_contact.wav,trunk,2,umass_tree6_robot_trunk1_segment_2,1,leaf,1e-12,0.5436500709327939,1e-12,0.4563499290652061
audio/umass_tree6_robot_trunk1_segment_2_window_7_contact.wav,trunk,2,umass_tree6_robot_trunk1_segment_2,1,leaf,1e-12,0.5436500709327939,1e-12,0.4563499290652061
audio/umass_tree6_robot_trunk1_segment_2_window_8_contact.wav,trunk,2,umass_tree6_robot_trunk1_segment_2,1,leaf,1e-12,0.5436500709327939,1e-12,0.4563499290652061
audio/umass_tree6_robot_trunk1_segment_2_window_9_contact.wav,trunk,2,umass_tree6_robot_trunk1_segment_2,1,leaf,1e-12,0.5436500709327939,1e-12,0.4563499290652061
audio/umass_tree6_robot_trunk1_segment_3_window_0_ambient.wav,ambient,0,umass_tree6_robot_trunk1_segment_3,0,ambient,0.9999999999960001,1.6309502127983825e-12,1e-12,1.3690497871956191e-12
audio/umass_tree6_robot_trunk1_segment_3_window_1_ambient.wav,ambient,0,umass_tree6_robot_trunk1_segment_3,0,ambient,0.9999999999960001,1.6309502127983825e-12,1e-12,1.3690497871956191e-12
audio/umass_tree6_robot_trunk1_segment_3_window_2_ambient.wav,ambient,0,umass_tree6_robot_trunk1_segment_3,0,ambient,0.9999999999960001,1.6309502127983825e-12,1e-12,1.3690497871956191e-12
audio/umass_tree6_robot_trunk1_segment_3_window_3_ambient.wav,ambient,0,umass_tree6_robot_trunk1_segment_3,0,ambient,0.9999999999960001,1.6309502127983825e-12,1e-12,1.3690497871956191e-12
audio/umass_tree6_robot_trunk1_segment_4_window_0_contact.wav,trunk,2,umass_tree6_robot_trunk1_segment_4,1,leaf,1.000088900582341e-12,0.5436500709327939,1e-12,0.4563499290652061
audio/umass_tree6_robot_trunk1_segment_4_window_1_contact.wav,trunk,2,umass_tree6_robot_trunk1_segment_4,1,leaf,1.000088900582341e-12,0.5436500709327939,1e-12,0.4563499290652061
audio/umass_tree6_robot_trunk1_segment_4_window_2_contact.wav,trunk,2,umass_tree6_robot_trunk1_segment_4,1,leaf,1.000088900582341e-12,0.5436500709327939,1e-12,0.4563499290652061
audio/umass_tree6_robot_trunk1_segment_4_window_3_contact.wav,trunk,2,umass_tree6_robot_trunk1_segment_4,1,leaf,1.000088900582341e-12,0.5436500709327939,1e-12,0.4563499290652061
audio/umass_tree6_robot_trunk1_segment_4_window_4_contact.wav,trunk,2,umass_tree6_robot_trunk1_segment_4,1,leaf,1.000088900582341e-12,0.5436500709327939,1e-12,0.4563499290652061
audio/umass_tree6_robot_trunk1_segment_4_window_5_contact.wav,trunk,2,umass_tree6_robot_trunk1_segment_4,1,leaf,1.000088900582341e-12,0.5436500709327939,1e-12,0.4563499290652061
audio/umass_tree6_robot_trunk1_segment_4_window_6_contact.wav,trunk,2,umass_tree6_robot_trunk1_segment_4,1,leaf,1.000088900582341e-12,0.5436500709327939,1e-12,0.4563499290652061
audio/umass_tree6_robot_trunk1_segment_4_window_7_contact.wav,trunk,2,umass_tree6_robot_trunk1_segment_4,1,leaf,1.000088900582341e-12,0.5436500709327939,1e-12,0.4563499290652061
audio/umass_tree6_robot_trunk1_segment_4_window_8_contact.wav,trunk,2,umass_tree6_robot_trunk1_segment_4,1,leaf,1.000088900582341e-12,0.5436500709327939,1e-12,0.4563499290652061
audio/umass_tree6_robot_trunk1_segment_4_window_9_contact.wav,trunk,2,umass_tree6_robot_trunk1_segment_4,1,leaf,1.000088900582341e-12,0.5436500709327939,1e-12,0.4563499290652061
audio/umass_tree6_robot_trunk1_segment_4_window_10_contact.wav,trunk,2,umass_tree6_robot_trunk1_segment_4,1,leaf,1.000088900582341e-12,0.5436500709327939,1e-12,0.4563499290652061
audio/umass_tree6_robot_trunk1_segment_5_window_0_ambient.wav,ambient,0,umass_tree6_robot_trunk1_segment_5,0,ambient,0.9999999999960001,1.6309502127983825e-12,1e-12,1.3690497871956191e-12
audio/umass_tree6_robot_trunk1_segment_5_window_1_ambient.wav,ambient,0,umass_tree6_robot_trunk1_segment_5,0,ambient,0.9999999999960001,1.6309502127983825e-12,1e-12,1.3690497871956191e-12
audio/umass_tree6_robot_trunk1_segment_5_window_2_ambient.wav,ambient,0,umass_tree6_robot_trunk1_segment_5,0,ambient,0.9999999999960001,1.6309502127983825e-12,1e-12,1.3690497871956191e-12
audio/umass_tree6_robot_trunk1_segment_5_window_3_ambient.wav,ambient,0,umass_tree6_robot_trunk1_segment_5,0,ambient,0.9999999999960001,1.6309502127983825e-12,1e-12,1.3690497871956191e-12
audio/umass_tree6_robot_trunk1_segment_5_window_4_ambient.wav,ambient,0,umass_tree6_robot_trunk1_segment_5,0,ambient,0.9999999999960001,1.6309502127983825e-12,1e-12,1.3690497871956191e-12
audio/umass_tree6_robot_trunk1_segment_5_window_5_ambient.wav,ambient,0,umass_tree6_robot_trunk1_segment_5,0,ambient,0.9999999999960001,1.6309502127983825e-12,1e-12,1.3690497871956191e-12
audio/umass_tree6_robot_trunk1_segment_5_window_6_ambient.wav,ambient,0,umass_tree6_robot_trunk1_segment_5,0,ambient,0.9999999999960001,1.6309502127983825e-12,1e-12,1.3690497871956191e-12
audio/umass_tree6_robot_trunk1_segment_5_window_7_ambient.wav,ambient,0,umass_tree6_robot_trunk1_segment_5,0,ambient,0.9999999999960001,1.6309502127983825e-12,1e-12,1.3690497871956191e-12
audio/umass_tree6_robot_trunk1_segment_5_window_8_ambient.wav,ambient,0,umass_tree6_robot_trunk1_segment_5,0,ambient,0.9999999999960001,1.6309502127983825e-12,1e-12,1.3690497871956191e-12
audio/umass_tree6_robot_trunk1_segment_5_window_9_ambient.wav,ambient,0,umass_tree6_robot_trunk1_segment_5,0,ambient,0.9999999999960001,1.6309502127983825e-12,1e-12,1.3690497871956191e-12
audio/umass_tree6_robot_trunk1_segment_5_window_10_ambient.wav,ambient,0,umass_tree6_robot_trunk1_segment_5,0,ambient,0.9999999999960001,1.6309502127983825e-12,1e-12,1.3690497871956191e-12
audio/umass_tree6_robot_trunk1_segment_5_window_11_ambient.wav,ambient,0,umass_tree6_robot_trunk1_segment_5,0,ambient,0.9999999999960001,1.6309502127983825e-12,1e-12,1.3690497871956191e-12
audio/umass_tree3_robot_1_split_0_newleaf_segment_0_window_0_contact.wav,leaf,1,umass_tree3_robot_1_split_0_newleaf_segment_0,1,leaf,0.02985835767182587,0.856446174554939,0.11293715043129586,0.0007583173419391186
audio/umass_tree3_robot_1_split_0_newleaf_segment_0_window_1_contact.wav,leaf,1,umass_tree3_robot_1_split_0_newleaf_segment_0,1,leaf,0.02985835767182587,0.856446174554939,0.11293715043129586,0.0007583173419391186
audio/umass_tree3_robot_1_split_0_newleaf_segment_0_window_2_contact.wav,leaf,1,umass_tree3_robot_1_split_0_newleaf_segment_0,1,leaf,0.02985835767182587,0.856446174554939,0.11293715043129586,0.0007583173419391186
audio/umass_tree3_robot_1_split_0_newleaf_segment_1_window_0_contact.wav,leaf,1,umass_tree3_robot_1_split_0_newleaf_segment_1,1,leaf,1e-12,0.8828052906777183,0.1164130530054901,0.0007816563157917111
audio/umass_tree3_robot_1_split_0_newleaf_segment_1_window_1_contact.wav,leaf,1,umass_tree3_robot_1_split_0_newleaf_segment_1,1,leaf,1e-12,0.8828052906777183,0.1164130530054901,0.0007816563157917111
audio/umass_tree3_robot_1_split_0_newleaf_segment_1_window_2_contact.wav,leaf,1,umass_tree3_robot_1_split_0_newleaf_segment_1,1,leaf,1e-12,0.8828052906777183,0.1164130530054901,0.0007816563157917111
audio/umass_tree3_robot_1_split_0_newleaf_segment_1_window_3_contact.wav,leaf,1,umass_tree3_robot_1_split_0_newleaf_segment_1,1,leaf,1e-12,0.8828052906777183,0.1164130530054901,0.0007816563157917111
audio/umass_tree3_robot_1_split_0_newleaf_segment_1_window_4_contact.wav,leaf,1,umass_tree3_robot_1_split_0_newleaf_segment_1,1,leaf,1e-12,0.8828052906777183,0.1164130530054901,0.0007816563157917111
audio/umass_tree3_robot_1_split_0_newleaf_segment_1_window_5_contact.wav,leaf,1,umass_tree3_robot_1_split_0_newleaf_segment_1,1,leaf,1e-12,0.8828052906777183,0.1164130530054901,0.0007816563157917111
audio/umass_tree3_robot_1_split_0_newleaf_segment_1_window_6_contact.wav,leaf,1,umass_tree3_robot_1_split_0_newleaf_segment_1,1,leaf,1e-12,0.8828052906777183,0.1164130530054901,0.0007816563157917111
audio/umass_tree3_robot_1_split_0_newleaf_segment_1_window_7_contact.wav,leaf,1,umass_tree3_robot_1_split_0_newleaf_segment_1,1,leaf,1e-12,0.8828052906777183,0.1164130530054901,0.0007816563157917111
audio/umass_tree3_robot_1_split_0_newleaf_segment_1_window_8_contact.wav,leaf,1,umass_tree3_robot_1_split_0_newleaf_segment_1,1,leaf,1e-12,0.8828052906777183,0.1164130530054901,0.0007816563157917111
audio/umass_tree3_robot_1_split_0_newleaf_segment_2_window_0_ambient.wav,ambient,0,umass_tree3_robot_1_split_0_newleaf_segment_2,0,ambient,0.9999999999953516,2.6484158720314388e-12,1.0000000000000002e-12,1.0000000000000002e-12
audio/umass_tree3_robot_1_split_0_newleaf_segment_2_window_1_ambient.wav,ambient,0,umass_tree3_robot_1_split_0_newleaf_segment_2,0,ambient,0.9999999999953516,2.6484158720314388e-12,1.0000000000000002e-12,1.0000000000000002e-12
audio/umass_tree3_robot_1_split_0_newleaf_segment_2_window_2_ambient.wav,ambient,0,umass_tree3_robot_1_split_0_newleaf_segment_2,0,ambient,0.9999999999953516,2.6484158720314388e-12,1.0000000000000002e-12,1.0000000000000002e-12
audio/umass_tree3_robot_1_split_0_newleaf_segment_2_window_3_ambient.wav,ambient,0,umass_tree3_robot_1_split_0_newleaf_segment_2,0,ambient,0.9999999999953516,2.6484158720314388e-12,1.0000000000000002e-12,1.0000000000000002e-12
audio/umass_tree3_robot_1_split_0_newleaf_segment_3_window_0_contact.wav,leaf,1,umass_tree3_robot_1_split_0_newleaf_segment_3,1,leaf,1e-12,0.8828052906777183,0.1164130530054901,0.0007816563157917111
audio/umass_tree3_robot_1_split_0_newleaf_segment_3_window_1_contact.wav,leaf,1,umass_tree3_robot_1_split_0_newleaf_segment_3,1,leaf,1e-12,0.8828052906777183,0.1164130530054901,0.0007816563157917111
audio/umass_tree3_robot_1_split_0_newleaf_segment_3_window_2_contact.wav,leaf,1,umass_tree3_robot_1_split_0_newleaf_segment_3,1,leaf,1e-12,0.8828052906777183,0.1164130530054901,0.0007816563157917111
audio/umass_tree3_robot_1_split_0_newleaf_segment_3_window_3_contact.wav,leaf,1,umass_tree3_robot_1_split_0_newleaf_segment_3,1,leaf,1e-12,0.8828052906777183,0.1164130530054901,0.0007816563157917111
audio/umass_tree3_robot_1_split_0_newleaf_segment_3_window_4_contact.wav,leaf,1,umass_tree3_robot_1_split_0_newleaf_segment_3,1,leaf,1e-12,0.8828052906777183,0.1164130530054901,0.0007816563157917111
audio/umass_tree3_robot_1_split_0_newleaf_segment_3_window_5_contact.wav,leaf,1,umass_tree3_robot_1_split_0_newleaf_segment_3,1,leaf,1e-12,0.8828052906777183,0.1164130530054901,0.0007816563157917111
audio/umass_tree3_robot_1_split_0_newleaf_segment_3_window_6_contact.wav,leaf,1,umass_tree3_robot_1_split_0_newleaf_segment_3,1,leaf,1e-12,0.8828052906777183,0.1164130530054901,0.0007816563157917111
audio/umass_tree3_robot_1_split_0_newleaf_segment_3_window_7_contact.wav,leaf,1,umass_tree3_robot_1_split_0_newleaf_segment_3,1,leaf,1e-12,0.8828052906777183,0.1164130530054901,0.0007816563157917111
audio/umass_tree4_robot_twig2_split_0_segment_0_window_0_ambient.wav,ambient,0,umass_tree4_robot_twig2_split_0_segment_0,0,ambient,0.9999999999950001,1.0000000000000002e-12,1.0000000000000002e-12,2.9999714070187565e-12
audio/umass_tree4_robot_twig2_split_0_segment_0_window_1_ambient.wav,ambient,0,umass_tree4_robot_twig2_split_0_segment_0,0,ambient,0.9999999999950001,1.0000000000000002e-12,1.0000000000000002e-12,2.9999714070187565e-12
audio/umass_tree4_robot_twig2_split_0_segment_0_window_2_ambient.wav,ambient,0,umass_tree4_robot_twig2_split_0_segment_0,0,ambient,0.9999999999950001,1.0000000000000002e-12,1.0000000000000002e-12,2.9999714070187565e-12
audio/umass_tree4_robot_twig2_split_0_segment_0_window_3_ambient.wav,ambient,0,umass_tree4_robot_twig2_split_0_segment_0,0,ambient,0.9999999999950001,1.0000000000000002e-12,1.0000000000000002e-12,2.9999714070187565e-12
audio/umass_tree4_robot_twig2_split_0_segment_0_window_4_ambient.wav,ambient,0,umass_tree4_robot_twig2_split_0_segment_0,0,ambient,0.9999999999950001,1.0000000000000002e-12,1.0000000000000002e-12,2.9999714070187565e-12
audio/umass_tree4_robot_twig2_split_0_segment_0_window_5_ambient.wav,ambient,0,umass_tree4_robot_twig2_split_0_segment_0,0,ambient,0.9999999999950001,1.0000000000000002e-12,1.0000000000000002e-12,2.9999714070187565e-12
audio/umass_tree4_robot_twig2_split_0_segment_0_window_6_ambient.wav,ambient,0,umass_tree4_robot_twig2_split_0_segment_0,0,ambient,0.9999999999950001,1.0000000000000002e-12,1.0000000000000002e-12,2.9999714070187565e-12
audio/umass_tree4_robot_twig2_split_0_segment_0_window_7_ambient.wav,ambient,0,umass_tree4_robot_twig2_split_0_segment_0,0,ambient,0.9999999999950001,1.0000000000000002e-12,1.0000000000000002e-12,2.9999714070187565e-12
audio/umass_tree4_robot_twig2_split_0_segment_0_window_8_ambient.wav,ambient,0,umass_tree4_robot_twig2_split_0_segment_0,0,ambient,0.9999999999950001,1.0000000000000002e-12,1.0000000000000002e-12,2.9999714070187565e-12
audio/umass_tree4_robot_twig2_split_0_segment_0_window_9_ambient.wav,ambient,0,umass_tree4_robot_twig2_split_0_segment_0,0,ambient,0.9999999999950001,1.0000000000000002e-12,1.0000000000000002e-12,2.9999714070187565e-12
audio/umass_tree4_robot_twig2_split_0_segment_0_window_10_ambient.wav,ambient,0,umass_tree4_robot_twig2_split_0_segment_0,0,ambient,0.9999999999950001,1.0000000000000002e-12,1.0000000000000002e-12,2.9999714070187565e-12
audio/umass_tree4_robot_twig2_split_0_segment_0_window_11_ambient.wav,ambient,0,umass_tree4_robot_twig2_split_0_segment_0,0,ambient,0.9999999999950001,1.0000000000000002e-12,1.0000000000000002e-12,2.9999714070187565e-12
audio/umass_tree4_robot_twig2_split_0_segment_0_window_12_ambient.wav,ambient,0,umass_tree4_robot_twig2_split_0_segment_0,0,ambient,0.9999999999950001,1.0000000000000002e-12,1.0000000000000002e-12,2.9999714070187565e-12
audio/umass_tree4_robot_twig2_split_0_segment_0_window_13_ambient.wav,ambient,0,umass_tree4_robot_twig2_split_0_segment_0,0,ambient,0.9999999999950001,1.0000000000000002e-12,1.0000000000000002e-12,2.9999714070187565e-12
audio/umass_tree4_robot_twig2_split_0_segment_0_window_14_ambient.wav,ambient,0,umass_tree4_robot_twig2_split_0_segment_0,0,ambient,0.9999999999950001,1.0000000000000002e-12,1.0000000000000002e-12,2.9999714070187565e-12
audio/umass_tree4_robot_twig2_split_0_segment_0_window_15_ambient.wav,ambient,0,umass_tree4_robot_twig2_split_0_segment_0,0,ambient,0.9999999999950001,1.0000000000000002e-12,1.0000000000000002e-12,2.9999714070187565e-12
audio/umass_tree4_robot_twig2_split_0_segment_0_window_16_ambient.wav,ambient,0,umass_tree4_robot_twig2_split_0_segment_0,0,ambient,0.9999999999950001,1.0000000000000002e-12,1.0000000000000002e-12,2.9999714070187565e-12
audio/umass_tree4_robot_twig2_split_0_segment_0_window_17_ambient.wav,ambient,0,umass_tree4_robot_twig2_split_0_segment_0,0,ambient,0.9999999999950001,1.0000000000000002e-12,1.0000000000000002e-12,2.9999714070187565e-12
audio/umass_tree4_robot_twig2_split_0_segment_0_window_18_ambient.wav,ambient,0,umass_tree4_robot_twig2_split_0_segment_0,0,ambient,0.9999999999950001,1.0000000000000002e-12,1.0000000000000002e-12,2.9999714070187565e-12
audio/umass_tree4_robot_twig2_split_0_segment_0_window_19_ambient.wav,ambient,0,umass_tree4_robot_twig2_split_0_segment_0,0,ambient,0.9999999999950001,1.0000000000000002e-12,1.0000000000000002e-12,2.9999714070187565e-12
audio/umass_tree4_robot_twig2_split_0_segment_0_window_20_ambient.wav,ambient,0,umass_tree4_robot_twig2_split_0_segment_0,0,ambient,0.9999999999950001,1.0000000000000002e-12,1.0000000000000002e-12,2.9999714070187565e-12
audio/umass_tree4_robot_twig2_split_0_segment_0_window_21_ambient.wav,ambient,0,umass_tree4_robot_twig2_split_0_segment_0,0,ambient,0.9999999999950001,1.0000000000000002e-12,1.0000000000000002e-12,2.9999714070187565e-12
audio/umass_tree4_robot_twig2_split_0_segment_0_window_22_ambient.wav,ambient,0,umass_tree4_robot_twig2_split_0_segment_0,0,ambient,0.9999999999950001,1.0000000000000002e-12,1.0000000000000002e-12,2.9999714070187565e-12
audio/umass_tree4_robot_twig2_split_0_segment_0_window_23_ambient.wav,ambient,0,umass_tree4_robot_twig2_split_0_segment_0,0,ambient,0.9999999999950001,1.0000000000000002e-12,1.0000000000000002e-12,2.9999714070187565e-12
audio/umass_tree4_robot_twig2_split_0_segment_1_window_0_contact.wav,twig,3,umass_tree4_robot_twig2_split_0_segment_1,3,twig,1e-12,9.530990748310056e-06,1.0000000000000002e-12,0.9999904690072517
audio/umass_tree4_robot_twig2_split_0_segment_1_window_1_contact.wav,twig,3,umass_tree4_robot_twig2_split_0_segment_1,3,twig,1e-12,9.530990748310056e-06,1.0000000000000002e-12,0.9999904690072517
audio/umass_tree4_robot_twig2_split_0_segment_1_window_2_contact.wav,twig,3,umass_tree4_robot_twig2_split_0_segment_1,3,twig,1e-12,9.530990748310056e-06,1.0000000000000002e-12,0.9999904690072517
audio/umass_tree4_robot_twig2_split_0_segment_1_window_3_contact.wav,twig,3,umass_tree4_robot_twig2_split_0_segment_1,3,twig,1e-12,9.530990748310056e-06,1.0000000000000002e-12,0.9999904690072517
audio/umass_tree4_robot_twig2_split_0_segment_2_window_0_ambient.wav,ambient,0,umass_tree4_robot_twig2_split_0_segment_2,0,ambient,0.9999999999950001,1.0000000000000002e-12,1.0000000000000002e-12,2.9999714070187565e-12
audio/umass_tree4_robot_twig2_split_0_segment_2_window_1_ambient.wav,ambient,0,umass_tree4_robot_twig2_split_0_segment_2,0,ambient,0.9999999999950001,1.0000000000000002e-12,1.0000000000000002e-12,2.9999714070187565e-12
audio/umass_tree4_robot_twig2_split_0_segment_2_window_2_ambient.wav,ambient,0,umass_tree4_robot_twig2_split_0_segment_2,0,ambient,0.9999999999950001,1.0000000000000002e-12,1.0000000000000002e-12,2.9999714070187565e-12
audio/umass_tree4_robot_twig2_split_0_segment_2_window_3_ambient.wav,ambient,0,umass_tree4_robot_twig2_split_0_segment_2,0,ambient,0.9999999999950001,1.0000000000000002e-12,1.0000000000000002e-12,2.9999714070187565e-12
audio/umass_tree4_robot_twig2_split_0_segment_2_window_4_ambient.wav,ambient,0,umass_tree4_robot_twig2_split_0_segment_2,0,ambient,0.9999999999950001,1.0000000000000002e-12,1.0000000000000002e-12,2.9999714070187565e-12
audio/umass_tree4_robot_twig2_split_0_segment_2_window_5_ambient.wav,ambient,0,umass_tree4_robot_twig2_split_0_segment_2,0,ambient,0.9999999999950001,1.0000000000000002e-12,1.0000000000000002e-12,2.9999714070187565e-12
audio/umass_tree4_robot_twig2_split_0_segment_3_window_0_ambient.wav,ambient,0,umass_tree4_robot_twig2_split_0_segment_3,0,ambient,0.9999999999950001,1.0000000000000002e-12,1.0000000000000002e-12,2.9999714070187565e-12
audio/umass_tree4_robot_twig2_split_0_segment_3_window_1_ambient.wav,ambient,0,umass_tree4_robot_twig2_split_0_segment_3,0,ambient,0.9999999999950001,1.0000000000000002e-12,1.0000000000000002e-12,2.9999714070187565e-12
audio/umass_tree4_robot_twig2_split_0_segment_3_window_2_ambient.wav,ambient,0,umass_tree4_robot_twig2_split_0_segment_3,0,ambient,0.9999999999950001,1.0000000000000002e-12,1.0000000000000002e-12,2.9999714070187565e-12
audio/umass_tree4_robot_twig2_split_0_segment_3_window_3_ambient.wav,ambient,0,umass_tree4_robot_twig2_split_0_segment_3,0,ambient,0.9999999999950001,1.0000000000000002e-12,1.0000000000000002e-12,2.9999714070187565e-12
audio/umass_tree4_robot_twig2_split_0_segment_4_window_0_contact.wav,twig,3,umass_tree4_robot_twig2_split_0_segment_4,3,twig,1.000088900582341e-12,9.530990748310054e-06,1.0000000000000002e-12,0.9999904690072516
audio/umass_tree4_robot_twig2_split_0_segment_4_window_1_contact.wav,twig,3,umass_tree4_robot_twig2_split_0_segment_4,3,twig,1.000088900582341e-12,9.530990748310054e-06,1.0000000000000002e-12,0.9999904690072516
audio/umass_tree4_robot_twig2_split_0_segment_4_window_2_contact.wav,twig,3,umass_tree4_robot_twig2_split_0_segment_4,3,twig,1.000088900582341e-12,9.530990748310054e-06,1.0000000000000002e-12,0.9999904690072516
audio/umass_tree4_robot_twig2_split_0_segment_4_window_3_contact.wav,twig,3,umass_tree4_robot_twig2_split_0_segment_4,3,twig,1.000088900582341e-12,9.530990748310054e-06,1.0000000000000002e-12,0.9999904690072516
audio/umass_tree4_robot_twig2_split_0_segment_4_window_4_contact.wav,twig,3,umass_tree4_robot_twig2_split_0_segment_4,3,twig,1.000088900582341e-12,9.530990748310054e-06,1.0000000000000002e-12,0.9999904690072516
audio/umass_tree4_robot_twig2_split_0_segment_4_window_5_contact.wav,twig,3,umass_tree4_robot_twig2_split_0_segment_4,3,twig,1.000088900582341e-12,9.530990748310054e-06,1.0000000000000002e-12,0.9999904690072516
audio/umass_tree4_robot_twig2_split_0_segment_4_window_6_contact.wav,twig,3,umass_tree4_robot_twig2_split_0_segment_4,3,twig,1.000088900582341e-12,9.530990748310054e-06,1.0000000000000002e-12,0.9999904690072516
audio/umass_tree4_robot_twig2_split_0_segment_4_window_7_contact.wav,twig,3,umass_tree4_robot_twig2_split_0_segment_4,3,twig,1.000088900582341e-12,9.530990748310054e-06,1.0000000000000002e-12,0.9999904690072516
audio/umass_tree4_robot_twig2_split_0_segment_4_window_8_contact.wav,twig,3,umass_tree4_robot_twig2_split_0_segment_4,3,twig,1.000088900582341e-12,9.530990748310054e-06,1.0000000000000002e-12,0.9999904690072516
audio/umass_tree4_robot_twig2_split_0_segment_4_window_9_contact.wav,twig,3,umass_tree4_robot_twig2_split_0_segment_4,3,twig,1.000088900582341e-12,9.530990748310054e-06,1.0000000000000002e-12,0.9999904690072516
audio/umass_tree4_robot_twig2_split_0_segment_4_window_10_contact.wav,twig,3,umass_tree4_robot_twig2_split_0_segment_4,3,twig,1.000088900582341e-12,9.530990748310054e-06,1.0000000000000002e-12,0.9999904690072516
audio/umass_tree4_robot_twig2_split_0_segment_4_window_11_contact.wav,twig,3,umass_tree4_robot_twig2_split_0_segment_4,3,twig,1.000088900582341e-12,9.530990748310054e-06,1.0000000000000002e-12,0.9999904690072516
audio/umass_tree4_robot_twig2_split_0_segment_4_window_12_contact.wav,twig,3,umass_tree4_robot_twig2_split_0_segment_4,3,twig,1.000088900582341e-12,9.530990748310054e-06,1.0000000000000002e-12,0.9999904690072516
audio/umass_tree5_robot_twig1_segment_0_window_0_ambient.wav,ambient,0,umass_tree5_robot_twig1_segment_0,0,ambient,0.999999999995,1e-12,1e-12,2.999999999988001e-12
audio/umass_tree5_robot_twig1_segment_0_window_1_ambient.wav,ambient,0,umass_tree5_robot_twig1_segment_0,0,ambient,0.999999999995,1e-12,1e-12,2.999999999988001e-12
audio/umass_tree5_robot_twig1_segment_0_window_2_ambient.wav,ambient,0,umass_tree5_robot_twig1_segment_0,0,ambient,0.999999999995,1e-12,1e-12,2.999999999988001e-12
audio/umass_tree5_robot_twig1_segment_0_window_3_ambient.wav,ambient,0,umass_tree5_robot_twig1_segment_0,0,ambient,0.999999999995,1e-12,1e-12,2.999999999988001e-12
audio/umass_tree5_robot_twig1_segment_1_window_0_contact.wav,twig,3,umass_tree5_robot_twig1_segment_1,3,twig,1.000088900582341e-12,1e-12,1e-12,0.999999999997
audio/umass_tree5_robot_twig1_segment_1_window_1_contact.wav,twig,3,umass_tree5_robot_twig1_segment_1,3,twig,1.000088900582341e-12,1e-12,1e-12,0.999999999997
audio/umass_tree5_robot_twig1_segment_1_window_2_contact.wav,twig,3,umass_tree5_robot_twig1_segment_1,3,twig,1.000088900582341e-12,1e-12,1e-12,0.999999999997
audio/umass_tree5_robot_twig1_segment_1_window_3_contact.wav,twig,3,umass_tree5_robot_twig1_segment_1,3,twig,1.000088900582341e-12,1e-12,1e-12,0.999999999997
audio/umass_tree5_robot_twig1_segment_1_window_4_contact.wav,twig,3,umass_tree5_robot_twig1_segment_1,3,twig,1.000088900582341e-12,1e-12,1e-12,0.999999999997
audio/umass_tree5_robot_twig1_segment_1_window_5_contact.wav,twig,3,umass_tree5_robot_twig1_segment_1,3,twig,1.000088900582341e-12,1e-12,1e-12,0.999999999997
audio/umass_tree5_robot_twig1_segment_1_window_6_contact.wav,twig,3,umass_tree5_robot_twig1_segment_1,3,twig,1.000088900582341e-12,1e-12,1e-12,0.999999999997
audio/umass_tree5_robot_twig1_segment_1_window_7_contact.wav,twig,3,umass_tree5_robot_twig1_segment_1,3,twig,1.000088900582341e-12,1e-12,1e-12,0.999999999997
audio/umass_tree5_robot_twig1_segment_1_window_8_contact.wav,twig,3,umass_tree5_robot_twig1_segment_1,3,twig,1.000088900582341e-12,1e-12,1e-12,0.999999999997
audio/umass_tree5_robot_twig1_segment_1_window_9_contact.wav,twig,3,umass_tree5_robot_twig1_segment_1,3,twig,1.000088900582341e-12,1e-12,1e-12,0.999999999997
audio/umass_tree5_robot_twig1_segment_1_window_10_contact.wav,twig,3,umass_tree5_robot_twig1_segment_1,3,twig,1.000088900582341e-12,1e-12,1e-12,0.999999999997
audio/umass_tree5_robot_twig1_segment_1_window_11_contact.wav,twig,3,umass_tree5_robot_twig1_segment_1,3,twig,1.000088900582341e-12,1e-12,1e-12,0.999999999997
audio/umass_tree5_robot_twig1_segment_1_window_12_contact.wav,twig,3,umass_tree5_robot_twig1_segment_1,3,twig,1.000088900582341e-12,1e-12,1e-12,0.999999999997
audio/umass_tree5_robot_twig1_segment_1_window_13_contact.wav,twig,3,umass_tree5_robot_twig1_segment_1,3,twig,1.000088900582341e-12,1e-12,1e-12,0.999999999997
audio/umass_tree5_robot_twig1_segment_1_window_14_contact.wav,twig,3,umass_tree5_robot_twig1_segment_1,3,twig,1.000088900582341e-12,1e-12,1e-12,0.999999999997
audio/umass_tree5_robot_twig1_segment_1_window_15_contact.wav,twig,3,umass_tree5_robot_twig1_segment_1,3,twig,1.000088900582341e-12,1e-12,1e-12,0.999999999997
audio/umass_tree5_robot_twig1_segment_1_window_16_contact.wav,twig,3,umass_tree5_robot_twig1_segment_1,3,twig,1.000088900582341e-12,1e-12,1e-12,0.999999999997
audio/umass_tree5_robot_twig1_segment_1_window_17_contact.wav,twig,3,umass_tree5_robot_twig1_segment_1,3,twig,1.000088900582341e-12,1e-12,1e-12,0.999999999997
audio/umass_tree5_robot_twig1_segment_1_window_18_contact.wav,twig,3,umass_tree5_robot_twig1_segment_1,3,twig,1.000088900582341e-12,1e-12,1e-12,0.999999999997
audio/umass_tree5_robot_twig1_segment_2_window_0_ambient.wav,ambient,0,umass_tree5_robot_twig1_segment_2,0,ambient,0.999999999995,1e-12,1e-12,2.999999999988001e-12
audio/umass_tree5_robot_twig1_segment_2_window_1_ambient.wav,ambient,0,umass_tree5_robot_twig1_segment_2,0,ambient,0.999999999995,1e-12,1e-12,2.999999999988001e-12
audio/umass_tree5_robot_twig1_segment_2_window_2_ambient.wav,ambient,0,umass_tree5_robot_twig1_segment_2,0,ambient,0.999999999995,1e-12,1e-12,2.999999999988001e-12
audio/umass_tree5_robot_twig1_segment_2_window_3_ambient.wav,ambient,0,umass_tree5_robot_twig1_segment_2,0,ambient,0.999999999995,1e-12,1e-12,2.999999999988001e-12
audio/umass_tree5_robot_twig1_segment_3_window_0_ambient.wav,ambient,0,umass_tree5_robot_twig1_segment_3,0,ambient,0.999999999995,1e-12,1e-12,2.999999999988001e-12
audio/umass_tree5_robot_twig1_segment_3_window_1_ambient.wav,ambient,0,umass_tree5_robot_twig1_segment_3,0,ambient,0.999999999995,1e-12,1e-12,2.999999999988001e-12
audio/umass_tree5_robot_twig1_segment_3_window_2_ambient.wav,ambient,0,umass_tree5_robot_twig1_segment_3,0,ambient,0.999999999995,1e-12,1e-12,2.999999999988001e-12
audio/umass_tree5_robot_twig1_segment_3_window_3_ambient.wav,ambient,0,umass_tree5_robot_twig1_segment_3,0,ambient,0.999999999995,1e-12,1e-12,2.999999999988001e-12
audio/umass_tree5_robot_twig1_segment_3_window_4_ambient.wav,ambient,0,umass_tree5_robot_twig1_segment_3,0,ambient,0.999999999995,1e-12,1e-12,2.999999999988001e-12
audio/umass_tree5_robot_twig1_segment_3_window_5_ambient.wav,ambient,0,umass_tree5_robot_twig1_segment_3,0,ambient,0.999999999995,1e-12,1e-12,2.999999999988001e-12
audio/umass_tree5_robot_twig1_segment_3_window_6_ambient.wav,ambient,0,umass_tree5_robot_twig1_segment_3,0,ambient,0.999999999995,1e-12,1e-12,2.999999999988001e-12
audio/umass_tree5_robot_twig1_segment_3_window_7_ambient.wav,ambient,0,umass_tree5_robot_twig1_segment_3,0,ambient,0.999999999995,1e-12,1e-12,2.999999999988001e-12
audio/umass_tree5_robot_twig1_segment_3_window_8_ambient.wav,ambient,0,umass_tree5_robot_twig1_segment_3,0,ambient,0.999999999995,1e-12,1e-12,2.999999999988001e-12
audio/umass_tree5_robot_twig1_segment_3_window_9_ambient.wav,ambient,0,umass_tree5_robot_twig1_segment_3,0,ambient,0.999999999995,1e-12,1e-12,2.999999999988001e-12
audio/umass_tree5_robot_twig1_segment_3_window_10_ambient.wav,ambient,0,umass_tree5_robot_twig1_segment_3,0,ambient,0.999999999995,1e-12,1e-12,2.999999999988001e-12
audio/umass_tree5_robot_twig1_segment_4_window_0_ambient.wav,ambient,0,umass_tree5_robot_twig1_segment_4,0,ambient,0.999999999995,1e-12,1e-12,2.999999999988001e-12
audio/umass_tree5_robot_twig1_segment_4_window_1_ambient.wav,ambient,0,umass_tree5_robot_twig1_segment_4,0,ambient,0.999999999995,1e-12,1e-12,2.999999999988001e-12
audio/umass_tree5_robot_twig1_segment_4_window_2_ambient.wav,ambient,0,umass_tree5_robot_twig1_segment_4,0,ambient,0.999999999995,1e-12,1e-12,2.999999999988001e-12
audio/umass_tree5_robot_twig1_segment_4_window_3_ambient.wav,ambient,0,umass_tree5_robot_twig1_segment_4,0,ambient,0.999999999995,1e-12,1e-12,2.999999999988001e-12
audio/umass_tree5_robot_twig1_segment_4_window_4_ambient.wav,ambient,0,umass_tree5_robot_twig1_segment_4,0,ambient,0.999999999995,1e-12,1e-12,2.999999999988001e-12
audio/umass_tree5_robot_twig1_segment_4_window_5_ambient.wav,ambient,0,umass_tree5_robot_twig1_segment_4,0,ambient,0.999999999995,1e-12,1e-12,2.999999999988001e-12
audio/umass_tree5_robot_twig1_segment_4_window_6_ambient.wav,ambient,0,umass_tree5_robot_twig1_segment_4,0,ambient,0.999999999995,1e-12,1e-12,2.999999999988001e-12
audio/umass_tree5_robot_twig1_segment_4_window_7_ambient.wav,ambient,0,umass_tree5_robot_twig1_segment_4,0,ambient,0.999999999995,1e-12,1e-12,2.999999999988001e-12
audio/umass_tree5_robot_twig1_segment_4_window_8_ambient.wav,ambient,0,umass_tree5_robot_twig1_segment_4,0,ambient,0.999999999995,1e-12,1e-12,2.999999999988001e-12
audio/umass_tree5_robot_leaf1_segment_0_window_0_ambient.wav,ambient,0,umass_tree5_robot_leaf1_segment_0,0,ambient,0.9999999999952587,2.7414035110184157e-12,1.0000000000000002e-12,1.0000000000000002e-12
audio/umass_tree5_robot_leaf1_segment_0_window_1_ambient.wav,ambient,0,umass_tree5_robot_leaf1_segment_0,0,ambient,0.9999999999952587,2.7414035110184157e-12,1.0000000000000002e-12,1.0000000000000002e-12
audio/umass_tree5_robot_leaf1_segment_0_window_2_ambient.wav,ambient,0,umass_tree5_robot_leaf1_segment_0,0,ambient,0.9999999999952587,2.7414035110184157e-12,1.0000000000000002e-12,1.0000000000000002e-12
audio/umass_tree5_robot_leaf1_segment_0_window_3_ambient.wav,ambient,0,umass_tree5_robot_leaf1_segment_0,0,ambient,0.9999999999952587,2.7414035110184157e-12,1.0000000000000002e-12,1.0000000000000002e-12
audio/umass_tree5_robot_leaf1_segment_1_window_0_contact.wav,leaf,1,umass_tree5_robot_leaf1_segment_1,1,leaf,1.0000000000000002e-12,0.913801170340149,0.0019794296394489014,0.08421940001940226
audio/umass_tree5_robot_leaf1_segment_1_window_1_contact.wav,leaf,1,umass_tree5_robot_leaf1_segment_1,1,leaf,1.0000000000000002e-12,0.913801170340149,0.0019794296394489014,0.08421940001940226
audio/umass_tree5_robot_leaf1_segment_1_window_2_contact.wav,leaf,1,umass_tree5_robot_leaf1_segment_1,1,leaf,1.0000000000000002e-12,0.913801170340149,0.0019794296394489014,0.08421940001940226
audio/umass_tree5_robot_leaf1_segment_1_window_3_contact.wav,leaf,1,umass_tree5_robot_leaf1_segment_1,1,leaf,1.0000000000000002e-12,0.913801170340149,0.0019794296394489014,0.08421940001940226
audio/umass_tree5_robot_leaf1_segment_1_window_4_contact.wav,leaf,1,umass_tree5_robot_leaf1_segment_1,1,leaf,1.0000000000000002e-12,0.913801170340149,0.0019794296394489014,0.08421940001940226
audio/umass_tree5_robot_leaf1_segment_1_window_5_contact.wav,leaf,1,umass_tree5_robot_leaf1_segment_1,1,leaf,1.0000000000000002e-12,0.913801170340149,0.0019794296394489014,0.08421940001940226
audio/umass_tree5_robot_leaf1_segment_1_window_6_contact.wav,leaf,1,umass_tree5_robot_leaf1_segment_1,1,leaf,1.0000000000000002e-12,0.913801170340149,0.0019794296394489014,0.08421940001940226
audio/umass_tree5_robot_leaf1_segment_1_window_7_contact.wav,leaf,1,umass_tree5_robot_leaf1_segment_1,1,leaf,1.0000000000000002e-12,0.913801170340149,0.0019794296394489014,0.08421940001940226
audio/umass_tree5_robot_leaf1_segment_1_window_8_contact.wav,leaf,1,umass_tree5_robot_leaf1_segment_1,1,leaf,1.0000000000000002e-12,0.913801170340149,0.0019794296394489014,0.08421940001940226
audio/umass_tree5_robot_leaf1_segment_1_window_9_contact.wav,leaf,1,umass_tree5_robot_leaf1_segment_1,1,leaf,1.0000000000000002e-12,0.913801170340149,0.0019794296394489014,0.08421940001940226
audio/umass_tree5_robot_leaf1_segment_1_window_10_contact.wav,leaf,1,umass_tree5_robot_leaf1_segment_1,1,leaf,1.0000000000000002e-12,0.913801170340149,0.0019794296394489014,0.08421940001940226
audio/umass_tree5_robot_leaf1_segment_1_window_11_contact.wav,leaf,1,umass_tree5_robot_leaf1_segment_1,1,leaf,1.0000000000000002e-12,0.913801170340149,0.0019794296394489014,0.08421940001940226
audio/umass_tree5_robot_leaf1_segment_1_window_12_contact.wav,leaf,1,umass_tree5_robot_leaf1_segment_1,1,leaf,1.0000000000000002e-12,0.913801170340149,0.0019794296394489014,0.08421940001940226
audio/umass_tree5_robot_leaf1_segment_1_window_13_contact.wav,leaf,1,umass_tree5_robot_leaf1_segment_1,1,leaf,1.0000000000000002e-12,0.913801170340149,0.0019794296394489014,0.08421940001940226
audio/umass_tree5_robot_leaf1_segment_1_window_14_contact.wav,leaf,1,umass_tree5_robot_leaf1_segment_1,1,leaf,1.0000000000000002e-12,0.913801170340149,0.0019794296394489014,0.08421940001940226
audio/umass_tree5_robot_leaf1_segment_1_window_15_contact.wav,leaf,1,umass_tree5_robot_leaf1_segment_1,1,leaf,1.0000000000000002e-12,0.913801170340149,0.0019794296394489014,0.08421940001940226
audio/umass_tree5_robot_leaf1_segment_1_window_16_contact.wav,leaf,1,umass_tree5_robot_leaf1_segment_1,1,leaf,1.0000000000000002e-12,0.913801170340149,0.0019794296394489014,0.08421940001940226
audio/umass_tree5_robot_leaf1_segment_1_window_17_contact.wav,leaf,1,umass_tree5_robot_leaf1_segment_1,1,leaf,1.0000000000000002e-12,0.913801170340149,0.0019794296394489014,0.08421940001940226
audio/umass_tree5_robot_leaf1_segment_1_window_18_contact.wav,leaf,1,umass_tree5_robot_leaf1_segment_1,1,leaf,1.0000000000000002e-12,0.913801170340149,0.0019794296394489014,0.08421940001940226
audio/umass_tree5_robot_leaf1_segment_2_window_0_ambient.wav,ambient,0,umass_tree5_robot_leaf1_segment_2,0,ambient,0.9999999999952587,2.7414035110184157e-12,1.0000000000000002e-12,1.0000000000000002e-12
audio/umass_tree5_robot_leaf1_segment_2_window_1_ambient.wav,ambient,0,umass_tree5_robot_leaf1_segment_2,0,ambient,0.9999999999952587,2.7414035110184157e-12,1.0000000000000002e-12,1.0000000000000002e-12
audio/umass_tree5_robot_leaf1_segment_2_window_2_ambient.wav,ambient,0,umass_tree5_robot_leaf1_segment_2,0,ambient,0.9999999999952587,2.7414035110184157e-12,1.0000000000000002e-12,1.0000000000000002e-12
audio/umass_tree5_robot_leaf1_segment_2_window_3_ambient.wav,ambient,0,umass_tree5_robot_leaf1_segment_2,0,ambient,0.9999999999952587,2.7414035110184157e-12,1.0000000000000002e-12,1.0000000000000002e-12
audio/umass_tree5_robot_leaf1_segment_2_window_4_ambient.wav,ambient,0,umass_tree5_robot_leaf1_segment_2,0,ambient,0.9999999999952587,2.7414035110184157e-12,1.0000000000000002e-12,1.0000000000000002e-12
audio/umass_tree5_robot_leaf1_segment_2_window_5_ambient.wav,ambient,0,umass_tree5_robot_leaf1_segment_2,0,ambient,0.9999999999952587,2.7414035110184157e-12,1.0000000000000002e-12,1.0000000000000002e-12
audio/umass_tree5_robot_leaf1_segment_2_window_6_ambient.wav,ambient,0,umass_tree5_robot_leaf1_segment_2,0,ambient,0.9999999999952587,2.7414035110184157e-12,1.0000000000000002e-12,1.0000000000000002e-12
audio/umass_tree5_robot_leaf1_segment_2_window_7_ambient.wav,ambient,0,umass_tree5_robot_leaf1_segment_2,0,ambient,0.9999999999952587,2.7414035110184157e-12,1.0000000000000002e-12,1.0000000000000002e-12
audio/umass_tree5_robot_leaf1_segment_2_window_8_ambient.wav,ambient,0,umass_tree5_robot_leaf1_segment_2,0,ambient,0.9999999999952587,2.7414035110184157e-12,1.0000000000000002e-12,1.0000000000000002e-12
audio/umass_tree5_robot_leaf1_segment_2_window_9_ambient.wav,ambient,0,umass_tree5_robot_leaf1_segment_2,0,ambient,0.9999999999952587,2.7414035110184157e-12,1.0000000000000002e-12,1.0000000000000002e-12
audio/umass_tree5_robot_leaf1_segment_2_window_10_ambient.wav,ambient,0,umass_tree5_robot_leaf1_segment_2,0,ambient,0.9999999999952587,2.7414035110184157e-12,1.0000000000000002e-12,1.0000000000000002e-12
audio/umass_tree5_robot_leaf1_segment_2_window_11_ambient.wav,ambient,0,umass_tree5_robot_leaf1_segment_2,0,ambient,0.9999999999952587,2.7414035110184157e-12,1.0000000000000002e-12,1.0000000000000002e-12
audio/umass_tree5_robot_leaf1_segment_3_window_0_contact.wav,leaf,1,umass_tree5_robot_leaf1_segment_3,1,leaf,1e-12,0.913801170340149,0.001979429639448901,0.08421940001940226
audio/umass_tree5_robot_leaf1_segment_3_window_1_contact.wav,leaf,1,umass_tree5_robot_leaf1_segment_3,1,leaf,1e-12,0.913801170340149,0.001979429639448901,0.08421940001940226
audio/umass_tree5_robot_leaf1_segment_3_window_2_contact.wav,leaf,1,umass_tree5_robot_leaf1_segment_3,1,leaf,1e-12,0.913801170340149,0.001979429639448901,0.08421940001940226
audio/umass_tree5_robot_leaf1_segment_3_window_3_contact.wav,leaf,1,umass_tree5_robot_leaf1_segment_3,1,leaf,1e-12,0.913801170340149,0.001979429639448901,0.08421940001940226
audio/umass_tree5_robot_leaf1_segment_3_window_4_contact.wav,leaf,1,umass_tree5_robot_leaf1_segment_3,1,leaf,1e-12,0.913801170340149,0.001979429639448901,0.08421940001940226
audio/umass_tree5_robot_leaf1_segment_3_window_5_contact.wav,leaf,1,umass_tree5_robot_leaf1_segment_3,1,leaf,1e-12,0.913801170340149,0.001979429639448901,0.08421940001940226
audio/umass_tree5_robot_leaf1_segment_4_window_0_ambient.wav,ambient,0,umass_tree5_robot_leaf1_segment_4,0,ambient,0.9999999999952587,2.7414035110184157e-12,1.0000000000000002e-12,1.0000000000000002e-12
audio/umass_tree5_robot_leaf1_segment_4_window_1_ambient.wav,ambient,0,umass_tree5_robot_leaf1_segment_4,0,ambient,0.9999999999952587,2.7414035110184157e-12,1.0000000000000002e-12,1.0000000000000002e-12
audio/umass_tree5_robot_leaf1_segment_4_window_2_ambient.wav,ambient,0,umass_tree5_robot_leaf1_segment_4,0,ambient,0.9999999999952587,2.7414035110184157e-12,1.0000000000000002e-12,1.0000000000000002e-12
audio/umass_tree5_robot_leaf1_segment_4_window_3_ambient.wav,ambient,0,umass_tree5_robot_leaf1_segment_4,0,ambient,0.9999999999952587,2.7414035110184157e-12,1.0000000000000002e-12,1.0000000000000002e-12
audio/umass_tree5_robot_leaf1_segment_4_window_4_ambient.wav,ambient,0,umass_tree5_robot_leaf1_segment_4,0,ambient,0.9999999999952587,2.7414035110184157e-12,1.0000000000000002e-12,1.0000000000000002e-12
audio/umass_tree5_robot_leaf1_segment_4_window_5_ambient.wav,ambient,0,umass_tree5_robot_leaf1_segment_4,0,ambient,0.9999999999952587,2.7414035110184157e-12,1.0000000000000002e-12,1.0000000000000002e-12
audio/umass_tree5_robot_leaf1_segment_4_window_6_ambient.wav,ambient,0,umass_tree5_robot_leaf1_segment_4,0,ambient,0.9999999999952587,2.7414035110184157e-12,1.0000000000000002e-12,1.0000000000000002e-12
audio/umass_tree5_robot_leaf1_segment_4_window_7_ambient.wav,ambient,0,umass_tree5_robot_leaf1_segment_4,0,ambient,0.9999999999952587,2.7414035110184157e-12,1.0000000000000002e-12,1.0000000000000002e-12
audio/umass_tree5_robot_leaf1_segment_4_window_8_ambient.wav,ambient,0,umass_tree5_robot_leaf1_segment_4,0,ambient,0.9999999999952587,2.7414035110184157e-12,1.0000000000000002e-12,1.0000000000000002e-12
audio/umass_tree5_robot_leaf1_segment_4_window_9_ambient.wav,ambient,0,umass_tree5_robot_leaf1_segment_4,0,ambient,0.9999999999952587,2.7414035110184157e-12,1.0000000000000002e-12,1.0000000000000002e-12
audio/umass_tree5_robot_leaf1_segment_4_window_10_ambient.wav,ambient,0,umass_tree5_robot_leaf1_segment_4,0,ambient,0.9999999999952587,2.7414035110184157e-12,1.0000000000000002e-12,1.0000000000000002e-12
audio/umass_tree5_robot_leaf1_segment_4_window_11_ambient.wav,ambient,0,umass_tree5_robot_leaf1_segment_4,0,ambient,0.9999999999952587,2.7414035110184157e-12,1.0000000000000002e-12,1.0000000000000002e-12
audio/umass_tree5_robot_leaf1_segment_4_window_12_ambient.wav,ambient,0,umass_tree5_robot_leaf1_segment_4,0,ambient,0.9999999999952587,2.7414035110184157e-12,1.0000000000000002e-12,1.0000000000000002e-12
audio/umass_tree5_robot_leaf1_segment_4_window_13_ambient.wav,ambient,0,umass_tree5_robot_leaf1_segment_4,0,ambient,0.9999999999952587,2.7414035110184157e-12,1.0000000000000002e-12,1.0000000000000002e-12
audio/umass_tree5_robot_leaf1_segment_4_window_14_ambient.wav,ambient,0,umass_tree5_robot_leaf1_segment_4,0,ambient,0.9999999999952587,2.7414035110184157e-12,1.0000000000000002e-12,1.0000000000000002e-12
audio/umass_tree5_robot_leaf1_segment_5_window_0_contact.wav,leaf,1,umass_tree5_robot_leaf1_segment_5,1,leaf,1.3589846028505548e-06,0.9137999284993421,0.0019794269494364776,0.08421928556661858
audio/umass_tree5_robot_leaf1_segment_5_window_1_contact.wav,leaf,1,umass_tree5_robot_leaf1_segment_5,1,leaf,1.3589846028505548e-06,0.9137999284993421,0.0019794269494364776,0.08421928556661858
audio/umass_tree5_robot_leaf1_segment_6_window_0_ambient.wav,ambient,0,umass_tree5_robot_leaf1_segment_6,0,ambient,0.9999999999952587,2.7414035110184157e-12,1.0000000000000002e-12,1.0000000000000002e-12
audio/umass_tree5_robot_leaf1_segment_6_window_1_ambient.wav,ambient,0,umass_tree5_robot_leaf1_segment_6,0,ambient,0.9999999999952587,2.7414035110184157e-12,1.0000000000000002e-12,1.0000000000000002e-12
audio/umass_tree5_robot_leaf1_segment_6_window_2_ambient.wav,ambient,0,umass_tree5_robot_leaf1_segment_6,0,ambient,0.9999999999952587,2.7414035110184157e-12,1.0000000000000002e-12,1.0000000000000002e-12
audio/umass_tree5_robot_leaf1_segment_6_window_3_ambient.wav,ambient,0,umass_tree5_robot_leaf1_segment_6,0,ambient,0.9999999999952587,2.7414035110184157e-12,1.0000000000000002e-12,1.0000000000000002e-12
audio/umass_tree5_robot_leaf1_segment_6_window_4_ambient.wav,ambient,0,umass_tree5_robot_leaf1_segment_6,0,ambient,0.9999999999952587,2.7414035110184157e-12,1.0000000000000002e-12,1.0000000000000002e-12
audio/umass_tree5_robot_leaf1_segment_6_window_5_ambient.wav,ambient,0,umass_tree5_robot_leaf1_segment_6,0,ambient,0.9999999999952587,2.7414035110184157e-12,1.0000000000000002e-12,1.0000000000000002e-12
audio/umass_tree5_robot_leaf1_segment_6_window_6_ambient.wav,ambient,0,umass_tree5_robot_leaf1_segment_6,0,ambient,0.9999999999952587,2.7414035110184157e-12,1.0000000000000002e-12,1.0000000000000002e-12
audio/umass_tree5_robot_leaf1_segment_6_window_7_ambient.wav,ambient,0,umass_tree5_robot_leaf1_segment_6,0,ambient,0.9999999999952587,2.7414035110184157e-12,1.0000000000000002e-12,1.0000000000000002e-12
audio/umass_tree5_robot_leaf1_segment_6_window_8_ambient.wav,ambient,0,umass_tree5_robot_leaf1_segment_6,0,ambient,0.9999999999952587,2.7414035110184157e-12,1.0000000000000002e-12,1.0000000000000002e-12
audio/umass_tree5_robot_leaf1_segment_6_window_9_ambient.wav,ambient,0,umass_tree5_robot_leaf1_segment_6,0,ambient,0.9999999999952587,2.7414035110184157e-12,1.0000000000000002e-12,1.0000000000000002e-12
audio/umass_tree5_robot_leaf1_segment_6_window_10_ambient.wav,ambient,0,umass_tree5_robot_leaf1_segment_6,0,ambient,0.9999999999952587,2.7414035110184157e-12,1.0000000000000002e-12,1.0000000000000002e-12
audio/umass_tree5_robot_leaf1_segment_6_window_11_ambient.wav,ambient,0,umass_tree5_robot_leaf1_segment_6,0,ambient,0.9999999999952587,2.7414035110184157e-12,1.0000000000000002e-12,1.0000000000000002e-12
audio/umass_tree5_robot_leaf1_segment_6_window_12_ambient.wav,ambient,0,umass_tree5_robot_leaf1_segment_6,0,ambient,0.9999999999952587,2.7414035110184157e-12,1.0000000000000002e-12,1.0000000000000002e-12
audio/umass_tree5_robot_leaf1_segment_6_window_13_ambient.wav,ambient,0,umass_tree5_robot_leaf1_segment_6,0,ambient,0.9999999999952587,2.7414035110184157e-12,1.0000000000000002e-12,1.0000000000000002e-12
audio/umass_tree5_robot_leaf1_segment_6_window_14_ambient.wav,ambient,0,umass_tree5_robot_leaf1_segment_6,0,ambient,0.9999999999952587,2.7414035110184157e-12,1.0000000000000002e-12,1.0000000000000002e-12
audio/umass_tree5_robot_leaf1_segment_6_window_15_ambient.wav,ambient,0,umass_tree5_robot_leaf1_segment_6,0,ambient,0.9999999999952587,2.7414035110184157e-12,1.0000000000000002e-12,1.0000000000000002e-12
audio/umass_tree5_robot_leaf1_segment_7_window_0_contact.wav,leaf,1,umass_tree5_robot_leaf1_segment_7,1,leaf,1.0000000000000002e-12,0.913801170340149,0.0019794296394489014,0.08421940001940226
audio/umass_tree5_robot_leaf1_segment_7_window_1_contact.wav,leaf,1,umass_tree5_robot_leaf1_segment_7,1,leaf,1.0000000000000002e-12,0.913801170340149,0.0019794296394489014,0.08421940001940226
audio/umass_tree5_robot_leaf1_segment_7_window_2_contact.wav,leaf,1,umass_tree5_robot_leaf1_segment_7,1,leaf,1.0000000000000002e-12,0.913801170340149,0.0019794296394489014,0.08421940001940226
audio/umass_tree5_robot_leaf1_segment_7_window_3_contact.wav,leaf,1,umass_tree5_robot_leaf1_segment_7,1,leaf,1.0000000000000002e-12,0.913801170340149,0.0019794296394489014,0.08421940001940226
audio/umass_tree5_robot_leaf1_segment_7_window_4_contact.wav,leaf,1,umass_tree5_robot_leaf1_segment_7,1,leaf,1.0000000000000002e-12,0.913801170340149,0.0019794296394489014,0.08421940001940226
audio/umass_tree5_robot_leaf1_segment_7_window_5_contact.wav,leaf,1,umass_tree5_robot_leaf1_segment_7,1,leaf,1.0000000000000002e-12,0.913801170340149,0.0019794296394489014,0.08421940001940226
audio/umass_tree5_robot_leaf1_segment_7_window_6_contact.wav,leaf,1,umass_tree5_robot_leaf1_segment_7,1,leaf,1.0000000000000002e-12,0.913801170340149,0.0019794296394489014,0.08421940001940226
audio/umass_tree5_robot_leaf1_segment_7_window_7_contact.wav,leaf,1,umass_tree5_robot_leaf1_segment_7,1,leaf,1.0000000000000002e-12,0.913801170340149,0.0019794296394489014,0.08421940001940226
audio/umass_tree5_robot_leaf1_segment_7_window_8_contact.wav,leaf,1,umass_tree5_robot_leaf1_segment_7,1,leaf,1.0000000000000002e-12,0.913801170340149,0.0019794296394489014,0.08421940001940226
audio/umass_tree5_robot_leaf1_segment_7_window_9_contact.wav,leaf,1,umass_tree5_robot_leaf1_segment_7,1,leaf,1.0000000000000002e-12,0.913801170340149,0.0019794296394489014,0.08421940001940226
audio/umass_tree5_robot_leaf1_segment_7_window_10_contact.wav,leaf,1,umass_tree5_robot_leaf1_segment_7,1,leaf,1.0000000000000002e-12,0.913801170340149,0.0019794296394489014,0.08421940001940226
audio/umass_tree5_robot_leaf1_segment_7_window_11_contact.wav,leaf,1,umass_tree5_robot_leaf1_segment_7,1,leaf,1.0000000000000002e-12,0.913801170340149,0.0019794296394489014,0.08421940001940226
audio/umass_tree5_robot_leaf1_segment_7_window_12_contact.wav,leaf,1,umass_tree5_robot_leaf1_segment_7,1,leaf,1.0000000000000002e-12,0.913801170340149,0.0019794296394489014,0.08421940001940226
audio/umass_tree5_robot_leaf1_segment_7_window_13_contact.wav,leaf,1,umass_tree5_robot_leaf1_segment_7,1,leaf,1.0000000000000002e-12,0.913801170340149,0.0019794296394489014,0.08421940001940226
audio/umass_tree1_robot_twig2_segment_0_window_0_ambient.wav,ambient,0,umass_tree1_robot_twig2_segment_0,0,ambient,0.9999999999950046,2.9954889244560516e-12,1.0000000000000002e-12,1.0000000000000002e-12
audio/umass_tree1_robot_twig2_segment_0_window_1_ambient.wav,ambient,0,umass_tree1_robot_twig2_segment_0,0,ambient,0.9999999999950046,2.9954889244560516e-12,1.0000000000000002e-12,1.0000000000000002e-12
audio/umass_tree1_robot_twig2_segment_0_window_2_ambient.wav,ambient,0,umass_tree1_robot_twig2_segment_0,0,ambient,0.9999999999950046,2.9954889244560516e-12,1.0000000000000002e-12,1.0000000000000002e-12
audio/umass_tree1_robot_twig2_segment_0_window_3_ambient.wav,ambient,0,umass_tree1_robot_twig2_segment_0,0,ambient,0.9999999999950046,2.9954889244560516e-12,1.0000000000000002e-12,1.0000000000000002e-12
audio/umass_tree1_robot_twig2_segment_1_window_0_contact.wav,twig,3,umass_tree1_robot_twig2_segment_1,1,leaf,1e-12,0.9984963081530108,0.0014962612349631312,7.430611026138989e-06
audio/umass_tree1_robot_twig2_segment_1_window_1_contact.wav,twig,3,umass_tree1_robot_twig2_segment_1,1,leaf,1e-12,0.9984963081530108,0.0014962612349631312,7.430611026138989e-06
audio/umass_tree1_robot_twig2_segment_1_window_2_contact.wav,twig,3,umass_tree1_robot_twig2_segment_1,1,leaf,1e-12,0.9984963081530108,0.0014962612349631312,7.430611026138989e-06
audio/umass_tree1_robot_twig2_segment_1_window_3_contact.wav,twig,3,umass_tree1_robot_twig2_segment_1,1,leaf,1e-12,0.9984963081530108,0.0014962612349631312,7.430611026138989e-06
audio/umass_tree1_robot_twig2_segment_1_window_4_contact.wav,twig,3,umass_tree1_robot_twig2_segment_1,1,leaf,1e-12,0.9984963081530108,0.0014962612349631312,7.430611026138989e-06
audio/umass_tree1_robot_twig2_segment_1_window_5_contact.wav,twig,3,umass_tree1_robot_twig2_segment_1,1,leaf,1e-12,0.9984963081530108,0.0014962612349631312,7.430611026138989e-06
audio/umass_tree1_robot_twig2_segment_1_window_6_contact.wav,twig,3,umass_tree1_robot_twig2_segment_1,1,leaf,1e-12,0.9984963081530108,0.0014962612349631312,7.430611026138989e-06
audio/umass_tree1_robot_twig2_segment_1_window_7_contact.wav,twig,3,umass_tree1_robot_twig2_segment_1,1,leaf,1e-12,0.9984963081530108,0.0014962612349631312,7.430611026138989e-06
audio/umass_tree1_robot_twig2_segment_1_window_8_contact.wav,twig,3,umass_tree1_robot_twig2_segment_1,1,leaf,1e-12,0.9984963081530108,0.0014962612349631312,7.430611026138989e-06
audio/umass_tree1_robot_twig2_segment_1_window_9_contact.wav,twig,3,umass_tree1_robot_twig2_segment_1,1,leaf,1e-12,0.9984963081530108,0.0014962612349631312,7.430611026138989e-06
audio/umass_tree1_robot_twig2_segment_1_window_10_contact.wav,twig,3,umass_tree1_robot_twig2_segment_1,1,leaf,1e-12,0.9984963081530108,0.0014962612349631312,7.430611026138989e-06
audio/umass_tree1_robot_twig2_segment_1_window_11_contact.wav,twig,3,umass_tree1_robot_twig2_segment_1,1,leaf,1e-12,0.9984963081530108,0.0014962612349631312,7.430611026138989e-06
audio/umass_tree1_robot_twig2_segment_1_window_12_contact.wav,twig,3,umass_tree1_robot_twig2_segment_1,1,leaf,1e-12,0.9984963081530108,0.0014962612349631312,7.430611026138989e-06
audio/umass_tree1_robot_twig2_segment_1_window_13_contact.wav,twig,3,umass_tree1_robot_twig2_segment_1,1,leaf,1e-12,0.9984963081530108,0.0014962612349631312,7.430611026138989e-06
audio/umass_tree1_robot_twig2_segment_1_window_14_contact.wav,twig,3,umass_tree1_robot_twig2_segment_1,1,leaf,1e-12,0.9984963081530108,0.0014962612349631312,7.430611026138989e-06
audio/umass_tree1_robot_twig2_segment_1_window_15_contact.wav,twig,3,umass_tree1_robot_twig2_segment_1,1,leaf,1e-12,0.9984963081530108,0.0014962612349631312,7.430611026138989e-06
audio/umass_tree1_robot_twig2_segment_1_window_16_contact.wav,twig,3,umass_tree1_robot_twig2_segment_1,1,leaf,1e-12,0.9984963081530108,0.0014962612349631312,7.430611026138989e-06
audio/umass_tree1_robot_twig2_segment_2_window_0_ambient.wav,ambient,0,umass_tree1_robot_twig2_segment_2,0,ambient,0.9999999999950046,2.9954889244560516e-12,1.0000000000000002e-12,1.0000000000000002e-12
audio/umass_tree1_robot_twig2_segment_2_window_1_ambient.wav,ambient,0,umass_tree1_robot_twig2_segment_2,0,ambient,0.9999999999950046,2.9954889244560516e-12,1.0000000000000002e-12,1.0000000000000002e-12
audio/umass_tree1_robot_twig2_segment_2_window_2_ambient.wav,ambient,0,umass_tree1_robot_twig2_segment_2,0,ambient,0.9999999999950046,2.9954889244560516e-12,1.0000000000000002e-12,1.0000000000000002e-12
audio/umass_tree1_robot_twig2_segment_2_window_3_ambient.wav,ambient,0,umass_tree1_robot_twig2_segment_2,0,ambient,0.9999999999950046,2.9954889244560516e-12,1.0000000000000002e-12,1.0000000000000002e-12
audio/umass_tree1_robot_twig2_segment_2_window_4_ambient.wav,ambient,0,umass_tree1_robot_twig2_segment_2,0,ambient,0.9999999999950046,2.9954889244560516e-12,1.0000000000000002e-12,1.0000000000000002e-12
audio/umass_tree1_robot_twig2_segment_2_window_5_ambient.wav,ambient,0,umass_tree1_robot_twig2_segment_2,0,ambient,0.9999999999950046,2.9954889244560516e-12,1.0000000000000002e-12,1.0000000000000002e-12
audio/umass_tree1_robot_twig2_segment_2_window_6_ambient.wav,ambient,0,umass_tree1_robot_twig2_segment_2,0,ambient,0.9999999999950046,2.9954889244560516e-12,1.0000000000000002e-12,1.0000000000000002e-12
audio/umass_tree1_robot_twig2_segment_2_window_7_ambient.wav,ambient,0,umass_tree1_robot_twig2_segment_2,0,ambient,0.9999999999950046,2.9954889244560516e-12,1.0000000000000002e-12,1.0000000000000002e-12
audio/umass_tree1_robot_twig2_segment_2_window_8_ambient.wav,ambient,0,umass_tree1_robot_twig2_segment_2,0,ambient,0.9999999999950046,2.9954889244560516e-12,1.0000000000000002e-12,1.0000000000000002e-12
audio/umass_tree1_robot_twig2_segment_3_window_0_contact.wav,twig,3,umass_tree1_robot_twig2_segment_3,1,leaf,1e-12,0.9984963081530108,0.0014962612349631312,7.430611026138989e-06
audio/umass_tree1_robot_twig2_segment_3_window_1_contact.wav,twig,3,umass_tree1_robot_twig2_segment_3,1,leaf,1e-12,0.9984963081530108,0.0014962612349631312,7.430611026138989e-06
audio/umass_tree1_robot_twig2_segment_3_window_2_contact.wav,twig,3,umass_tree1_robot_twig2_segment_3,1,leaf,1e-12,0.9984963081530108,0.0014962612349631312,7.430611026138989e-06
audio/umass_tree1_robot_twig2_segment_3_window_3_contact.wav,twig,3,umass_tree1_robot_twig2_segment_3,1,leaf,1e-12,0.9984963081530108,0.0014962612349631312,7.430611026138989e-06
audio/umass_tree1_robot_twig2_segment_3_window_4_contact.wav,twig,3,umass_tree1_robot_twig2_segment_3,1,leaf,1e-12,0.9984963081530108,0.0014962612349631312,7.430611026138989e-06
audio/umass_tree1_robot_twig2_segment_3_window_5_contact.wav,twig,3,umass_tree1_robot_twig2_segment_3,1,leaf,1e-12,0.9984963081530108,0.0014962612349631312,7.430611026138989e-06
audio/umass_tree1_robot_twig2_segment_4_window_0_ambient.wav,ambient,0,umass_tree1_robot_twig2_segment_4,0,ambient,0.9999999999950046,2.9954889244560516e-12,1.0000000000000002e-12,1.0000000000000002e-12
audio/umass_tree1_robot_twig2_segment_4_window_1_ambient.wav,ambient,0,umass_tree1_robot_twig2_segment_4,0,ambient,0.9999999999950046,2.9954889244560516e-12,1.0000000000000002e-12,1.0000000000000002e-12
audio/umass_tree1_robot_twig2_segment_4_window_2_ambient.wav,ambient,0,umass_tree1_robot_twig2_segment_4,0,ambient,0.9999999999950046,2.9954889244560516e-12,1.0000000000000002e-12,1.0000000000000002e-12
audio/umass_tree1_robot_twig2_segment_4_window_3_ambient.wav,ambient,0,umass_tree1_robot_twig2_segment_4,0,ambient,0.9999999999950046,2.9954889244560516e-12,1.0000000000000002e-12,1.0000000000000002e-12
audio/umass_tree1_robot_twig2_segment_4_window_4_ambient.wav,ambient,0,umass_tree1_robot_twig2_segment_4,0,ambient,0.9999999999950046,2.9954889244560516e-12,1.0000000000000002e-12,1.0000000000000002e-12
audio/umass_tree1_robot_twig2_segment_4_window_5_ambient.wav,ambient,0,umass_tree1_robot_twig2_segment_4,0,ambient,0.9999999999950046,2.9954889244560516e-12,1.0000000000000002e-12,1.0000000000000002e-12
audio/umass_tree1_robot_twig2_segment_4_window_6_ambient.wav,ambient,0,umass_tree1_robot_twig2_segment_4,0,ambient,0.9999999999950046,2.9954889244560516e-12,1.0000000000000002e-12,1.0000000000000002e-12
audio/umass_tree1_robot_twig2_segment_4_window_7_ambient.wav,ambient,0,umass_tree1_robot_twig2_segment_4,0,ambient,0.9999999999950046,2.9954889244560516e-12,1.0000000000000002e-12,1.0000000000000002e-12
audio/umass_tree1_robot_twig2_segment_4_window_8_ambient.wav,ambient,0,umass_tree1_robot_twig2_segment_4,0,ambient,0.9999999999950046,2.9954889244560516e-12,1.0000000000000002e-12,1.0000000000000002e-12
audio/umass_tree1_robot_twig2_segment_4_window_9_ambient.wav,ambient,0,umass_tree1_robot_twig2_segment_4,0,ambient,0.9999999999950046,2.9954889244560516e-12,1.0000000000000002e-12,1.0000000000000002e-12
audio/umass_tree1_robot_twig2_segment_4_window_10_ambient.wav,ambient,0,umass_tree1_robot_twig2_segment_4,0,ambient,0.9999999999950046,2.9954889244560516e-12,1.0000000000000002e-12,1.0000000000000002e-12
audio/umass_tree1_robot_twig2_segment_5_window_0_contact.wav,twig,3,umass_tree1_robot_twig2_segment_5,1,leaf,1e-12,0.9984963081530108,0.0014962612349631312,7.430611026138989e-06
audio/umass_tree1_robot_twig2_segment_5_window_1_contact.wav,twig,3,umass_tree1_robot_twig2_segment_5,1,leaf,1e-12,0.9984963081530108,0.0014962612349631312,7.430611026138989e-06
audio/umass_tree1_robot_twig2_segment_5_window_2_contact.wav,twig,3,umass_tree1_robot_twig2_segment_5,1,leaf,1e-12,0.9984963081530108,0.0014962612349631312,7.430611026138989e-06
audio/umass_tree1_robot_twig2_segment_5_window_3_contact.wav,twig,3,umass_tree1_robot_twig2_segment_5,1,leaf,1e-12,0.9984963081530108,0.0014962612349631312,7.430611026138989e-06
audio/umass_tree1_robot_twig2_segment_5_window_4_contact.wav,twig,3,umass_tree1_robot_twig2_segment_5,1,leaf,1e-12,0.9984963081530108,0.0014962612349631312,7.430611026138989e-06
audio/umass_tree1_robot_twig2_segment_5_window_5_contact.wav,twig,3,umass_tree1_robot_twig2_segment_5,1,leaf,1e-12,0.9984963081530108,0.0014962612349631312,7.430611026138989e-06
audio/umass_tree1_robot_twig2_segment_5_window_6_contact.wav,twig,3,umass_tree1_robot_twig2_segment_5,1,leaf,1e-12,0.9984963081530108,0.0014962612349631312,7.430611026138989e-06
audio/umass_tree1_robot_twig2_segment_5_window_7_contact.wav,twig,3,umass_tree1_robot_twig2_segment_5,1,leaf,1e-12,0.9984963081530108,0.0014962612349631312,7.430611026138989e-06
audio/umass_tree1_robot_twig2_segment_5_window_8_contact.wav,twig,3,umass_tree1_robot_twig2_segment_5,1,leaf,1e-12,0.9984963081530108,0.0014962612349631312,7.430611026138989e-06
audio/umass_tree1_robot_twig2_segment_5_window_9_contact.wav,twig,3,umass_tree1_robot_twig2_segment_5,1,leaf,1e-12,0.9984963081530108,0.0014962612349631312,7.430611026138989e-06
audio/umass_tree1_robot_twig2_segment_5_window_10_contact.wav,twig,3,umass_tree1_robot_twig2_segment_5,1,leaf,1e-12,0.9984963081530108,0.0014962612349631312,7.430611026138989e-06
audio/umass_tree1_robot_twig2_segment_5_window_11_contact.wav,twig,3,umass_tree1_robot_twig2_segment_5,1,leaf,1e-12,0.9984963081530108,0.0014962612349631312,7.430611026138989e-06
audio/umass_tree1_robot_twig2_segment_5_window_12_contact.wav,twig,3,umass_tree1_robot_twig2_segment_5,1,leaf,1e-12,0.9984963081530108,0.0014962612349631312,7.430611026138989e-06
audio/umass_tree1_robot_twig2_segment_5_window_13_contact.wav,twig,3,umass_tree1_robot_twig2_segment_5,1,leaf,1e-12,0.9984963081530108,0.0014962612349631312,7.430611026138989e-06
audio/umass_tree1_robot_twig2_segment_5_window_14_contact.wav,twig,3,umass_tree1_robot_twig2_segment_5,1,leaf,1e-12,0.9984963081530108,0.0014962612349631312,7.430611026138989e-06
audio/umass_tree1_robot_twig2_segment_6_window_0_ambient.wav,ambient,0,umass_tree1_robot_twig2_segment_6,0,ambient,0.9999999999950046,2.9954889244560516e-12,1.0000000000000002e-12,1.0000000000000002e-12
audio/umass_tree1_robot_twig2_segment_6_window_1_ambient.wav,ambient,0,umass_tree1_robot_twig2_segment_6,0,ambient,0.9999999999950046,2.9954889244560516e-12,1.0000000000000002e-12,1.0000000000000002e-12
audio/umass_tree1_robot_twig2_segment_6_window_2_ambient.wav,ambient,0,umass_tree1_robot_twig2_segment_6,0,ambient,0.9999999999950046,2.9954889244560516e-12,1.0000000000000002e-12,1.0000000000000002e-12
audio/umass_tree1_robot_twig2_segment_6_window_3_ambient.wav,ambient,0,umass_tree1_robot_twig2_segment_6,0,ambient,0.9999999999950046,2.9954889244560516e-12,1.0000000000000002e-12,1.0000000000000002e-12
audio/umass_tree1_robot_twig2_segment_6_window_4_ambient.wav,ambient,0,umass_tree1_robot_twig2_segment_6,0,ambient,0.9999999999950046,2.9954889244560516e-12,1.0000000000000002e-12,1.0000000000000002e-12
audio/umass_tree1_robot_twig2_segment_6_window_5_ambient.wav,ambient,0,umass_tree1_robot_twig2_segment_6,0,ambient,0.9999999999950046,2.9954889244560516e-12,1.0000000000000002e-12,1.0000000000000002e-12
audio/umass_tree1_robot_twig2_segment_6_window_6_ambient.wav,ambient,0,umass_tree1_robot_twig2_segment_6,0,ambient,0.9999999999950046,2.9954889244560516e-12,1.0000000000000002e-12,1.0000000000000002e-12
audio/umass_tree1_robot_twig2_segment_6_window_7_ambient.wav,ambient,0,umass_tree1_robot_twig2_segment_6,0,ambient,0.9999999999950046,2.9954889244560516e-12,1.0000000000000002e-12,1.0000000000000002e-12
audio/umass_tree1_robot_twig2_segment_6_window_8_ambient.wav,ambient,0,umass_tree1_robot_twig2_segment_6,0,ambient,0.9999999999950046,2.9954889244560516e-12,1.0000000000000002e-12,1.0000000000000002e-12
audio/umass_tree1_robot_twig2_segment_7_window_0_contact.wav,twig,3,umass_tree1_robot_twig2_segment_7,0,ambient,0.9999999999950046,2.9954889244560516e-12,1.0000000000000002e-12,1.0000000000000002e-12
audio/umass_tree1_robot_twig2_segment_7_window_1_contact.wav,twig,3,umass_tree1_robot_twig2_segment_7,0,ambient,0.9999999999950046,2.9954889244560516e-12,1.0000000000000002e-12,1.0000000000000002e-12
audio/umass_tree1_robot_twig2_segment_7_window_2_contact.wav,twig,3,umass_tree1_robot_twig2_segment_7,0,ambient,0.9999999999950046,2.9954889244560516e-12,1.0000000000000002e-12,1.0000000000000002e-12
audio/umass_tree1_robot_twig2_segment_7_window_3_contact.wav,twig,3,umass_tree1_robot_twig2_segment_7,0,ambient,0.9999999999950046,2.9954889244560516e-12,1.0000000000000002e-12,1.0000000000000002e-12
audio/umass_tree1_robot_twig2_segment_7_window_4_contact.wav,twig,3,umass_tree1_robot_twig2_segment_7,0,ambient,0.9999999999950046,2.9954889244560516e-12,1.0000000000000002e-12,1.0000000000000002e-12
audio/umass_tree1_robot_twig2_segment_7_window_5_contact.wav,twig,3,umass_tree1_robot_twig2_segment_7,0,ambient,0.9999999999950046,2.9954889244560516e-12,1.0000000000000002e-12,1.0000000000000002e-12
audio/umass_tree1_robot_twig2_segment_7_window_6_contact.wav,twig,3,umass_tree1_robot_twig2_segment_7,0,ambient,0.9999999999950046,2.9954889244560516e-12,1.0000000000000002e-12,1.0000000000000002e-12
audio/umass_tree1_robot_twig2_segment_7_window_7_contact.wav,twig,3,umass_tree1_robot_twig2_segment_7,0,ambient,0.9999999999950046,2.9954889244560516e-12,1.0000000000000002e-12,1.0000000000000002e-12
audio/umass_tree1_robot_twig2_segment_7_window_8_contact.wav,twig,3,umass_tree1_robot_twig2_segment_7,0,ambient,0.9999999999950046,2.9954889244560516e-12,1.0000000000000002e-12,1.0000000000000002e-12
audio/umass_tree1_robot_twig2_segment_7_window_9_contact.wav,twig,3,umass_tree1_robot_twig2_segment_7,0,ambient,0.9999999999950046,2.9954889244560516e-12,1.0000000000000002e-12,1.0000000000000002e-12
audio/umass_tree1_robot_twig2_segment_7_window_10_contact.wav,twig,3,umass_tree1_robot_twig2_segment_7,0,ambient,0.9999999999950046,2.9954889244560516e-12,1.0000000000000002e-12,1.0000000000000002e-12
audio/umass_tree1_robot_split_1_new_trunk_segment_0_window_0_ambient.wav,ambient,0,umass_tree1_robot_split_1_new_trunk_segment_0,0,ambient,0.9999999999951785,1e-12,1e-12,2.821473980521817e-12
audio/umass_tree1_robot_split_1_new_trunk_segment_0_window_1_ambient.wav,ambient,0,umass_tree1_robot_split_1_new_trunk_segment_0,0,ambient,0.9999999999951785,1e-12,1e-12,2.821473980521817e-12
audio/umass_tree1_robot_split_1_new_trunk_segment_0_window_2_ambient.wav,ambient,0,umass_tree1_robot_split_1_new_trunk_segment_0,0,ambient,0.9999999999951785,1e-12,1e-12,2.821473980521817e-12
audio/umass_tree1_robot_split_1_new_trunk_segment_0_window_3_ambient.wav,ambient,0,umass_tree1_robot_split_1_new_trunk_segment_0,0,ambient,0.9999999999951785,1e-12,1e-12,2.821473980521817e-12
audio/umass_tree1_robot_split_1_new_trunk_segment_0_window_4_ambient.wav,ambient,0,umass_tree1_robot_split_1_new_trunk_segment_0,0,ambient,0.9999999999951785,1e-12,1e-12,2.821473980521817e-12
audio/umass_tree1_robot_split_1_new_trunk_segment_0_window_5_ambient.wav,ambient,0,umass_tree1_robot_split_1_new_trunk_segment_0,0,ambient,0.9999999999951785,1e-12,1e-12,2.821473980521817e-12
audio/umass_tree1_robot_split_1_new_trunk_segment_0_window_6_ambient.wav,ambient,0,umass_tree1_robot_split_1_new_trunk_segment_0,0,ambient,0.9999999999951785,1e-12,1e-12,2.821473980521817e-12
audio/umass_tree1_robot_split_1_new_trunk_segment_0_window_7_ambient.wav,ambient,0,umass_tree1_robot_split_1_new_trunk_segment_0,0,ambient,0.9999999999951785,1e-12,1e-12,2.821473980521817e-12
audio/umass_tree1_robot_split_1_new_trunk_segment_0_window_8_ambient.wav,ambient,0,umass_tree1_robot_split_1_new_trunk_segment_0,0,ambient,0.9999999999951785,1e-12,1e-12,2.821473980521817e-12
audio/umass_tree1_robot_split_1_new_trunk_segment_1_window_0_contact.wav,trunk,2,umass_tree1_robot_split_1_new_trunk_segment_1,3,twig,1e-12,1e-12,0.05950867315662196,0.940491326841378
audio/umass_tree1_robot_split_1_new_trunk_segment_1_window_1_contact.wav,trunk,2,umass_tree1_robot_split_1_new_trunk_segment_1,3,twig,1e-12,1e-12,0.05950867315662196,0.940491326841378
audio/umass_tree1_robot_split_1_new_trunk_segment_1_window_2_contact.wav,trunk,2,umass_tree1_robot_split_1_new_trunk_segment_1,3,twig,1e-12,1e-12,0.05950867315662196,0.940491326841378
audio/umass_tree1_robot_split_1_new_trunk_segment_1_window_3_contact.wav,trunk,2,umass_tree1_robot_split_1_new_trunk_segment_1,3,twig,1e-12,1e-12,0.05950867315662196,0.940491326841378
audio/umass_tree1_robot_split_1_new_trunk_segment_2_window_0_ambient.wav,ambient,0,umass_tree1_robot_split_1_new_trunk_segment_2,0,ambient,0.9999999999951785,1e-12,1e-12,2.821473980521817e-12
audio/umass_tree1_robot_split_1_new_trunk_segment_2_window_1_ambient.wav,ambient,0,umass_tree1_robot_split_1_new_trunk_segment_2,0,ambient,0.9999999999951785,1e-12,1e-12,2.821473980521817e-12
audio/umass_tree1_robot_split_1_new_trunk_segment_2_window_2_ambient.wav,ambient,0,umass_tree1_robot_split_1_new_trunk_segment_2,0,ambient,0.9999999999951785,1e-12,1e-12,2.821473980521817e-12
audio/umass_tree1_robot_split_1_new_trunk_segment_2_window_3_ambient.wav,ambient,0,umass_tree1_robot_split_1_new_trunk_segment_2,0,ambient,0.9999999999951785,1e-12,1e-12,2.821473980521817e-12
audio/umass_tree1_robot_split_1_new_trunk_segment_2_window_4_ambient.wav,ambient,0,umass_tree1_robot_split_1_new_trunk_segment_2,0,ambient,0.9999999999951785,1e-12,1e-12,2.821473980521817e-12
audio/umass_tree1_robot_split_1_new_trunk_segment_2_window_5_ambient.wav,ambient,0,umass_tree1_robot_split_1_new_trunk_segment_2,0,ambient,0.9999999999951785,1e-12,1e-12,2.821473980521817e-12
audio/umass_tree1_robot_split_1_new_trunk_segment_3_window_0_contact.wav,trunk,2,umass_tree1_robot_split_1_new_trunk_segment_3,3,twig,1e-12,1e-12,0.05950867315662196,0.940491326841378
audio/umass_tree1_robot_split_1_new_trunk_segment_3_window_1_contact.wav,trunk,2,umass_tree1_robot_split_1_new_trunk_segment_3,3,twig,1e-12,1e-12,0.05950867315662196,0.940491326841378
audio/umass_tree1_robot_split_1_new_trunk_segment_3_window_2_contact.wav,trunk,2,umass_tree1_robot_split_1_new_trunk_segment_3,3,twig,1e-12,1e-12,0.05950867315662196,0.940491326841378
audio/umass_tree1_robot_split_1_new_trunk_segment_3_window_3_contact.wav,trunk,2,umass_tree1_robot_split_1_new_trunk_segment_3,3,twig,1e-12,1e-12,0.05950867315662196,0.940491326841378
audio/umass_tree1_robot_split_1_new_trunk_segment_3_window_4_contact.wav,trunk,2,umass_tree1_robot_split_1_new_trunk_segment_3,3,twig,1e-12,1e-12,0.05950867315662196,0.940491326841378
audio/umass_tree1_robot_split_1_new_trunk_segment_3_window_5_contact.wav,trunk,2,umass_tree1_robot_split_1_new_trunk_segment_3,3,twig,1e-12,1e-12,0.05950867315662196,0.940491326841378
audio/umass_tree1_robot_split_1_new_trunk_segment_3_window_6_contact.wav,trunk,2,umass_tree1_robot_split_1_new_trunk_segment_3,3,twig,1e-12,1e-12,0.05950867315662196,0.940491326841378
audio/umass_tree1_robot_split_1_new_trunk_segment_3_window_7_contact.wav,trunk,2,umass_tree1_robot_split_1_new_trunk_segment_3,3,twig,1e-12,1e-12,0.05950867315662196,0.940491326841378
audio/umass_tree1_robot_split_1_new_trunk_segment_3_window_8_contact.wav,trunk,2,umass_tree1_robot_split_1_new_trunk_segment_3,3,twig,1e-12,1e-12,0.05950867315662196,0.940491326841378
audio/umass_tree1_robot_split_1_new_trunk_segment_3_window_9_contact.wav,trunk,2,umass_tree1_robot_split_1_new_trunk_segment_3,3,twig,1e-12,1e-12,0.05950867315662196,0.940491326841378
audio/umass_tree1_robot_split_1_new_trunk_segment_3_window_10_contact.wav,trunk,2,umass_tree1_robot_split_1_new_trunk_segment_3,3,twig,1e-12,1e-12,0.05950867315662196,0.940491326841378
audio/umass_tree1_robot_split_1_new_trunk_segment_3_window_11_contact.wav,trunk,2,umass_tree1_robot_split_1_new_trunk_segment_3,3,twig,1e-12,1e-12,0.05950867315662196,0.940491326841378
audio/umass_tree6_robot_trunk2_segment_0_window_0_ambient.wav,ambient,0,umass_tree6_robot_trunk2_segment_0,0,ambient,0.9999999999950074,1.0000000000000002e-12,2.9925530003534096e-12,1.0000000000000002e-12
audio/umass_tree6_robot_trunk2_segment_0_window_1_ambient.wav,ambient,0,umass_tree6_robot_trunk2_segment_0,0,ambient,0.9999999999950074,1.0000000000000002e-12,2.9925530003534096e-12,1.0000000000000002e-12
audio/umass_tree6_robot_trunk2_segment_0_window_2_ambient.wav,ambient,0,umass_tree6_robot_trunk2_segment_0,0,ambient,0.9999999999950074,1.0000000000000002e-12,2.9925530003534096e-12,1.0000000000000002e-12
audio/umass_tree6_robot_trunk2_segment_0_window_3_ambient.wav,ambient,0,umass_tree6_robot_trunk2_segment_0,0,ambient,0.9999999999950074,1.0000000000000002e-12,2.9925530003534096e-12,1.0000000000000002e-12
audio/umass_tree6_robot_trunk2_segment_0_window_4_ambient.wav,ambient,0,umass_tree6_robot_trunk2_segment_0,0,ambient,0.9999999999950074,1.0000000000000002e-12,2.9925530003534096e-12,1.0000000000000002e-12
audio/umass_tree6_robot_trunk2_segment_0_window_5_ambient.wav,ambient,0,umass_tree6_robot_trunk2_segment_0,0,ambient,0.9999999999950074,1.0000000000000002e-12,2.9925530003534096e-12,1.0000000000000002e-12
audio/umass_tree6_robot_trunk2_segment_0_window_6_ambient.wav,ambient,0,umass_tree6_robot_trunk2_segment_0,0,ambient,0.9999999999950074,1.0000000000000002e-12,2.9925530003534096e-12,1.0000000000000002e-12
audio/umass_tree6_robot_trunk2_segment_0_window_7_ambient.wav,ambient,0,umass_tree6_robot_trunk2_segment_0,0,ambient,0.9999999999950074,1.0000000000000002e-12,2.9925530003534096e-12,1.0000000000000002e-12
audio/umass_tree6_robot_trunk2_segment_0_window_8_ambient.wav,ambient,0,umass_tree6_robot_trunk2_segment_0,0,ambient,0.9999999999950074,1.0000000000000002e-12,2.9925530003534096e-12,1.0000000000000002e-12
audio/umass_tree6_robot_trunk2_segment_0_window_9_ambient.wav,ambient,0,umass_tree6_robot_trunk2_segment_0,0,ambient,0.9999999999950074,1.0000000000000002e-12,2.9925530003534096e-12,1.0000000000000002e-12
audio/umass_tree6_robot_trunk2_segment_0_window_10_ambient.wav,ambient,0,umass_tree6_robot_trunk2_segment_0,0,ambient,0.9999999999950074,1.0000000000000002e-12,2.9925530003534096e-12,1.0000000000000002e-12
audio/umass_tree6_robot_trunk2_segment_0_window_11_ambient.wav,ambient,0,umass_tree6_robot_trunk2_segment_0,0,ambient,0.9999999999950074,1.0000000000000002e-12,2.9925530003534096e-12,1.0000000000000002e-12
audio/umass_tree6_robot_trunk2_segment_0_window_12_ambient.wav,ambient,0,umass_tree6_robot_trunk2_segment_0,0,ambient,0.9999999999950074,1.0000000000000002e-12,2.9925530003534096e-12,1.0000000000000002e-12
audio/umass_tree6_robot_trunk2_segment_0_window_13_ambient.wav,ambient,0,umass_tree6_robot_trunk2_segment_0,0,ambient,0.9999999999950074,1.0000000000000002e-12,2.9925530003534096e-12,1.0000000000000002e-12
audio/umass_tree6_robot_trunk2_segment_0_window_14_ambient.wav,ambient,0,umass_tree6_robot_trunk2_segment_0,0,ambient,0.9999999999950074,1.0000000000000002e-12,2.9925530003534096e-12,1.0000000000000002e-12
audio/umass_tree6_robot_trunk2_segment_0_window_15_ambient.wav,ambient,0,umass_tree6_robot_trunk2_segment_0,0,ambient,0.9999999999950074,1.0000000000000002e-12,2.9925530003534096e-12,1.0000000000000002e-12
audio/umass_tree6_robot_trunk2_segment_0_window_16_ambient.wav,ambient,0,umass_tree6_robot_trunk2_segment_0,0,ambient,0.9999999999950074,1.0000000000000002e-12,2.9925530003534096e-12,1.0000000000000002e-12
audio/umass_tree6_robot_trunk2_segment_0_window_17_ambient.wav,ambient,0,umass_tree6_robot_trunk2_segment_0,0,ambient,0.9999999999950074,1.0000000000000002e-12,2.9925530003534096e-12,1.0000000000000002e-12
audio/umass_tree6_robot_trunk2_segment_0_window_18_ambient.wav,ambient,0,umass_tree6_robot_trunk2_segment_0,0,ambient,0.9999999999950074,1.0000000000000002e-12,2.9925530003534096e-12,1.0000000000000002e-12
audio/umass_tree6_robot_trunk2_segment_0_window_19_ambient.wav,ambient,0,umass_tree6_robot_trunk2_segment_0,0,ambient,0.9999999999950074,1.0000000000000002e-12,2.9925530003534096e-12,1.0000000000000002e-12
audio/umass_tree6_robot_trunk2_segment_0_window_20_ambient.wav,ambient,0,umass_tree6_robot_trunk2_segment_0,0,ambient,0.9999999999950074,1.0000000000000002e-12,2.9925530003534096e-12,1.0000000000000002e-12
audio/umass_tree6_robot_trunk2_segment_0_window_21_ambient.wav,ambient,0,umass_tree6_robot_trunk2_segment_0,0,ambient,0.9999999999950074,1.0000000000000002e-12,2.9925530003534096e-12,1.0000000000000002e-12
audio/umass_tree6_robot_trunk2_segment_0_window_22_ambient.wav,ambient,0,umass_tree6_robot_trunk2_segment_0,0,ambient,0.9999999999950074,1.0000000000000002e-12,2.9925530003534096e-12,1.0000000000000002e-12
audio/umass_tree6_robot_trunk2_segment_0_window_23_ambient.wav,ambient,0,umass_tree6_robot_trunk2_segment_0,0,ambient,0.9999999999950074,1.0000000000000002e-12,2.9925530003534096e-12,1.0000000000000002e-12
audio/umass_tree6_robot_trunk2_segment_0_window_24_ambient.wav,ambient,0,umass_tree6_robot_trunk2_segment_0,0,ambient,0.9999999999950074,1.0000000000000002e-12,2.9925530003534096e-12,1.0000000000000002e-12
audio/umass_tree6_robot_trunk2_segment_0_window_25_ambient.wav,ambient,0,umass_tree6_robot_trunk2_segment_0,0,ambient,0.9999999999950074,1.0000000000000002e-12,2.9925530003534096e-12,1.0000000000000002e-12
audio/umass_tree6_robot_trunk2_segment_0_window_26_ambient.wav,ambient,0,umass_tree6_robot_trunk2_segment_0,0,ambient,0.9999999999950074,1.0000000000000002e-12,2.9925530003534096e-12,1.0000000000000002e-12
audio/umass_tree6_robot_trunk2_segment_0_window_27_ambient.wav,ambient,0,umass_tree6_robot_trunk2_segment_0,0,ambient,0.9999999999950074,1.0000000000000002e-12,2.9925530003534096e-12,1.0000000000000002e-12
audio/umass_tree6_robot_trunk2_segment_0_window_28_ambient.wav,ambient,0,umass_tree6_robot_trunk2_segment_0,0,ambient,0.9999999999950074,1.0000000000000002e-12,2.9925530003534096e-12,1.0000000000000002e-12
audio/umass_tree6_robot_trunk2_segment_1_window_0_contact.wav,trunk,2,umass_tree6_robot_trunk2_segment_1,2,trunk,1.0000000000000002e-12,0.0024816530346237074,0.9975176667854597,6.801789165781707e-07
audio/umass_tree6_robot_trunk2_segment_1_window_1_contact.wav,trunk,2,umass_tree6_robot_trunk2_segment_1,2,trunk,1.0000000000000002e-12,0.0024816530346237074,0.9975176667854597,6.801789165781707e-07
audio/umass_tree6_robot_trunk2_segment_1_window_2_contact.wav,trunk,2,umass_tree6_robot_trunk2_segment_1,2,trunk,1.0000000000000002e-12,0.0024816530346237074,0.9975176667854597,6.801789165781707e-07
audio/umass_tree6_robot_trunk2_segment_1_window_3_contact.wav,trunk,2,umass_tree6_robot_trunk2_segment_1,2,trunk,1.0000000000000002e-12,0.0024816530346237074,0.9975176667854597,6.801789165781707e-07
audio/umass_tree6_robot_trunk2_segment_1_window_4_contact.wav,trunk,2,umass_tree6_robot_trunk2_segment_1,2,trunk,1.0000000000000002e-12,0.0024816530346237074,0.9975176667854597,6.801789165781707e-07
audio/umass_tree6_robot_trunk2_segment_1_window_5_contact.wav,trunk,2,umass_tree6_robot_trunk2_segment_1,2,trunk,1.0000000000000002e-12,0.0024816530346237074,0.9975176667854597,6.801789165781707e-07
audio/umass_tree6_robot_trunk2_segment_2_window_0_ambient.wav,ambient,0,umass_tree6_robot_trunk2_segment_2,0,ambient,0.9999999999950074,1.0000000000000002e-12,2.9925530003534096e-12,1.0000000000000002e-12
audio/umass_tree6_robot_trunk2_segment_2_window_1_ambient.wav,ambient,0,umass_tree6_robot_trunk2_segment_2,0,ambient,0.9999999999950074,1.0000000000000002e-12,2.9925530003534096e-12,1.0000000000000002e-12
audio/umass_tree6_robot_trunk2_segment_2_window_2_ambient.wav,ambient,0,umass_tree6_robot_trunk2_segment_2,0,ambient,0.9999999999950074,1.0000000000000002e-12,2.9925530003534096e-12,1.0000000000000002e-12
audio/umass_tree6_robot_trunk2_segment_3_window_0_contact.wav,trunk,2,umass_tree6_robot_trunk2_segment_3,2,trunk,0.08547954273585213,0.0022695224679973027,0.9122503127586168,6.220375338111234e-07
audio/umass_tree6_robot_trunk2_segment_3_window_1_contact.wav,trunk,2,umass_tree6_robot_trunk2_segment_3,2,trunk,0.08547954273585213,0.0022695224679973027,0.9122503127586168,6.220375338111234e-07
audio/umass_tree6_robot_trunk2_segment_3_window_2_contact.wav,trunk,2,umass_tree6_robot_trunk2_segment_3,2,trunk,0.08547954273585213,0.0022695224679973027,0.9122503127586168,6.220375338111234e-07
audio/umass_tree6_robot_trunk2_segment_4_window_0_ambient.wav,ambient,0,umass_tree6_robot_trunk2_segment_4,0,ambient,0.9999999999950074,1.0000000000000002e-12,2.9925530003534096e-12,1.0000000000000002e-12
audio/umass_tree6_robot_trunk2_segment_4_window_1_ambient.wav,ambient,0,umass_tree6_robot_trunk2_segment_4,0,ambient,0.9999999999950074,1.0000000000000002e-12,2.9925530003534096e-12,1.0000000000000002e-12
audio/umass_tree6_robot_trunk2_segment_4_window_2_ambient.wav,ambient,0,umass_tree6_robot_trunk2_segment_4,0,ambient,0.9999999999950074,1.0000000000000002e-12,2.9925530003534096e-12,1.0000000000000002e-12
audio/umass_tree6_robot_trunk2_segment_4_window_3_ambient.wav,ambient,0,umass_tree6_robot_trunk2_segment_4,0,ambient,0.9999999999950074,1.0000000000000002e-12,2.9925530003534096e-12,1.0000000000000002e-12
audio/umass_tree6_robot_trunk2_segment_4_window_4_ambient.wav,ambient,0,umass_tree6_robot_trunk2_segment_4,0,ambient,0.9999999999950074,1.0000000000000002e-12,2.9925530003534096e-12,1.0000000000000002e-12
audio/umass_tree6_robot_trunk2_segment_4_window_5_ambient.wav,ambient,0,umass_tree6_robot_trunk2_segment_4,0,ambient,0.9999999999950074,1.0000000000000002e-12,2.9925530003534096e-12,1.0000000000000002e-12
audio/umass_tree6_robot_trunk2_segment_4_window_6_ambient.wav,ambient,0,umass_tree6_robot_trunk2_segment_4,0,ambient,0.9999999999950074,1.0000000000000002e-12,2.9925530003534096e-12,1.0000000000000002e-12
audio/umass_tree6_robot_trunk2_segment_4_window_7_ambient.wav,ambient,0,umass_tree6_robot_trunk2_segment_4,0,ambient,0.9999999999950074,1.0000000000000002e-12,2.9925530003534096e-12,1.0000000000000002e-12
audio/umass_tree6_robot_trunk2_segment_4_window_8_ambient.wav,ambient,0,umass_tree6_robot_trunk2_segment_4,0,ambient,0.9999999999950074,1.0000000000000002e-12,2.9925530003534096e-12,1.0000000000000002e-12
audio/umass_tree6_robot_trunk2_segment_4_window_9_ambient.wav,ambient,0,umass_tree6_robot_trunk2_segment_4,0,ambient,0.9999999999950074,1.0000000000000002e-12,2.9925530003534096e-12,1.0000000000000002e-12
audio/umass_tree6_robot_trunk2_segment_5_window_0_ambient.wav,ambient,0,umass_tree6_robot_trunk2_segment_5,0,ambient,0.9999999999950074,1.0000000000000002e-12,2.9925530003534096e-12,1.0000000000000002e-12
audio/umass_tree6_robot_trunk2_segment_5_window_1_ambient.wav,ambient,0,umass_tree6_robot_trunk2_segment_5,0,ambient,0.9999999999950074,1.0000000000000002e-12,2.9925530003534096e-12,1.0000000000000002e-12
audio/umass_tree6_robot_trunk2_segment_5_window_2_ambient.wav,ambient,0,umass_tree6_robot_trunk2_segment_5,0,ambient,0.9999999999950074,1.0000000000000002e-12,2.9925530003534096e-12,1.0000000000000002e-12
audio/umass_tree6_robot_trunk2_segment_5_window_3_ambient.wav,ambient,0,umass_tree6_robot_trunk2_segment_5,0,ambient,0.9999999999950074,1.0000000000000002e-12,2.9925530003534096e-12,1.0000000000000002e-12
audio/umass_tree6_robot_trunk2_segment_5_window_4_ambient.wav,ambient,0,umass_tree6_robot_trunk2_segment_5,0,ambient,0.9999999999950074,1.0000000000000002e-12,2.9925530003534096e-12,1.0000000000000002e-12
audio/umass_tree6_robot_trunk2_segment_5_window_5_ambient.wav,ambient,0,umass_tree6_robot_trunk2_segment_5,0,ambient,0.9999999999950074,1.0000000000000002e-12,2.9925530003534096e-12,1.0000000000000002e-12
audio/umass_tree6_robot_trunk2_segment_5_window_6_ambient.wav,ambient,0,umass_tree6_robot_trunk2_segment_5,0,ambient,0.9999999999950074,1.0000000000000002e-12,2.9925530003534096e-12,1.0000000000000002e-12
audio/umass_tree6_robot_trunk2_segment_5_window_7_ambient.wav,ambient,0,umass_tree6_robot_trunk2_segment_5,0,ambient,0.9999999999950074,1.0000000000000002e-12,2.9925530003534096e-12,1.0000000000000002e-12
audio/umass_tree6_robot_trunk2_segment_5_window_8_ambient.wav,ambient,0,umass_tree6_robot_trunk2_segment_5,0,ambient,0.9999999999950074,1.0000000000000002e-12,2.9925530003534096e-12,1.0000000000000002e-12
audio/umass_tree6_robot_trunk2_segment_5_window_9_ambient.wav,ambient,0,umass_tree6_robot_trunk2_segment_5,0,ambient,0.9999999999950074,1.0000000000000002e-12,2.9925530003534096e-12,1.0000000000000002e-12
audio/umass_tree6_robot_trunk2_segment_5_window_10_ambient.wav,ambient,0,umass_tree6_robot_trunk2_segment_5,0,ambient,0.9999999999950074,1.0000000000000002e-12,2.9925530003534096e-12,1.0000000000000002e-12
audio/umass_tree6_robot_trunk2_segment_5_window_11_ambient.wav,ambient,0,umass_tree6_robot_trunk2_segment_5,0,ambient,0.9999999999950074,1.0000000000000002e-12,2.9925530003534096e-12,1.0000000000000002e-12
audio/umass_tree6_robot_trunk2_segment_5_window_12_ambient.wav,ambient,0,umass_tree6_robot_trunk2_segment_5,0,ambient,0.9999999999950074,1.0000000000000002e-12,2.9925530003534096e-12,1.0000000000000002e-12
audio/umass_tree6_robot_trunk2_segment_5_window_13_ambient.wav,ambient,0,umass_tree6_robot_trunk2_segment_5,0,ambient,0.9999999999950074,1.0000000000000002e-12,2.9925530003534096e-12,1.0000000000000002e-12
audio/umass_tree6_robot_trunk2_segment_5_window_14_ambient.wav,ambient,0,umass_tree6_robot_trunk2_segment_5,0,ambient,0.9999999999950074,1.0000000000000002e-12,2.9925530003534096e-12,1.0000000000000002e-12
audio/umass_tree6_robot_trunk2_segment_5_window_15_ambient.wav,ambient,0,umass_tree6_robot_trunk2_segment_5,0,ambient,0.9999999999950074,1.0000000000000002e-12,2.9925530003534096e-12,1.0000000000000002e-12
audio/umass_tree6_robot_trunk2_segment_5_window_16_ambient.wav,ambient,0,umass_tree6_robot_trunk2_segment_5,0,ambient,0.9999999999950074,1.0000000000000002e-12,2.9925530003534096e-12,1.0000000000000002e-12
audio/umass_tree6_robot_trunk2_segment_5_window_17_ambient.wav,ambient,0,umass_tree6_robot_trunk2_segment_5,0,ambient,0.9999999999950074,1.0000000000000002e-12,2.9925530003534096e-12,1.0000000000000002e-12
audio/umass_tree6_robot_trunk2_segment_5_window_18_ambient.wav,ambient,0,umass_tree6_robot_trunk2_segment_5,0,ambient,0.9999999999950074,1.0000000000000002e-12,2.9925530003534096e-12,1.0000000000000002e-12
audio/umass_tree6_robot_trunk2_segment_5_window_19_ambient.wav,ambient,0,umass_tree6_robot_trunk2_segment_5,0,ambient,0.9999999999950074,1.0000000000000002e-12,2.9925530003534096e-12,1.0000000000000002e-12
audio/umass_tree6_robot_trunk2_segment_5_window_20_ambient.wav,ambient,0,umass_tree6_robot_trunk2_segment_5,0,ambient,0.9999999999950074,1.0000000000000002e-12,2.9925530003534096e-12,1.0000000000000002e-12
audio/umass_tree6_robot_trunk2_segment_6_window_0_contact.wav,trunk,2,umass_tree6_robot_trunk2_segment_6,2,trunk,1.571835708924496e-06,0.0024816491338753317,0.9975160988525682,6.801778474493413e-07
audio/umass_tree6_robot_trunk2_segment_6_window_1_contact.wav,trunk,2,umass_tree6_robot_trunk2_segment_6,2,trunk,1.571835708924496e-06,0.0024816491338753317,0.9975160988525682,6.801778474493413e-07
audio/umass_tree6_robot_trunk2_segment_6_window_2_contact.wav,trunk,2,umass_tree6_robot_trunk2_segment_6,2,trunk,1.571835708924496e-06,0.0024816491338753317,0.9975160988525682,6.801778474493413e-07
audio/umass_tree6_robot_trunk2_segment_6_window_3_contact.wav,trunk,2,umass_tree6_robot_trunk2_segment_6,2,trunk,1.571835708924496e-06,0.0024816491338753317,0.9975160988525682,6.801778474493413e-07
audio/umass_tree6_robot_trunk2_segment_6_window_4_contact.wav,trunk,2,umass_tree6_robot_trunk2_segment_6,2,trunk,1.571835708924496e-06,0.0024816491338753317,0.9975160988525682,6.801778474493413e-07
audio/umass_tree6_robot_trunk2_segment_6_window_5_contact.wav,trunk,2,umass_tree6_robot_trunk2_segment_6,2,trunk,1.571835708924496e-06,0.0024816491338753317,0.9975160988525682,6.801778474493413e-07
audio/umass_tree6_robot_trunk2_segment_6_window_6_contact.wav,trunk,2,umass_tree6_robot_trunk2_segment_6,2,trunk,1.571835708924496e-06,0.0024816491338753317,0.9975160988525682,6.801778474493413e-07
audio/umass_tree6_robot_trunk2_segment_6_window_7_contact.wav,trunk,2,umass_tree6_robot_trunk2_segment_6,2,trunk,1.571835708924496e-06,0.0024816491338753317,0.9975160988525682,6.801778474493413e-07
audio/umass_tree6_robot_trunk2_segment_6_window_8_contact.wav,trunk,2,umass_tree6_robot_trunk2_segment_6,2,trunk,1.571835708924496e-06,0.0024816491338753317,0.9975160988525682,6.801778474493413e-07
audio/umass_tree6_robot_trunk2_segment_6_window_9_contact.wav,trunk,2,umass_tree6_robot_trunk2_segment_6,2,trunk,1.571835708924496e-06,0.0024816491338753317,0.9975160988525682,6.801778474493413e-07
audio/umass_tree7_robot_twig2_segment_0_window_0_ambient.wav,ambient,0,umass_tree7_robot_twig2_segment_0,0,ambient,0.999999999995,1e-12,1e-12,2.999999999988001e-12
audio/umass_tree7_robot_twig2_segment_0_window_1_ambient.wav,ambient,0,umass_tree7_robot_twig2_segment_0,0,ambient,0.999999999995,1e-12,1e-12,2.999999999988001e-12
audio/umass_tree7_robot_twig2_segment_0_window_2_ambient.wav,ambient,0,umass_tree7_robot_twig2_segment_0,0,ambient,0.999999999995,1e-12,1e-12,2.999999999988001e-12
audio/umass_tree7_robot_twig2_segment_0_window_3_ambient.wav,ambient,0,umass_tree7_robot_twig2_segment_0,0,ambient,0.999999999995,1e-12,1e-12,2.999999999988001e-12
audio/umass_tree7_robot_twig2_segment_0_window_4_ambient.wav,ambient,0,umass_tree7_robot_twig2_segment_0,0,ambient,0.999999999995,1e-12,1e-12,2.999999999988001e-12
audio/umass_tree7_robot_twig2_segment_0_window_5_ambient.wav,ambient,0,umass_tree7_robot_twig2_segment_0,0,ambient,0.999999999995,1e-12,1e-12,2.999999999988001e-12
audio/umass_tree7_robot_twig2_segment_0_window_6_ambient.wav,ambient,0,umass_tree7_robot_twig2_segment_0,0,ambient,0.999999999995,1e-12,1e-12,2.999999999988001e-12
audio/umass_tree7_robot_twig2_segment_0_window_7_ambient.wav,ambient,0,umass_tree7_robot_twig2_segment_0,0,ambient,0.999999999995,1e-12,1e-12,2.999999999988001e-12
audio/umass_tree7_robot_twig2_segment_1_window_0_ambient.wav,ambient,0,umass_tree7_robot_twig2_segment_1,0,ambient,0.999999999995,1e-12,1e-12,2.999999999988001e-12
audio/umass_tree7_robot_twig2_segment_1_window_1_ambient.wav,ambient,0,umass_tree7_robot_twig2_segment_1,0,ambient,0.999999999995,1e-12,1e-12,2.999999999988001e-12
audio/umass_tree7_robot_twig2_segment_1_window_2_ambient.wav,ambient,0,umass_tree7_robot_twig2_segment_1,0,ambient,0.999999999995,1e-12,1e-12,2.999999999988001e-12
audio/umass_tree7_robot_twig2_segment_1_window_3_ambient.wav,ambient,0,umass_tree7_robot_twig2_segment_1,0,ambient,0.999999999995,1e-12,1e-12,2.999999999988001e-12
audio/umass_tree7_robot_twig2_segment_1_window_4_ambient.wav,ambient,0,umass_tree7_robot_twig2_segment_1,0,ambient,0.999999999995,1e-12,1e-12,2.999999999988001e-12
audio/umass_tree7_robot_twig2_segment_1_window_5_ambient.wav,ambient,0,umass_tree7_robot_twig2_segment_1,0,ambient,0.999999999995,1e-12,1e-12,2.999999999988001e-12
audio/umass_tree7_robot_twig2_segment_1_window_6_ambient.wav,ambient,0,umass_tree7_robot_twig2_segment_1,0,ambient,0.999999999995,1e-12,1e-12,2.999999999988001e-12
audio/umass_tree7_robot_twig2_segment_1_window_7_ambient.wav,ambient,0,umass_tree7_robot_twig2_segment_1,0,ambient,0.999999999995,1e-12,1e-12,2.999999999988001e-12
audio/umass_tree7_robot_twig2_segment_1_window_8_ambient.wav,ambient,0,umass_tree7_robot_twig2_segment_1,0,ambient,0.999999999995,1e-12,1e-12,2.999999999988001e-12
audio/umass_tree7_robot_twig2_segment_2_window_0_contact.wav,twig,3,umass_tree7_robot_twig2_segment_2,3,twig,1.000088900582341e-12,1e-12,1e-12,0.999999999997
audio/umass_tree7_robot_twig2_segment_2_window_1_contact.wav,twig,3,umass_tree7_robot_twig2_segment_2,3,twig,1.000088900582341e-12,1e-12,1e-12,0.999999999997
audio/umass_tree7_robot_twig2_segment_2_window_2_contact.wav,twig,3,umass_tree7_robot_twig2_segment_2,3,twig,1.000088900582341e-12,1e-12,1e-12,0.999999999997
audio/umass_tree7_robot_twig2_segment_2_window_3_contact.wav,twig,3,umass_tree7_robot_twig2_segment_2,3,twig,1.000088900582341e-12,1e-12,1e-12,0.999999999997
audio/umass_tree7_robot_twig2_segment_2_window_4_contact.wav,twig,3,umass_tree7_robot_twig2_segment_2,3,twig,1.000088900582341e-12,1e-12,1e-12,0.999999999997
audio/umass_tree7_robot_twig2_segment_2_window_5_contact.wav,twig,3,umass_tree7_robot_twig2_segment_2,3,twig,1.000088900582341e-12,1e-12,1e-12,0.999999999997
audio/umass_tree7_robot_twig2_segment_3_window_0_ambient.wav,ambient,0,umass_tree7_robot_twig2_segment_3,0,ambient,0.999999999995,1e-12,1e-12,2.999999999988001e-12
audio/umass_tree7_robot_twig2_segment_3_window_1_ambient.wav,ambient,0,umass_tree7_robot_twig2_segment_3,0,ambient,0.999999999995,1e-12,1e-12,2.999999999988001e-12
audio/umass_tree7_robot_twig2_segment_3_window_2_ambient.wav,ambient,0,umass_tree7_robot_twig2_segment_3,0,ambient,0.999999999995,1e-12,1e-12,2.999999999988001e-12
audio/umass_tree7_robot_twig2_segment_4_window_0_ambient.wav,ambient,0,umass_tree7_robot_twig2_segment_4,0,ambient,0.999999999995,1e-12,1e-12,2.999999999988001e-12
audio/umass_tree7_robot_twig2_segment_4_window_1_ambient.wav,ambient,0,umass_tree7_robot_twig2_segment_4,0,ambient,0.999999999995,1e-12,1e-12,2.999999999988001e-12
audio/umass_tree7_robot_twig2_segment_4_window_2_ambient.wav,ambient,0,umass_tree7_robot_twig2_segment_4,0,ambient,0.999999999995,1e-12,1e-12,2.999999999988001e-12
audio/umass_tree7_robot_twig2_segment_4_window_3_ambient.wav,ambient,0,umass_tree7_robot_twig2_segment_4,0,ambient,0.999999999995,1e-12,1e-12,2.999999999988001e-12
audio/umass_tree7_robot_twig2_segment_4_window_4_ambient.wav,ambient,0,umass_tree7_robot_twig2_segment_4,0,ambient,0.999999999995,1e-12,1e-12,2.999999999988001e-12
audio/umass_tree7_robot_twig2_segment_4_window_5_ambient.wav,ambient,0,umass_tree7_robot_twig2_segment_4,0,ambient,0.999999999995,1e-12,1e-12,2.999999999988001e-12
audio/umass_tree7_robot_twig2_segment_4_window_6_ambient.wav,ambient,0,umass_tree7_robot_twig2_segment_4,0,ambient,0.999999999995,1e-12,1e-12,2.999999999988001e-12
audio/umass_tree7_robot_twig2_segment_4_window_7_ambient.wav,ambient,0,umass_tree7_robot_twig2_segment_4,0,ambient,0.999999999995,1e-12,1e-12,2.999999999988001e-12
audio/umass_tree7_robot_twig2_segment_4_window_8_ambient.wav,ambient,0,umass_tree7_robot_twig2_segment_4,0,ambient,0.999999999995,1e-12,1e-12,2.999999999988001e-12
audio/umass_tree7_robot_twig2_segment_4_window_9_ambient.wav,ambient,0,umass_tree7_robot_twig2_segment_4,0,ambient,0.999999999995,1e-12,1e-12,2.999999999988001e-12
audio/umass_tree7_robot_twig2_segment_4_window_10_ambient.wav,ambient,0,umass_tree7_robot_twig2_segment_4,0,ambient,0.999999999995,1e-12,1e-12,2.999999999988001e-12
audio/umass_tree7_robot_twig2_segment_4_window_11_ambient.wav,ambient,0,umass_tree7_robot_twig2_segment_4,0,ambient,0.999999999995,1e-12,1e-12,2.999999999988001e-12
audio/umass_tree7_robot_twig2_segment_4_window_12_ambient.wav,ambient,0,umass_tree7_robot_twig2_segment_4,0,ambient,0.999999999995,1e-12,1e-12,2.999999999988001e-12
audio/umass_tree7_robot_twig2_segment_4_window_13_ambient.wav,ambient,0,umass_tree7_robot_twig2_segment_4,0,ambient,0.999999999995,1e-12,1e-12,2.999999999988001e-12
audio/umass_tree1_robot_trunk1_segment_0_window_0_ambient.wav,ambient,0,umass_tree1_robot_trunk1_segment_0,0,ambient,0.9999999999955141,1.0000000000000002e-12,1.0000000000000002e-12,2.4859364472791988e-12
audio/umass_tree1_robot_trunk1_segment_0_window_1_ambient.wav,ambient,0,umass_tree1_robot_trunk1_segment_0,0,ambient,0.9999999999955141,1.0000000000000002e-12,1.0000000000000002e-12,2.4859364472791988e-12
audio/umass_tree1_robot_trunk1_segment_0_window_2_ambient.wav,ambient,0,umass_tree1_robot_trunk1_segment_0,0,ambient,0.9999999999955141,1.0000000000000002e-12,1.0000000000000002e-12,2.4859364472791988e-12
audio/umass_tree1_robot_trunk1_segment_1_window_0_ambient.wav,ambient,0,umass_tree1_robot_trunk1_segment_1,0,ambient,0.9999999999955141,1.0000000000000002e-12,1.0000000000000002e-12,2.4859364472791988e-12
audio/umass_tree1_robot_trunk1_segment_1_window_1_ambient.wav,ambient,0,umass_tree1_robot_trunk1_segment_1,0,ambient,0.9999999999955141,1.0000000000000002e-12,1.0000000000000002e-12,2.4859364472791988e-12
audio/umass_tree1_robot_trunk1_segment_1_window_2_ambient.wav,ambient,0,umass_tree1_robot_trunk1_segment_1,0,ambient,0.9999999999955141,1.0000000000000002e-12,1.0000000000000002e-12,2.4859364472791988e-12
audio/umass_tree1_robot_trunk1_segment_2_window_0_contact.wav,trunk,2,umass_tree1_robot_trunk1_segment_2,3,twig,0.000272521782904378,0.018721674328913886,0.15258614540481796,0.8284196584833637
audio/umass_tree1_robot_trunk1_segment_3_window_0_ambient.wav,ambient,0,umass_tree1_robot_trunk1_segment_3,0,ambient,0.9999999999955141,1.0000000000000002e-12,1.0000000000000002e-12,2.4859364472791988e-12
audio/umass_tree1_robot_trunk1_segment_3_window_1_ambient.wav,ambient,0,umass_tree1_robot_trunk1_segment_3,0,ambient,0.9999999999955141,1.0000000000000002e-12,1.0000000000000002e-12,2.4859364472791988e-12
audio/umass_tree1_robot_trunk1_segment_3_window_2_ambient.wav,ambient,0,umass_tree1_robot_trunk1_segment_3,0,ambient,0.9999999999955141,1.0000000000000002e-12,1.0000000000000002e-12,2.4859364472791988e-12
audio/umass_tree1_robot_trunk1_segment_3_window_3_ambient.wav,ambient,0,umass_tree1_robot_trunk1_segment_3,0,ambient,0.9999999999955141,1.0000000000000002e-12,1.0000000000000002e-12,2.4859364472791988e-12
audio/umass_tree1_robot_trunk1_segment_3_window_4_ambient.wav,ambient,0,umass_tree1_robot_trunk1_segment_3,0,ambient,0.9999999999955141,1.0000000000000002e-12,1.0000000000000002e-12,2.4859364472791988e-12
audio/umass_tree1_robot_trunk1_segment_3_window_5_ambient.wav,ambient,0,umass_tree1_robot_trunk1_segment_3,0,ambient,0.9999999999955141,1.0000000000000002e-12,1.0000000000000002e-12,2.4859364472791988e-12
audio/umass_tree1_robot_trunk1_segment_3_window_6_ambient.wav,ambient,0,umass_tree1_robot_trunk1_segment_3,0,ambient,0.9999999999955141,1.0000000000000002e-12,1.0000000000000002e-12,2.4859364472791988e-12
audio/umass_tree1_robot_trunk1_segment_3_window_7_ambient.wav,ambient,0,umass_tree1_robot_trunk1_segment_3,0,ambient,0.9999999999955141,1.0000000000000002e-12,1.0000000000000002e-12,2.4859364472791988e-12
audio/umass_tree1_robot_trunk1_segment_3_window_8_ambient.wav,ambient,0,umass_tree1_robot_trunk1_segment_3,0,ambient,0.9999999999955141,1.0000000000000002e-12,1.0000000000000002e-12,2.4859364472791988e-12
audio/umass_tree1_robot_trunk1_segment_3_window_9_ambient.wav,ambient,0,umass_tree1_robot_trunk1_segment_3,0,ambient,0.9999999999955141,1.0000000000000002e-12,1.0000000000000002e-12,2.4859364472791988e-12
audio/umass_tree1_robot_trunk1_segment_3_window_10_ambient.wav,ambient,0,umass_tree1_robot_trunk1_segment_3,0,ambient,0.9999999999955141,1.0000000000000002e-12,1.0000000000000002e-12,2.4859364472791988e-12
audio/umass_tree1_robot_trunk1_segment_4_window_0_contact.wav,trunk,2,umass_tree1_robot_trunk1_segment_4,3,twig,1e-12,0.018726777783764848,0.1526277397884332,0.8286454824268019
audio/umass_tree1_robot_trunk1_segment_4_window_1_contact.wav,trunk,2,umass_tree1_robot_trunk1_segment_4,3,twig,1e-12,0.018726777783764848,0.1526277397884332,0.8286454824268019
audio/umass_tree1_robot_trunk1_segment_4_window_2_contact.wav,trunk,2,umass_tree1_robot_trunk1_segment_4,3,twig,1e-12,0.018726777783764848,0.1526277397884332,0.8286454824268019
audio/umass_tree1_robot_trunk1_segment_4_window_3_contact.wav,trunk,2,umass_tree1_robot_trunk1_segment_4,3,twig,1e-12,0.018726777783764848,0.1526277397884332,0.8286454824268019
audio/umass_tree1_robot_trunk1_segment_5_window_0_contact.wav,trunk,2,umass_tree1_robot_trunk1_segment_5,3,twig,1e-12,0.018726777783764848,0.1526277397884332,0.8286454824268019
audio/umass_tree1_robot_trunk1_segment_5_window_1_contact.wav,trunk,2,umass_tree1_robot_trunk1_segment_5,3,twig,1e-12,0.018726777783764848,0.1526277397884332,0.8286454824268019
audio/umass_tree1_robot_trunk1_segment_5_window_2_contact.wav,trunk,2,umass_tree1_robot_trunk1_segment_5,3,twig,1e-12,0.018726777783764848,0.1526277397884332,0.8286454824268019
audio/umass_tree1_robot_trunk1_segment_5_window_3_contact.wav,trunk,2,umass_tree1_robot_trunk1_segment_5,3,twig,1e-12,0.018726777783764848,0.1526277397884332,0.8286454824268019
audio/umass_tree1_robot_trunk1_segment_5_window_4_contact.wav,trunk,2,umass_tree1_robot_trunk1_segment_5,3,twig,1e-12,0.018726777783764848,0.1526277397884332,0.8286454824268019
audio/umass_tree1_robot_trunk1_segment_5_window_5_contact.wav,trunk,2,umass_tree1_robot_trunk1_segment_5,3,twig,1e-12,0.018726777783764848,0.1526277397884332,0.8286454824268019
audio/umass_tree1_robot_trunk1_segment_5_window_6_contact.wav,trunk,2,umass_tree1_robot_trunk1_segment_5,3,twig,1e-12,0.018726777783764848,0.1526277397884332,0.8286454824268019
audio/umass_tree1_robot_trunk1_segment_5_window_7_contact.wav,trunk,2,umass_tree1_robot_trunk1_segment_5,3,twig,1e-12,0.018726777783764848,0.1526277397884332,0.8286454824268019
audio/umass_tree1_robot_trunk1_segment_5_window_8_contact.wav,trunk,2,umass_tree1_robot_trunk1_segment_5,3,twig,1e-12,0.018726777783764848,0.1526277397884332,0.8286454824268019
audio/umass_tree1_robot_trunk1_segment_5_window_9_contact.wav,trunk,2,umass_tree1_robot_trunk1_segment_5,3,twig,1e-12,0.018726777783764848,0.1526277397884332,0.8286454824268019
audio/umass_tree1_robot_trunk1_segment_5_window_10_contact.wav,trunk,2,umass_tree1_robot_trunk1_segment_5,3,twig,1e-12,0.018726777783764848,0.1526277397884332,0.8286454824268019
audio/umass_tree1_robot_trunk1_segment_5_window_11_contact.wav,trunk,2,umass_tree1_robot_trunk1_segment_5,3,twig,1e-12,0.018726777783764848,0.1526277397884332,0.8286454824268019
audio/umass_tree1_robot_trunk1_segment_5_window_12_contact.wav,trunk,2,umass_tree1_robot_trunk1_segment_5,3,twig,1e-12,0.018726777783764848,0.1526277397884332,0.8286454824268019
audio/umass_tree1_robot_trunk1_segment_5_window_13_contact.wav,trunk,2,umass_tree1_robot_trunk1_segment_5,3,twig,1e-12,0.018726777783764848,0.1526277397884332,0.8286454824268019
audio/umass_tree1_robot_trunk1_segment_5_window_14_contact.wav,trunk,2,umass_tree1_robot_trunk1_segment_5,3,twig,1e-12,0.018726777783764848,0.1526277397884332,0.8286454824268019
audio/umass_tree1_robot_trunk1_segment_5_window_15_contact.wav,trunk,2,umass_tree1_robot_trunk1_segment_5,3,twig,1e-12,0.018726777783764848,0.1526277397884332,0.8286454824268019
audio/umass_tree1_robot_trunk1_segment_5_window_16_contact.wav,trunk,2,umass_tree1_robot_trunk1_segment_5,3,twig,1e-12,0.018726777783764848,0.1526277397884332,0.8286454824268019
audio/umass_tree1_robot_trunk1_segment_5_window_17_contact.wav,trunk,2,umass_tree1_robot_trunk1_segment_5,3,twig,1e-12,0.018726777783764848,0.1526277397884332,0.8286454824268019
audio/umass_tree1_robot_trunk1_segment_5_window_18_contact.wav,trunk,2,umass_tree1_robot_trunk1_segment_5,3,twig,1e-12,0.018726777783764848,0.1526277397884332,0.8286454824268019
audio/umass_tree1_robot_trunk1_segment_5_window_19_contact.wav,trunk,2,umass_tree1_robot_trunk1_segment_5,3,twig,1e-12,0.018726777783764848,0.1526277397884332,0.8286454824268019
audio/umass_tree4_robot_trunk1_segment_0_window_0_ambient.wav,ambient,0,umass_tree4_robot_trunk1_segment_0,0,ambient,0.9999999999950028,1.0000000000000002e-12,1.0000000000000002e-12,2.9973180441050175e-12
audio/umass_tree4_robot_trunk1_segment_0_window_1_ambient.wav,ambient,0,umass_tree4_robot_trunk1_segment_0,0,ambient,0.9999999999950028,1.0000000000000002e-12,1.0000000000000002e-12,2.9973180441050175e-12
audio/umass_tree4_robot_trunk1_segment_0_window_2_ambient.wav,ambient,0,umass_tree4_robot_trunk1_segment_0,0,ambient,0.9999999999950028,1.0000000000000002e-12,1.0000000000000002e-12,2.9973180441050175e-12
audio/umass_tree4_robot_trunk1_segment_0_window_3_ambient.wav,ambient,0,umass_tree4_robot_trunk1_segment_0,0,ambient,0.9999999999950028,1.0000000000000002e-12,1.0000000000000002e-12,2.9973180441050175e-12
audio/umass_tree4_robot_trunk1_segment_0_window_4_ambient.wav,ambient,0,umass_tree4_robot_trunk1_segment_0,0,ambient,0.9999999999950028,1.0000000000000002e-12,1.0000000000000002e-12,2.9973180441050175e-12
audio/umass_tree4_robot_trunk1_segment_0_window_5_ambient.wav,ambient,0,umass_tree4_robot_trunk1_segment_0,0,ambient,0.9999999999950028,1.0000000000000002e-12,1.0000000000000002e-12,2.9973180441050175e-12
audio/umass_tree4_robot_trunk1_segment_0_window_6_ambient.wav,ambient,0,umass_tree4_robot_trunk1_segment_0,0,ambient,0.9999999999950028,1.0000000000000002e-12,1.0000000000000002e-12,2.9973180441050175e-12
audio/umass_tree4_robot_trunk1_segment_0_window_7_ambient.wav,ambient,0,umass_tree4_robot_trunk1_segment_0,0,ambient,0.9999999999950028,1.0000000000000002e-12,1.0000000000000002e-12,2.9973180441050175e-12
audio/umass_tree4_robot_trunk1_segment_0_window_8_ambient.wav,ambient,0,umass_tree4_robot_trunk1_segment_0,0,ambient,0.9999999999950028,1.0000000000000002e-12,1.0000000000000002e-12,2.9973180441050175e-12
audio/umass_tree4_robot_trunk1_segment_0_window_9_ambient.wav,ambient,0,umass_tree4_robot_trunk1_segment_0,0,ambient,0.9999999999950028,1.0000000000000002e-12,1.0000000000000002e-12,2.9973180441050175e-12
audio/umass_tree4_robot_trunk1_segment_0_window_10_ambient.wav,ambient,0,umass_tree4_robot_trunk1_segment_0,0,ambient,0.9999999999950028,1.0000000000000002e-12,1.0000000000000002e-12,2.9973180441050175e-12
audio/umass_tree4_robot_trunk1_segment_0_window_11_ambient.wav,ambient,0,umass_tree4_robot_trunk1_segment_0,0,ambient,0.9999999999950028,1.0000000000000002e-12,1.0000000000000002e-12,2.9973180441050175e-12
audio/umass_tree4_robot_trunk1_segment_1_window_0_ambient.wav,ambient,0,umass_tree4_robot_trunk1_segment_1,0,ambient,0.9999999999950028,1.0000000000000002e-12,1.0000000000000002e-12,2.9973180441050175e-12
audio/umass_tree4_robot_trunk1_segment_1_window_1_ambient.wav,ambient,0,umass_tree4_robot_trunk1_segment_1,0,ambient,0.9999999999950028,1.0000000000000002e-12,1.0000000000000002e-12,2.9973180441050175e-12
audio/umass_tree4_robot_trunk1_segment_2_window_0_contact.wav,trunk,2,umass_tree4_robot_trunk1_segment_2,3,twig,1.000088900582341e-12,0.0008939852953315906,1e-12,0.9991060147026684
audio/umass_tree4_robot_trunk1_segment_2_window_1_contact.wav,trunk,2,umass_tree4_robot_trunk1_segment_2,3,twig,1.000088900582341e-12,0.0008939852953315906,1e-12,0.9991060147026684
audio/umass_tree4_robot_trunk1_segment_2_window_2_contact.wav,trunk,2,umass_tree4_robot_trunk1_segment_2,3,twig,1.000088900582341e-12,0.0008939852953315906,1e-12,0.9991060147026684
audio/umass_tree4_robot_trunk1_segment_2_window_3_contact.wav,trunk,2,umass_tree4_robot_trunk1_segment_2,3,twig,1.000088900582341e-12,0.0008939852953315906,1e-12,0.9991060147026684
audio/umass_tree4_robot_trunk1_segment_2_window_4_contact.wav,trunk,2,umass_tree4_robot_trunk1_segment_2,3,twig,1.000088900582341e-12,0.0008939852953315906,1e-12,0.9991060147026684
audio/umass_tree4_robot_trunk1_segment_2_window_5_contact.wav,trunk,2,umass_tree4_robot_trunk1_segment_2,3,twig,1.000088900582341e-12,0.0008939852953315906,1e-12,0.9991060147026684
audio/umass_tree4_robot_trunk1_segment_2_window_6_contact.wav,trunk,2,umass_tree4_robot_trunk1_segment_2,3,twig,1.000088900582341e-12,0.0008939852953315906,1e-12,0.9991060147026684
audio/umass_tree4_robot_trunk1_segment_2_window_7_contact.wav,trunk,2,umass_tree4_robot_trunk1_segment_2,3,twig,1.000088900582341e-12,0.0008939852953315906,1e-12,0.9991060147026684
audio/umass_tree4_robot_trunk1_segment_2_window_8_contact.wav,trunk,2,umass_tree4_robot_trunk1_segment_2,3,twig,1.000088900582341e-12,0.0008939852953315906,1e-12,0.9991060147026684
audio/umass_tree4_robot_trunk1_segment_2_window_9_contact.wav,trunk,2,umass_tree4_robot_trunk1_segment_2,3,twig,1.000088900582341e-12,0.0008939852953315906,1e-12,0.9991060147026684
audio/umass_tree4_robot_trunk1_segment_2_window_10_contact.wav,trunk,2,umass_tree4_robot_trunk1_segment_2,3,twig,1.000088900582341e-12,0.0008939852953315906,1e-12,0.9991060147026684
audio/umass_tree4_robot_trunk1_segment_2_window_11_contact.wav,trunk,2,umass_tree4_robot_trunk1_segment_2,3,twig,1.000088900582341e-12,0.0008939852953315906,1e-12,0.9991060147026684
audio/umass_tree4_robot_trunk1_segment_2_window_12_contact.wav,trunk,2,umass_tree4_robot_trunk1_segment_2,3,twig,1.000088900582341e-12,0.0008939852953315906,1e-12,0.9991060147026684
audio/umass_tree4_robot_trunk1_segment_2_window_13_contact.wav,trunk,2,umass_tree4_robot_trunk1_segment_2,3,twig,1.000088900582341e-12,0.0008939852953315906,1e-12,0.9991060147026684
audio/umass_tree4_robot_trunk1_segment_2_window_14_contact.wav,trunk,2,umass_tree4_robot_trunk1_segment_2,3,twig,1.000088900582341e-12,0.0008939852953315906,1e-12,0.9991060147026684
audio/umass_tree4_robot_trunk1_segment_2_window_15_contact.wav,trunk,2,umass_tree4_robot_trunk1_segment_2,3,twig,1.000088900582341e-12,0.0008939852953315906,1e-12,0.9991060147026684
audio/umass_tree4_robot_trunk1_segment_2_window_16_contact.wav,trunk,2,umass_tree4_robot_trunk1_segment_2,3,twig,1.000088900582341e-12,0.0008939852953315906,1e-12,0.9991060147026684
audio/umass_tree4_robot_trunk1_segment_3_window_0_contact.wav,trunk,2,umass_tree4_robot_trunk1_segment_3,3,twig,1.000088900582341e-12,0.0008939852953315906,1e-12,0.9991060147026684
audio/umass_tree4_robot_trunk1_segment_3_window_1_contact.wav,trunk,2,umass_tree4_robot_trunk1_segment_3,3,twig,1.000088900582341e-12,0.0008939852953315906,1e-12,0.9991060147026684
audio/umass_tree4_robot_trunk1_segment_3_window_2_contact.wav,trunk,2,umass_tree4_robot_trunk1_segment_3,3,twig,1.000088900582341e-12,0.0008939852953315906,1e-12,0.9991060147026684
audio/umass_tree4_robot_trunk1_segment_3_window_3_contact.wav,trunk,2,umass_tree4_robot_trunk1_segment_3,3,twig,1.000088900582341e-12,0.0008939852953315906,1e-12,0.9991060147026684
audio/umass_tree4_robot_trunk1_segment_3_window_4_contact.wav,trunk,2,umass_tree4_robot_trunk1_segment_3,3,twig,1.000088900582341e-12,0.0008939852953315906,1e-12,0.9991060147026684
audio/umass_tree4_robot_trunk1_segment_3_window_5_contact.wav,trunk,2,umass_tree4_robot_trunk1_segment_3,3,twig,1.000088900582341e-12,0.0008939852953315906,1e-12,0.9991060147026684
audio/umass_tree4_robot_trunk1_segment_3_window_6_contact.wav,trunk,2,umass_tree4_robot_trunk1_segment_3,3,twig,1.000088900582341e-12,0.0008939852953315906,1e-12,0.9991060147026684
audio/umass_tree4_robot_trunk1_segment_3_window_7_contact.wav,trunk,2,umass_tree4_robot_trunk1_segment_3,3,twig,1.000088900582341e-12,0.0008939852953315906,1e-12,0.9991060147026684
audio/umass_tree4_robot_trunk1_segment_4_window_0_ambient.wav,ambient,0,umass_tree4_robot_trunk1_segment_4,0,ambient,0.9999999999950028,1.0000000000000002e-12,1.0000000000000002e-12,2.9973180441050175e-12
audio/umass_tree4_robot_trunk1_segment_4_window_1_ambient.wav,ambient,0,umass_tree4_robot_trunk1_segment_4,0,ambient,0.9999999999950028,1.0000000000000002e-12,1.0000000000000002e-12,2.9973180441050175e-12
audio/umass_tree4_robot_trunk1_segment_4_window_2_ambient.wav,ambient,0,umass_tree4_robot_trunk1_segment_4,0,ambient,0.9999999999950028,1.0000000000000002e-12,1.0000000000000002e-12,2.9973180441050175e-12
audio/umass_tree4_robot_trunk1_segment_4_window_3_ambient.wav,ambient,0,umass_tree4_robot_trunk1_segment_4,0,ambient,0.9999999999950028,1.0000000000000002e-12,1.0000000000000002e-12,2.9973180441050175e-12
audio/umass_tree4_robot_trunk1_segment_4_window_4_ambient.wav,ambient,0,umass_tree4_robot_trunk1_segment_4,0,ambient,0.9999999999950028,1.0000000000000002e-12,1.0000000000000002e-12,2.9973180441050175e-12
audio/umass_tree4_robot_trunk1_segment_4_window_5_ambient.wav,ambient,0,umass_tree4_robot_trunk1_segment_4,0,ambient,0.9999999999950028,1.0000000000000002e-12,1.0000000000000002e-12,2.9973180441050175e-12
audio/umass_tree4_robot_trunk1_segment_5_window_0_contact.wav,trunk,2,umass_tree4_robot_trunk1_segment_5,3,twig,1e-12,0.0008939852953315907,1e-12,0.9991060147026685
audio/umass_tree4_robot_trunk1_segment_5_window_1_contact.wav,trunk,2,umass_tree4_robot_trunk1_segment_5,3,twig,1e-12,0.0008939852953315907,1e-12,0.9991060147026685
audio/umass_tree4_robot_trunk1_segment_5_window_2_contact.wav,trunk,2,umass_tree4_robot_trunk1_segment_5,3,twig,1e-12,0.0008939852953315907,1e-12,0.9991060147026685
audio/umass_tree4_robot_trunk1_segment_5_window_3_contact.wav,trunk,2,umass_tree4_robot_trunk1_segment_5,3,twig,1e-12,0.0008939852953315907,1e-12,0.9991060147026685
audio/umass_tree4_robot_trunk1_segment_5_window_4_contact.wav,trunk,2,umass_tree4_robot_trunk1_segment_5,3,twig,1e-12,0.0008939852953315907,1e-12,0.9991060147026685
audio/umass_tree4_robot_trunk1_segment_5_window_5_contact.wav,trunk,2,umass_tree4_robot_trunk1_segment_5,3,twig,1e-12,0.0008939852953315907,1e-12,0.9991060147026685
audio/umass_tree4_robot_trunk1_segment_5_window_6_contact.wav,trunk,2,umass_tree4_robot_trunk1_segment_5,3,twig,1e-12,0.0008939852953315907,1e-12,0.9991060147026685
audio/umass_tree4_robot_trunk1_segment_5_window_7_contact.wav,trunk,2,umass_tree4_robot_trunk1_segment_5,3,twig,1e-12,0.0008939852953315907,1e-12,0.9991060147026685
audio/umass_tree4_robot_trunk1_segment_5_window_8_contact.wav,trunk,2,umass_tree4_robot_trunk1_segment_5,3,twig,1e-12,0.0008939852953315907,1e-12,0.9991060147026685
audio/umass_tree4_robot_trunk1_segment_5_window_9_contact.wav,trunk,2,umass_tree4_robot_trunk1_segment_5,3,twig,1e-12,0.0008939852953315907,1e-12,0.9991060147026685
audio/umass_tree4_robot_trunk1_segment_5_window_10_contact.wav,trunk,2,umass_tree4_robot_trunk1_segment_5,3,twig,1e-12,0.0008939852953315907,1e-12,0.9991060147026685
audio/umass_tree4_robot_trunk1_segment_5_window_11_contact.wav,trunk,2,umass_tree4_robot_trunk1_segment_5,3,twig,1e-12,0.0008939852953315907,1e-12,0.9991060147026685
audio/umass_tree4_robot_trunk1_segment_5_window_12_contact.wav,trunk,2,umass_tree4_robot_trunk1_segment_5,3,twig,1e-12,0.0008939852953315907,1e-12,0.9991060147026685
audio/umass_tree4_robot_trunk1_segment_5_window_13_contact.wav,trunk,2,umass_tree4_robot_trunk1_segment_5,3,twig,1e-12,0.0008939852953315907,1e-12,0.9991060147026685
audio/umass_tree4_robot_trunk1_segment_5_window_14_contact.wav,trunk,2,umass_tree4_robot_trunk1_segment_5,3,twig,1e-12,0.0008939852953315907,1e-12,0.9991060147026685
audio/umass_tree4_robot_trunk1_segment_5_window_15_contact.wav,trunk,2,umass_tree4_robot_trunk1_segment_5,3,twig,1e-12,0.0008939852953315907,1e-12,0.9991060147026685
audio/umass_tree4_robot_trunk1_segment_5_window_16_contact.wav,trunk,2,umass_tree4_robot_trunk1_segment_5,3,twig,1e-12,0.0008939852953315907,1e-12,0.9991060147026685
audio/umass_tree4_robot_trunk1_segment_5_window_17_contact.wav,trunk,2,umass_tree4_robot_trunk1_segment_5,3,twig,1e-12,0.0008939852953315907,1e-12,0.9991060147026685
audio/umass_tree4_robot_trunk1_segment_5_window_18_contact.wav,trunk,2,umass_tree4_robot_trunk1_segment_5,3,twig,1e-12,0.0008939852953315907,1e-12,0.9991060147026685
audio/umass_tree4_robot_trunk1_segment_5_window_19_contact.wav,trunk,2,umass_tree4_robot_trunk1_segment_5,3,twig,1e-12,0.0008939852953315907,1e-12,0.9991060147026685
audio/umass_tree4_robot_trunk1_segment_6_window_0_ambient.wav,ambient,0,umass_tree4_robot_trunk1_segment_6,0,ambient,0.9998460554138111,1.3762419545506695e-07,1.0000000000000002e-12,0.0001538069609934379
audio/umass_tree2_robot_twig2_segment_0_window_0_ambient.wav,ambient,0,umass_tree2_robot_twig2_segment_0,0,ambient,0.9999999999950453,1e-12,1e-12,2.9548022279216673e-12
audio/umass_tree2_robot_twig2_segment_0_window_1_ambient.wav,ambient,0,umass_tree2_robot_twig2_segment_0,0,ambient,0.9999999999950453,1e-12,1e-12,2.9548022279216673e-12
audio/umass_tree2_robot_twig2_segment_0_window_2_ambient.wav,ambient,0,umass_tree2_robot_twig2_segment_0,0,ambient,0.9999999999950453,1e-12,1e-12,2.9548022279216673e-12
audio/umass_tree2_robot_twig2_segment_1_window_0_ambient.wav,ambient,0,umass_tree2_robot_twig2_segment_1,0,ambient,0.9999999999950453,1e-12,1e-12,2.9548022279216673e-12
audio/umass_tree2_robot_twig2_segment_1_window_1_ambient.wav,ambient,0,umass_tree2_robot_twig2_segment_1,0,ambient,0.9999999999950453,1e-12,1e-12,2.9548022279216673e-12
audio/umass_tree2_robot_twig2_segment_1_window_2_ambient.wav,ambient,0,umass_tree2_robot_twig2_segment_1,0,ambient,0.9999999999950453,1e-12,1e-12,2.9548022279216673e-12
audio/umass_tree2_robot_twig2_segment_1_window_3_ambient.wav,ambient,0,umass_tree2_robot_twig2_segment_1,0,ambient,0.9999999999950453,1e-12,1e-12,2.9548022279216673e-12
audio/umass_tree2_robot_twig2_segment_1_window_4_ambient.wav,ambient,0,umass_tree2_robot_twig2_segment_1,0,ambient,0.9999999999950453,1e-12,1e-12,2.9548022279216673e-12
audio/umass_tree2_robot_twig2_segment_1_window_5_ambient.wav,ambient,0,umass_tree2_robot_twig2_segment_1,0,ambient,0.9999999999950453,1e-12,1e-12,2.9548022279216673e-12
audio/umass_tree2_robot_twig2_segment_1_window_6_ambient.wav,ambient,0,umass_tree2_robot_twig2_segment_1,0,ambient,0.9999999999950453,1e-12,1e-12,2.9548022279216673e-12
audio/umass_tree2_robot_twig2_segment_2_window_0_ambient.wav,ambient,0,umass_tree2_robot_twig2_segment_2,0,ambient,0.9999999999950453,1e-12,1e-12,2.9548022279216673e-12
audio/umass_tree2_robot_twig2_segment_2_window_1_ambient.wav,ambient,0,umass_tree2_robot_twig2_segment_2,0,ambient,0.9999999999950453,1e-12,1e-12,2.9548022279216673e-12
audio/umass_tree2_robot_twig2_segment_2_window_2_ambient.wav,ambient,0,umass_tree2_robot_twig2_segment_2,0,ambient,0.9999999999950453,1e-12,1e-12,2.9548022279216673e-12
audio/umass_tree2_robot_twig2_segment_2_window_3_ambient.wav,ambient,0,umass_tree2_robot_twig2_segment_2,0,ambient,0.9999999999950453,1e-12,1e-12,2.9548022279216673e-12
audio/umass_tree2_robot_twig2_segment_2_window_4_ambient.wav,ambient,0,umass_tree2_robot_twig2_segment_2,0,ambient,0.9999999999950453,1e-12,1e-12,2.9548022279216673e-12
audio/umass_tree2_robot_twig2_segment_2_window_5_ambient.wav,ambient,0,umass_tree2_robot_twig2_segment_2,0,ambient,0.9999999999950453,1e-12,1e-12,2.9548022279216673e-12
audio/umass_tree2_robot_twig2_segment_3_window_0_contact.wav,twig,3,umass_tree2_robot_twig2_segment_3,3,twig,1e-12,0.015065924023170875,1e-12,0.9849340759748292
audio/umass_tree2_robot_twig2_segment_3_window_1_contact.wav,twig,3,umass_tree2_robot_twig2_segment_3,3,twig,1e-12,0.015065924023170875,1e-12,0.9849340759748292
audio/umass_tree2_robot_twig2_segment_3_window_2_contact.wav,twig,3,umass_tree2_robot_twig2_segment_3,3,twig,1e-12,0.015065924023170875,1e-12,0.9849340759748292
audio/umass_tree2_robot_twig2_segment_3_window_3_contact.wav,twig,3,umass_tree2_robot_twig2_segment_3,3,twig,1e-12,0.015065924023170875,1e-12,0.9849340759748292
audio/umass_tree2_robot_twig2_segment_3_window_4_contact.wav,twig,3,umass_tree2_robot_twig2_segment_3,3,twig,1e-12,0.015065924023170875,1e-12,0.9849340759748292
audio/umass_tree2_robot_twig2_segment_3_window_5_contact.wav,twig,3,umass_tree2_robot_twig2_segment_3,3,twig,1e-12,0.015065924023170875,1e-12,0.9849340759748292
audio/umass_tree2_robot_twig2_segment_3_window_6_contact.wav,twig,3,umass_tree2_robot_twig2_segment_3,3,twig,1e-12,0.015065924023170875,1e-12,0.9849340759748292
audio/umass_tree2_robot_twig2_segment_3_window_7_contact.wav,twig,3,umass_tree2_robot_twig2_segment_3,3,twig,1e-12,0.015065924023170875,1e-12,0.9849340759748292
audio/umass_tree2_robot_twig2_segment_3_window_8_contact.wav,twig,3,umass_tree2_robot_twig2_segment_3,3,twig,1e-12,0.015065924023170875,1e-12,0.9849340759748292
audio/umass_tree2_robot_twig2_segment_3_window_9_contact.wav,twig,3,umass_tree2_robot_twig2_segment_3,3,twig,1e-12,0.015065924023170875,1e-12,0.9849340759748292
audio/umass_tree2_robot_twig2_segment_3_window_10_contact.wav,twig,3,umass_tree2_robot_twig2_segment_3,3,twig,1e-12,0.015065924023170875,1e-12,0.9849340759748292
audio/umass_tree2_robot_twig2_segment_3_window_11_contact.wav,twig,3,umass_tree2_robot_twig2_segment_3,3,twig,1e-12,0.015065924023170875,1e-12,0.9849340759748292
audio/umass_tree2_robot_twig2_segment_3_window_12_contact.wav,twig,3,umass_tree2_robot_twig2_segment_3,3,twig,1e-12,0.015065924023170875,1e-12,0.9849340759748292
audio/umass_tree2_robot_twig2_segment_3_window_13_contact.wav,twig,3,umass_tree2_robot_twig2_segment_3,3,twig,1e-12,0.015065924023170875,1e-12,0.9849340759748292
audio/umass_tree2_robot_twig2_segment_4_window_0_ambient.wav,ambient,0,umass_tree2_robot_twig2_segment_4,0,ambient,0.9999999999950453,1e-12,1e-12,2.9548022279216673e-12
audio/umass_tree2_robot_twig2_segment_4_window_1_ambient.wav,ambient,0,umass_tree2_robot_twig2_segment_4,0,ambient,0.9999999999950453,1e-12,1e-12,2.9548022279216673e-12
audio/umass_tree2_robot_twig2_segment_4_window_2_ambient.wav,ambient,0,umass_tree2_robot_twig2_segment_4,0,ambient,0.9999999999950453,1e-12,1e-12,2.9548022279216673e-12
audio/umass_tree2_robot_twig2_segment_4_window_3_ambient.wav,ambient,0,umass_tree2_robot_twig2_segment_4,0,ambient,0.9999999999950453,1e-12,1e-12,2.9548022279216673e-12
audio/umass_tree2_robot_twig2_segment_4_window_4_ambient.wav,ambient,0,umass_tree2_robot_twig2_segment_4,0,ambient,0.9999999999950453,1e-12,1e-12,2.9548022279216673e-12
audio/umass_tree2_robot_twig2_segment_4_window_5_ambient.wav,ambient,0,umass_tree2_robot_twig2_segment_4,0,ambient,0.9999999999950453,1e-12,1e-12,2.9548022279216673e-12
audio/umass_tree2_robot_twig2_segment_4_window_6_ambient.wav,ambient,0,umass_tree2_robot_twig2_segment_4,0,ambient,0.9999999999950453,1e-12,1e-12,2.9548022279216673e-12
audio/umass_tree2_robot_twig2_segment_4_window_7_ambient.wav,ambient,0,umass_tree2_robot_twig2_segment_4,0,ambient,0.9999999999950453,1e-12,1e-12,2.9548022279216673e-12
audio/umass_tree2_robot_twig2_segment_4_window_8_ambient.wav,ambient,0,umass_tree2_robot_twig2_segment_4,0,ambient,0.9999999999950453,1e-12,1e-12,2.9548022279216673e-12
audio/umass_tree2_robot_twig2_segment_4_window_9_ambient.wav,ambient,0,umass_tree2_robot_twig2_segment_4,0,ambient,0.9999999999950453,1e-12,1e-12,2.9548022279216673e-12
audio/umass_tree2_robot_twig2_segment_4_window_10_ambient.wav,ambient,0,umass_tree2_robot_twig2_segment_4,0,ambient,0.9999999999950453,1e-12,1e-12,2.9548022279216673e-12
audio/umass_tree2_robot_twig2_segment_5_window_0_ambient.wav,ambient,0,umass_tree2_robot_twig2_segment_5,0,ambient,0.9999999999950453,1e-12,1e-12,2.9548022279216673e-12
audio/umass_tree2_robot_twig2_segment_5_window_1_ambient.wav,ambient,0,umass_tree2_robot_twig2_segment_5,0,ambient,0.9999999999950453,1e-12,1e-12,2.9548022279216673e-12
audio/umass_tree2_robot_twig2_segment_5_window_2_ambient.wav,ambient,0,umass_tree2_robot_twig2_segment_5,0,ambient,0.9999999999950453,1e-12,1e-12,2.9548022279216673e-12
audio/umass_tree2_robot_twig2_segment_5_window_3_ambient.wav,ambient,0,umass_tree2_robot_twig2_segment_5,0,ambient,0.9999999999950453,1e-12,1e-12,2.9548022279216673e-12
audio/umass_tree2_robot_twig2_segment_5_window_4_ambient.wav,ambient,0,umass_tree2_robot_twig2_segment_5,0,ambient,0.9999999999950453,1e-12,1e-12,2.9548022279216673e-12
audio/umass_tree2_robot_twig2_segment_5_window_5_ambient.wav,ambient,0,umass_tree2_robot_twig2_segment_5,0,ambient,0.9999999999950453,1e-12,1e-12,2.9548022279216673e-12
audio/umass_tree2_robot_twig2_segment_5_window_6_ambient.wav,ambient,0,umass_tree2_robot_twig2_segment_5,0,ambient,0.9999999999950453,1e-12,1e-12,2.9548022279216673e-12
audio/umass_tree2_robot_twig2_segment_5_window_7_ambient.wav,ambient,0,umass_tree2_robot_twig2_segment_5,0,ambient,0.9999999999950453,1e-12,1e-12,2.9548022279216673e-12
audio/umass_tree2_robot_twig2_segment_5_window_8_ambient.wav,ambient,0,umass_tree2_robot_twig2_segment_5,0,ambient,0.9999999999950453,1e-12,1e-12,2.9548022279216673e-12
audio/umass_tree2_robot_twig2_segment_5_window_9_ambient.wav,ambient,0,umass_tree2_robot_twig2_segment_5,0,ambient,0.9999999999950453,1e-12,1e-12,2.9548022279216673e-12
audio/umass_tree2_robot_twig2_segment_5_window_10_ambient.wav,ambient,0,umass_tree2_robot_twig2_segment_5,0,ambient,0.9999999999950453,1e-12,1e-12,2.9548022279216673e-12
audio/umass_tree2_robot_twig2_segment_5_window_11_ambient.wav,ambient,0,umass_tree2_robot_twig2_segment_5,0,ambient,0.9999999999950453,1e-12,1e-12,2.9548022279216673e-12
audio/umass_tree2_robot_twig2_segment_5_window_12_ambient.wav,ambient,0,umass_tree2_robot_twig2_segment_5,0,ambient,0.9999999999950453,1e-12,1e-12,2.9548022279216673e-12
audio/umass_tree2_robot_twig2_segment_5_window_13_ambient.wav,ambient,0,umass_tree2_robot_twig2_segment_5,0,ambient,0.9999999999950453,1e-12,1e-12,2.9548022279216673e-12
audio/umass_tree2_robot_twig2_segment_5_window_14_ambient.wav,ambient,0,umass_tree2_robot_twig2_segment_5,0,ambient,0.9999999999950453,1e-12,1e-12,2.9548022279216673e-12
audio/umass_tree2_robot_twig2_segment_5_window_15_ambient.wav,ambient,0,umass_tree2_robot_twig2_segment_5,0,ambient,0.9999999999950453,1e-12,1e-12,2.9548022279216673e-12
audio/umass_tree2_robot_twig2_segment_5_window_16_ambient.wav,ambient,0,umass_tree2_robot_twig2_segment_5,0,ambient,0.9999999999950453,1e-12,1e-12,2.9548022279216673e-12
audio/umass_tree2_robot_twig2_segment_5_window_17_ambient.wav,ambient,0,umass_tree2_robot_twig2_segment_5,0,ambient,0.9999999999950453,1e-12,1e-12,2.9548022279216673e-12
audio/umass_tree2_robot_twig2_segment_5_window_18_ambient.wav,ambient,0,umass_tree2_robot_twig2_segment_5,0,ambient,0.9999999999950453,1e-12,1e-12,2.9548022279216673e-12
audio/umass_tree2_robot_twig2_segment_5_window_19_ambient.wav,ambient,0,umass_tree2_robot_twig2_segment_5,0,ambient,0.9999999999950453,1e-12,1e-12,2.9548022279216673e-12
audio/umass_tree2_robot_twig2_segment_5_window_20_ambient.wav,ambient,0,umass_tree2_robot_twig2_segment_5,0,ambient,0.9999999999950453,1e-12,1e-12,2.9548022279216673e-12
audio/umass_tree2_robot_twig2_segment_6_window_0_contact.wav,twig,3,umass_tree2_robot_twig2_segment_6,3,twig,1e-12,0.015065924023170875,1e-12,0.9849340759748292
audio/umass_tree2_robot_twig2_segment_6_window_1_contact.wav,twig,3,umass_tree2_robot_twig2_segment_6,3,twig,1e-12,0.015065924023170875,1e-12,0.9849340759748292
audio/umass_tree2_robot_twig2_segment_6_window_2_contact.wav,twig,3,umass_tree2_robot_twig2_segment_6,3,twig,1e-12,0.015065924023170875,1e-12,0.9849340759748292
audio/umass_tree2_robot_twig2_segment_6_window_3_contact.wav,twig,3,umass_tree2_robot_twig2_segment_6,3,twig,1e-12,0.015065924023170875,1e-12,0.9849340759748292
audio/umass_tree2_robot_twig2_segment_7_window_0_contact.wav,twig,3,umass_tree2_robot_twig2_segment_7,3,twig,1.000088900582341e-12,0.015065924023170873,1e-12,0.9849340759748291
audio/umass_tree2_robot_twig2_segment_7_window_1_contact.wav,twig,3,umass_tree2_robot_twig2_segment_7,3,twig,1.000088900582341e-12,0.015065924023170873,1e-12,0.9849340759748291
audio/umass_tree2_robot_twig2_segment_7_window_2_contact.wav,twig,3,umass_tree2_robot_twig2_segment_7,3,twig,1.000088900582341e-12,0.015065924023170873,1e-12,0.9849340759748291
audio/umass_tree2_robot_twig2_segment_7_window_3_contact.wav,twig,3,umass_tree2_robot_twig2_segment_7,3,twig,1.000088900582341e-12,0.015065924023170873,1e-12,0.9849340759748291
audio/umass_tree2_robot_twig2_segment_7_window_4_contact.wav,twig,3,umass_tree2_robot_twig2_segment_7,3,twig,1.000088900582341e-12,0.015065924023170873,1e-12,0.9849340759748291
audio/umass_tree2_robot_twig2_segment_7_window_5_contact.wav,twig,3,umass_tree2_robot_twig2_segment_7,3,twig,1.000088900582341e-12,0.015065924023170873,1e-12,0.9849340759748291
audio/umass_tree2_robot_twig2_segment_7_window_6_contact.wav,twig,3,umass_tree2_robot_twig2_segment_7,3,twig,1.000088900582341e-12,0.015065924023170873,1e-12,0.9849340759748291
audio/umass_tree2_robot_twig2_segment_7_window_7_contact.wav,twig,3,umass_tree2_robot_twig2_segment_7,3,twig,1.000088900582341e-12,0.015065924023170873,1e-12,0.9849340759748291
audio/umass_tree2_robot_twig2_segment_7_window_8_contact.wav,twig,3,umass_tree2_robot_twig2_segment_7,3,twig,1.000088900582341e-12,0.015065924023170873,1e-12,0.9849340759748291
audio/umass_tree2_robot_twig2_segment_7_window_9_contact.wav,twig,3,umass_tree2_robot_twig2_segment_7,3,twig,1.000088900582341e-12,0.015065924023170873,1e-12,0.9849340759748291
audio/umass_tree2_robot_twig2_segment_7_window_10_contact.wav,twig,3,umass_tree2_robot_twig2_segment_7,3,twig,1.000088900582341e-12,0.015065924023170873,1e-12,0.9849340759748291
audio/umass_tree2_robot_twig2_segment_8_window_0_ambient.wav,ambient,0,umass_tree2_robot_twig2_segment_8,0,ambient,0.9999999999950453,1e-12,1e-12,2.9548022279216673e-12
audio/umass_tree2_robot_twig2_segment_8_window_1_ambient.wav,ambient,0,umass_tree2_robot_twig2_segment_8,0,ambient,0.9999999999950453,1e-12,1e-12,2.9548022279216673e-12
audio/umass_tree2_robot_twig2_segment_8_window_2_ambient.wav,ambient,0,umass_tree2_robot_twig2_segment_8,0,ambient,0.9999999999950453,1e-12,1e-12,2.9548022279216673e-12
audio/umass_tree2_robot_twig2_segment_8_window_3_ambient.wav,ambient,0,umass_tree2_robot_twig2_segment_8,0,ambient,0.9999999999950453,1e-12,1e-12,2.9548022279216673e-12
audio/umass_tree2_robot_twig2_segment_8_window_4_ambient.wav,ambient,0,umass_tree2_robot_twig2_segment_8,0,ambient,0.9999999999950453,1e-12,1e-12,2.9548022279216673e-12
audio/umass_tree2_robot_twig2_segment_8_window_5_ambient.wav,ambient,0,umass_tree2_robot_twig2_segment_8,0,ambient,0.9999999999950453,1e-12,1e-12,2.9548022279216673e-12
audio/umass_tree2_robot_twig2_segment_8_window_6_ambient.wav,ambient,0,umass_tree2_robot_twig2_segment_8,0,ambient,0.9999999999950453,1e-12,1e-12,2.9548022279216673e-12
audio/umass_tree2_robot_twig2_segment_9_window_0_ambient.wav,ambient,0,umass_tree2_robot_twig2_segment_9,0,ambient,0.9998919145800326,1.6284067101808277e-06,1.0000000000000002e-12,0.00010645701225736057
audio/umass_tree1_robot_leaf2_split_0_segment_0_window_0_contact.wav,leaf,1,umass_tree1_robot_leaf2_split_0_segment_0,1,leaf,1e-12,0.7350516480558835,0.08680961158339891,0.17813874035971766
audio/umass_tree1_robot_leaf2_split_0_segment_0_window_1_contact.wav,leaf,1,umass_tree1_robot_leaf2_split_0_segment_0,1,leaf,1e-12,0.7350516480558835,0.08680961158339891,0.17813874035971766
audio/umass_tree1_robot_leaf2_split_0_segment_0_window_2_contact.wav,leaf,1,umass_tree1_robot_leaf2_split_0_segment_0,1,leaf,1e-12,0.7350516480558835,0.08680961158339891,0.17813874035971766
audio/umass_tree1_robot_leaf2_split_0_segment_0_window_3_contact.wav,leaf,1,umass_tree1_robot_leaf2_split_0_segment_0,1,leaf,1e-12,0.7350516480558835,0.08680961158339891,0.17813874035971766
audio/umass_tree1_robot_leaf2_split_0_segment_0_window_4_contact.wav,leaf,1,umass_tree1_robot_leaf2_split_0_segment_0,1,leaf,1e-12,0.7350516480558835,0.08680961158339891,0.17813874035971766
audio/umass_tree1_robot_leaf2_split_0_segment_0_window_5_contact.wav,leaf,1,umass_tree1_robot_leaf2_split_0_segment_0,1,leaf,1e-12,0.7350516480558835,0.08680961158339891,0.17813874035971766
audio/umass_tree1_robot_leaf2_split_0_segment_1_window_0_ambient.wav,ambient,0,umass_tree1_robot_leaf2_split_0_segment_1,0,ambient,0.9999999999957949,2.205154944167199e-12,1.0000000000000002e-12,1.0000000000000002e-12
audio/umass_tree1_robot_leaf2_split_0_segment_1_window_1_ambient.wav,ambient,0,umass_tree1_robot_leaf2_split_0_segment_1,0,ambient,0.9999999999957949,2.205154944167199e-12,1.0000000000000002e-12,1.0000000000000002e-12
audio/umass_tree1_robot_leaf2_split_0_segment_2_window_0_contact.wav,leaf,1,umass_tree1_robot_leaf2_split_0_segment_2,1,leaf,0.0011964290867809702,0.7341722108845974,0.08670575003917508,0.1779256099894467
audio/umass_tree1_robot_2_split_0_new_leaf_segment_0_window_0_contact.wav,leaf,1,umass_tree1_robot_2_split_0_new_leaf_segment_0,1,leaf,0.06113624285711028,0.5922671665320572,0.31588929685779515,0.030707293753037376
audio/umass_tree1_robot_2_split_0_new_leaf_segment_1_window_0_ambient.wav,ambient,0,umass_tree1_robot_2_split_0_new_leaf_segment_1,0,ambient,0.9999999999960981,1.892501958965438e-12,1.0093774345453848e-12,1.0000000000000002e-12
audio/umass_tree1_robot_2_split_0_new_leaf_segment_1_window_1_ambient.wav,ambient,0,umass_tree1_robot_2_split_0_new_leaf_segment_1,0,ambient,0.9999999999960981,1.892501958965438e-12,1.0093774345453848e-12,1.0000000000000002e-12
audio/umass_tree1_robot_2_split_0_new_leaf_segment_2_window_0_ambient.wav,ambient,0,umass_tree1_robot_2_split_0_new_leaf_segment_2,0,ambient,0.9999999999960981,1.892501958965438e-12,1.0093774345453848e-12,1.0000000000000002e-12
audio/umass_tree1_robot_2_split_0_new_leaf_segment_2_window_1_ambient.wav,ambient,0,umass_tree1_robot_2_split_0_new_leaf_segment_2,0,ambient,0.9999999999960981,1.892501958965438e-12,1.0093774345453848e-12,1.0000000000000002e-12
audio/umass_tree1_robot_2_split_0_new_leaf_segment_3_window_0_contact.wav,leaf,1,umass_tree1_robot_2_split_0_new_leaf_segment_3,1,leaf,1.0001999228848035e-12,0.6308339863217504,0.33645914484842837,0.03270686882882112
audio/umass_tree1_robot_2_split_0_new_leaf_segment_3_window_1_contact.wav,leaf,1,umass_tree1_robot_2_split_0_new_leaf_segment_3,1,leaf,1.0001999228848035e-12,0.6308339863217504,0.33645914484842837,0.03270686882882112
audio/umass_tree1_robot_2_split_0_new_leaf_segment_3_window_2_contact.wav,leaf,1,umass_tree1_robot_2_split_0_new_leaf_segment_3,1,leaf,1.0001999228848035e-12,0.6308339863217504,0.33645914484842837,0.03270686882882112
audio/umass_tree1_robot_2_split_0_new_leaf_segment_3_window_3_contact.wav,leaf,1,umass_tree1_robot_2_split_0_new_leaf_segment_3,1,leaf,1.0001999228848035e-12,0.6308339863217504,0.33645914484842837,0.03270686882882112
audio/umass_tree1_robot_2_split_0_new_leaf_segment_3_window_4_contact.wav,leaf,1,umass_tree1_robot_2_split_0_new_leaf_segment_3,1,leaf,1.0001999228848035e-12,0.6308339863217504,0.33645914484842837,0.03270686882882112
audio/umass_tree6_robot_leaf1_split_0_segment_0_window_0_ambient.wav,ambient,0,umass_tree6_robot_leaf1_split_0_segment_0,0,ambient,0.999999999995,2.999999999988001e-12,1.0000000000000002e-12,1.0000000000000002e-12
audio/umass_tree6_robot_leaf1_split_0_segment_0_window_1_ambient.wav,ambient,0,umass_tree6_robot_leaf1_split_0_segment_0,0,ambient,0.999999999995,2.999999999988001e-12,1.0000000000000002e-12,1.0000000000000002e-12
audio/umass_tree6_robot_leaf1_split_0_segment_0_window_2_ambient.wav,ambient,0,umass_tree6_robot_leaf1_split_0_segment_0,0,ambient,0.999999999995,2.999999999988001e-12,1.0000000000000002e-12,1.0000000000000002e-12
audio/umass_tree6_robot_leaf1_split_0_segment_0_window_3_ambient.wav,ambient,0,umass_tree6_robot_leaf1_split_0_segment_0,0,ambient,0.999999999995,2.999999999988001e-12,1.0000000000000002e-12,1.0000000000000002e-12
audio/umass_tree6_robot_leaf1_split_0_segment_0_window_4_ambient.wav,ambient,0,umass_tree6_robot_leaf1_split_0_segment_0,0,ambient,0.999999999995,2.999999999988001e-12,1.0000000000000002e-12,1.0000000000000002e-12
audio/umass_tree6_robot_leaf1_split_0_segment_0_window_5_ambient.wav,ambient,0,umass_tree6_robot_leaf1_split_0_segment_0,0,ambient,0.999999999995,2.999999999988001e-12,1.0000000000000002e-12,1.0000000000000002e-12
audio/umass_tree6_robot_leaf1_split_0_segment_0_window_6_ambient.wav,ambient,0,umass_tree6_robot_leaf1_split_0_segment_0,0,ambient,0.999999999995,2.999999999988001e-12,1.0000000000000002e-12,1.0000000000000002e-12
audio/umass_tree6_robot_leaf1_split_0_segment_1_window_0_contact.wav,leaf,1,umass_tree6_robot_leaf1_split_0_segment_1,1,leaf,1e-12,0.9999999999970001,1.0000000000000004e-12,1.0000000000000004e-12
audio/umass_tree6_robot_leaf1_split_0_segment_1_window_1_contact.wav,leaf,1,umass_tree6_robot_leaf1_split_0_segment_1,1,leaf,1e-12,0.9999999999970001,1.0000000000000004e-12,1.0000000000000004e-12
audio/umass_tree6_robot_leaf1_split_0_segment_1_window_2_contact.wav,leaf,1,umass_tree6_robot_leaf1_split_0_segment_1,1,leaf,1e-12,0.9999999999970001,1.0000000000000004e-12,1.0000000000000004e-12
audio/umass_tree6_robot_leaf1_split_0_segment_1_window_3_contact.wav,leaf,1,umass_tree6_robot_leaf1_split_0_segment_1,1,leaf,1e-12,0.9999999999970001,1.0000000000000004e-12,1.0000000000000004e-12
audio/umass_tree6_robot_leaf1_split_0_segment_1_window_4_contact.wav,leaf,1,umass_tree6_robot_leaf1_split_0_segment_1,1,leaf,1e-12,0.9999999999970001,1.0000000000000004e-12,1.0000000000000004e-12
audio/umass_tree6_robot_leaf1_split_0_segment_1_window_5_contact.wav,leaf,1,umass_tree6_robot_leaf1_split_0_segment_1,1,leaf,1e-12,0.9999999999970001,1.0000000000000004e-12,1.0000000000000004e-12
audio/umass_tree6_robot_leaf1_split_0_segment_1_window_6_contact.wav,leaf,1,umass_tree6_robot_leaf1_split_0_segment_1,1,leaf,1e-12,0.9999999999970001,1.0000000000000004e-12,1.0000000000000004e-12
audio/umass_tree6_robot_leaf1_split_0_segment_1_window_7_contact.wav,leaf,1,umass_tree6_robot_leaf1_split_0_segment_1,1,leaf,1e-12,0.9999999999970001,1.0000000000000004e-12,1.0000000000000004e-12
audio/umass_tree6_robot_leaf1_split_0_segment_1_window_8_contact.wav,leaf,1,umass_tree6_robot_leaf1_split_0_segment_1,1,leaf,1e-12,0.9999999999970001,1.0000000000000004e-12,1.0000000000000004e-12
audio/umass_tree6_robot_leaf1_split_0_segment_1_window_9_contact.wav,leaf,1,umass_tree6_robot_leaf1_split_0_segment_1,1,leaf,1e-12,0.9999999999970001,1.0000000000000004e-12,1.0000000000000004e-12
audio/umass_tree6_robot_leaf1_split_0_segment_1_window_10_contact.wav,leaf,1,umass_tree6_robot_leaf1_split_0_segment_1,1,leaf,1e-12,0.9999999999970001,1.0000000000000004e-12,1.0000000000000004e-12
audio/umass_tree6_robot_leaf1_split_0_segment_2_window_0_contact.wav,leaf,1,umass_tree6_robot_leaf1_split_0_segment_2,1,leaf,1e-12,0.9999999999970001,1.0000000000000004e-12,1.0000000000000004e-12
audio/umass_tree6_robot_leaf1_split_0_segment_2_window_1_contact.wav,leaf,1,umass_tree6_robot_leaf1_split_0_segment_2,1,leaf,1e-12,0.9999999999970001,1.0000000000000004e-12,1.0000000000000004e-12
audio/umass_tree6_robot_leaf1_split_0_segment_2_window_2_contact.wav,leaf,1,umass_tree6_robot_leaf1_split_0_segment_2,1,leaf,1e-12,0.9999999999970001,1.0000000000000004e-12,1.0000000000000004e-12
audio/umass_tree6_robot_leaf1_split_0_segment_2_window_3_contact.wav,leaf,1,umass_tree6_robot_leaf1_split_0_segment_2,1,leaf,1e-12,0.9999999999970001,1.0000000000000004e-12,1.0000000000000004e-12
audio/umass_tree6_robot_leaf1_split_0_segment_2_window_4_contact.wav,leaf,1,umass_tree6_robot_leaf1_split_0_segment_2,1,leaf,1e-12,0.9999999999970001,1.0000000000000004e-12,1.0000000000000004e-12
audio/umass_tree6_robot_leaf1_split_0_segment_2_window_5_contact.wav,leaf,1,umass_tree6_robot_leaf1_split_0_segment_2,1,leaf,1e-12,0.9999999999970001,1.0000000000000004e-12,1.0000000000000004e-12
audio/umass_tree6_robot_leaf1_split_0_segment_2_window_6_contact.wav,leaf,1,umass_tree6_robot_leaf1_split_0_segment_2,1,leaf,1e-12,0.9999999999970001,1.0000000000000004e-12,1.0000000000000004e-12
audio/umass_tree6_robot_leaf1_split_0_segment_2_window_7_contact.wav,leaf,1,umass_tree6_robot_leaf1_split_0_segment_2,1,leaf,1e-12,0.9999999999970001,1.0000000000000004e-12,1.0000000000000004e-12
audio/umass_tree6_robot_leaf1_split_0_segment_2_window_8_contact.wav,leaf,1,umass_tree6_robot_leaf1_split_0_segment_2,1,leaf,1e-12,0.9999999999970001,1.0000000000000004e-12,1.0000000000000004e-12
audio/umass_tree6_robot_leaf1_split_0_segment_2_window_9_contact.wav,leaf,1,umass_tree6_robot_leaf1_split_0_segment_2,1,leaf,1e-12,0.9999999999970001,1.0000000000000004e-12,1.0000000000000004e-12
audio/umass_tree6_robot_leaf1_split_0_segment_2_window_10_contact.wav,leaf,1,umass_tree6_robot_leaf1_split_0_segment_2,1,leaf,1e-12,0.9999999999970001,1.0000000000000004e-12,1.0000000000000004e-12
audio/umass_tree6_robot_leaf1_split_0_segment_2_window_11_contact.wav,leaf,1,umass_tree6_robot_leaf1_split_0_segment_2,1,leaf,1e-12,0.9999999999970001,1.0000000000000004e-12,1.0000000000000004e-12
audio/umass_tree6_robot_leaf1_split_0_segment_2_window_12_contact.wav,leaf,1,umass_tree6_robot_leaf1_split_0_segment_2,1,leaf,1e-12,0.9999999999970001,1.0000000000000004e-12,1.0000000000000004e-12
audio/umass_tree6_robot_leaf1_split_0_segment_2_window_13_contact.wav,leaf,1,umass_tree6_robot_leaf1_split_0_segment_2,1,leaf,1e-12,0.9999999999970001,1.0000000000000004e-12,1.0000000000000004e-12
audio/umass_tree6_robot_leaf1_split_0_segment_2_window_14_contact.wav,leaf,1,umass_tree6_robot_leaf1_split_0_segment_2,1,leaf,1e-12,0.9999999999970001,1.0000000000000004e-12,1.0000000000000004e-12
audio/umass_tree6_robot_leaf1_split_0_segment_2_window_15_contact.wav,leaf,1,umass_tree6_robot_leaf1_split_0_segment_2,1,leaf,1e-12,0.9999999999970001,1.0000000000000004e-12,1.0000000000000004e-12
audio/umass_tree6_robot_leaf1_split_0_segment_2_window_16_contact.wav,leaf,1,umass_tree6_robot_leaf1_split_0_segment_2,1,leaf,1e-12,0.9999999999970001,1.0000000000000004e-12,1.0000000000000004e-12
audio/umass_tree6_robot_leaf1_split_0_segment_2_window_17_contact.wav,leaf,1,umass_tree6_robot_leaf1_split_0_segment_2,1,leaf,1e-12,0.9999999999970001,1.0000000000000004e-12,1.0000000000000004e-12
audio/umass_tree6_robot_leaf1_split_0_segment_2_window_18_contact.wav,leaf,1,umass_tree6_robot_leaf1_split_0_segment_2,1,leaf,1e-12,0.9999999999970001,1.0000000000000004e-12,1.0000000000000004e-12
audio/umass_tree6_robot_leaf1_split_0_segment_2_window_19_contact.wav,leaf,1,umass_tree6_robot_leaf1_split_0_segment_2,1,leaf,1e-12,0.9999999999970001,1.0000000000000004e-12,1.0000000000000004e-12
audio/umass_tree6_robot_leaf1_split_0_segment_2_window_20_contact.wav,leaf,1,umass_tree6_robot_leaf1_split_0_segment_2,1,leaf,1e-12,0.9999999999970001,1.0000000000000004e-12,1.0000000000000004e-12
audio/umass_tree6_robot_leaf1_split_0_segment_2_window_21_contact.wav,leaf,1,umass_tree6_robot_leaf1_split_0_segment_2,1,leaf,1e-12,0.9999999999970001,1.0000000000000004e-12,1.0000000000000004e-12
audio/umass_tree6_robot_leaf1_split_0_segment_2_window_22_contact.wav,leaf,1,umass_tree6_robot_leaf1_split_0_segment_2,1,leaf,1e-12,0.9999999999970001,1.0000000000000004e-12,1.0000000000000004e-12
audio/umass_tree6_robot_leaf1_split_0_segment_2_window_23_contact.wav,leaf,1,umass_tree6_robot_leaf1_split_0_segment_2,1,leaf,1e-12,0.9999999999970001,1.0000000000000004e-12,1.0000000000000004e-12
audio/umass_tree6_robot_leaf1_split_0_segment_2_window_24_contact.wav,leaf,1,umass_tree6_robot_leaf1_split_0_segment_2,1,leaf,1e-12,0.9999999999970001,1.0000000000000004e-12,1.0000000000000004e-12
audio/umass_tree6_robot_leaf1_split_0_segment_2_window_25_contact.wav,leaf,1,umass_tree6_robot_leaf1_split_0_segment_2,1,leaf,1e-12,0.9999999999970001,1.0000000000000004e-12,1.0000000000000004e-12
audio/umass_tree6_robot_twig1_segment_0_window_0_ambient.wav,ambient,0,umass_tree6_robot_twig1_segment_0,0,ambient,0.9999999999952509,1e-12,1e-12,2.749105051079613e-12
audio/umass_tree6_robot_twig1_segment_0_window_1_ambient.wav,ambient,0,umass_tree6_robot_twig1_segment_0,0,ambient,0.9999999999952509,1e-12,1e-12,2.749105051079613e-12
audio/umass_tree6_robot_twig1_segment_0_window_2_ambient.wav,ambient,0,umass_tree6_robot_twig1_segment_0,0,ambient,0.9999999999952509,1e-12,1e-12,2.749105051079613e-12
audio/umass_tree6_robot_twig1_segment_0_window_3_ambient.wav,ambient,0,umass_tree6_robot_twig1_segment_0,0,ambient,0.9999999999952509,1e-12,1e-12,2.749105051079613e-12
audio/umass_tree6_robot_twig1_segment_1_window_0_contact.wav,twig,3,umass_tree6_robot_twig1_segment_1,3,twig,1e-12,0.00986839625918629,0.0737632533792566,0.9163683503605571
audio/umass_tree6_robot_twig1_segment_1_window_1_contact.wav,twig,3,umass_tree6_robot_twig1_segment_1,3,twig,1e-12,0.00986839625918629,0.0737632533792566,0.9163683503605571
audio/umass_tree6_robot_twig1_segment_2_window_0_ambient.wav,ambient,0,umass_tree6_robot_twig1_segment_2,0,ambient,0.9996282316587246,3.668757308330511e-06,2.7422842355916617e-05,0.0003406767416112332
audio/umass_tree6_robot_twig1_segment_3_window_0_contact.wav,twig,3,umass_tree6_robot_twig1_segment_3,3,twig,5.767608612927688e-12,0.009868396259139243,0.07376325337890492,0.9163683503561882
audio/umass_tree6_robot_twig1_segment_3_window_1_contact.wav,twig,3,umass_tree6_robot_twig1_segment_3,3,twig,5.767608612927688e-12,0.009868396259139243,0.07376325337890492,0.9163683503561882
audio/umass_tree6_robot_twig1_segment_4_window_0_contact.wav,twig,3,umass_tree6_robot_twig1_segment_4,3,twig,1e-12,0.00986839625918629,0.0737632533792566,0.9163683503605571
audio/umass_tree6_robot_twig1_segment_4_window_1_contact.wav,twig,3,umass_tree6_robot_twig1_segment_4,3,twig,1e-12,0.00986839625918629,0.0737632533792566,0.9163683503605571
audio/umass_tree6_robot_twig1_segment_4_window_2_contact.wav,twig,3,umass_tree6_robot_twig1_segment_4,3,twig,1e-12,0.00986839625918629,0.0737632533792566,0.9163683503605571
audio/umass_tree2_robot_trunk1_segment_0_window_0_ambient.wav,ambient,0,umass_tree2_robot_trunk1_segment_0,0,ambient,0.999999999995,1e-12,2.99999953431198e-12,1e-12
audio/umass_tree2_robot_trunk1_segment_0_window_1_ambient.wav,ambient,0,umass_tree2_robot_trunk1_segment_0,0,ambient,0.999999999995,1e-12,2.99999953431198e-12,1e-12
audio/umass_tree2_robot_trunk1_segment_0_window_2_ambient.wav,ambient,0,umass_tree2_robot_trunk1_segment_0,0,ambient,0.999999999995,1e-12,2.99999953431198e-12,1e-12
audio/umass_tree2_robot_trunk1_segment_0_window_3_ambient.wav,ambient,0,umass_tree2_robot_trunk1_segment_0,0,ambient,0.999999999995,1e-12,2.99999953431198e-12,1e-12
audio/umass_tree2_robot_trunk1_segment_0_window_4_ambient.wav,ambient,0,umass_tree2_robot_trunk1_segment_0,0,ambient,0.999999999995,1e-12,2.99999953431198e-12,1e-12
audio/umass_tree2_robot_trunk1_segment_0_window_5_ambient.wav,ambient,0,umass_tree2_robot_trunk1_segment_0,0,ambient,0.999999999995,1e-12,2.99999953431198e-12,1e-12
audio/umass_tree2_robot_trunk1_segment_0_window_6_ambient.wav,ambient,0,umass_tree2_robot_trunk1_segment_0,0,ambient,0.999999999995,1e-12,2.99999953431198e-12,1e-12
audio/umass_tree2_robot_trunk1_segment_0_window_7_ambient.wav,ambient,0,umass_tree2_robot_trunk1_segment_0,0,ambient,0.999999999995,1e-12,2.99999953431198e-12,1e-12
audio/umass_tree2_robot_trunk1_segment_1_window_0_ambient.wav,ambient,0,umass_tree2_robot_trunk1_segment_1,0,ambient,0.999999999995,1e-12,2.99999953431198e-12,1e-12
audio/umass_tree2_robot_trunk1_segment_1_window_1_ambient.wav,ambient,0,umass_tree2_robot_trunk1_segment_1,0,ambient,0.999999999995,1e-12,2.99999953431198e-12,1e-12
audio/umass_tree2_robot_trunk1_segment_1_window_2_ambient.wav,ambient,0,umass_tree2_robot_trunk1_segment_1,0,ambient,0.999999999995,1e-12,2.99999953431198e-12,1e-12
audio/umass_tree2_robot_trunk1_segment_1_window_3_ambient.wav,ambient,0,umass_tree2_robot_trunk1_segment_1,0,ambient,0.999999999995,1e-12,2.99999953431198e-12,1e-12
audio/umass_tree2_robot_trunk1_segment_1_window_4_ambient.wav,ambient,0,umass_tree2_robot_trunk1_segment_1,0,ambient,0.999999999995,1e-12,2.99999953431198e-12,1e-12
audio/umass_tree2_robot_trunk1_segment_1_window_5_ambient.wav,ambient,0,umass_tree2_robot_trunk1_segment_1,0,ambient,0.999999999995,1e-12,2.99999953431198e-12,1e-12
audio/umass_tree2_robot_trunk1_segment_1_window_6_ambient.wav,ambient,0,umass_tree2_robot_trunk1_segment_1,0,ambient,0.999999999995,1e-12,2.99999953431198e-12,1e-12
audio/umass_tree2_robot_trunk1_segment_1_window_7_ambient.wav,ambient,0,umass_tree2_robot_trunk1_segment_1,0,ambient,0.999999999995,1e-12,2.99999953431198e-12,1e-12
audio/umass_tree2_robot_trunk1_segment_2_window_0_contact.wav,trunk,2,umass_tree2_robot_trunk1_segment_2,2,trunk,1e-12,1.0000000000000002e-12,0.9999998447716597,1.5522634043991353e-07
audio/umass_tree2_robot_trunk1_segment_2_window_1_contact.wav,trunk,2,umass_tree2_robot_trunk1_segment_2,2,trunk,1e-12,1.0000000000000002e-12,0.9999998447716597,1.5522634043991353e-07
audio/umass_tree2_robot_trunk1_segment_2_window_2_contact.wav,trunk,2,umass_tree2_robot_trunk1_segment_2,2,trunk,1e-12,1.0000000000000002e-12,0.9999998447716597,1.5522634043991353e-07
audio/umass_tree2_robot_trunk1_segment_2_window_3_contact.wav,trunk,2,umass_tree2_robot_trunk1_segment_2,2,trunk,1e-12,1.0000000000000002e-12,0.9999998447716597,1.5522634043991353e-07
audio/umass_tree2_robot_trunk1_segment_2_window_4_contact.wav,trunk,2,umass_tree2_robot_trunk1_segment_2,2,trunk,1e-12,1.0000000000000002e-12,0.9999998447716597,1.5522634043991353e-07
audio/umass_tree2_robot_trunk1_segment_2_window_5_contact.wav,trunk,2,umass_tree2_robot_trunk1_segment_2,2,trunk,1e-12,1.0000000000000002e-12,0.9999998447716597,1.5522634043991353e-07
audio/umass_tree2_robot_trunk1_segment_2_window_6_contact.wav,trunk,2,umass_tree2_robot_trunk1_segment_2,2,trunk,1e-12,1.0000000000000002e-12,0.9999998447716597,1.5522634043991353e-07
audio/umass_tree2_robot_trunk1_segment_3_window_0_ambient.wav,ambient,0,umass_tree2_robot_trunk1_segment_3,0,ambient,0.999999999995,1e-12,2.99999953431198e-12,1e-12
audio/umass_tree2_robot_trunk1_segment_3_window_1_ambient.wav,ambient,0,umass_tree2_robot_trunk1_segment_3,0,ambient,0.999999999995,1e-12,2.99999953431198e-12,1e-12
audio/umass_tree2_robot_trunk1_segment_4_window_0_contact.wav,trunk,2,umass_tree2_robot_trunk1_segment_4,2,trunk,1e-12,1e-12,0.9999998447716596,1.5522634043991353e-07
audio/umass_tree2_robot_trunk1_segment_4_window_1_contact.wav,trunk,2,umass_tree2_robot_trunk1_segment_4,2,trunk,1e-12,1e-12,0.9999998447716596,1.5522634043991353e-07
audio/umass_tree2_robot_trunk1_segment_4_window_2_contact.wav,trunk,2,umass_tree2_robot_trunk1_segment_4,2,trunk,1e-12,1e-12,0.9999998447716596,1.5522634043991353e-07
audio/umass_tree2_robot_trunk1_segment_4_window_3_contact.wav,trunk,2,umass_tree2_robot_trunk1_segment_4,2,trunk,1e-12,1e-12,0.9999998447716596,1.5522634043991353e-07
audio/umass_tree2_robot_trunk1_segment_5_window_0_ambient.wav,ambient,0,umass_tree2_robot_trunk1_segment_5,0,ambient,0.999999999995,1e-12,2.99999953431198e-12,1e-12
audio/umass_tree2_robot_trunk1_segment_5_window_1_ambient.wav,ambient,0,umass_tree2_robot_trunk1_segment_5,0,ambient,0.999999999995,1e-12,2.99999953431198e-12,1e-12
audio/umass_tree2_robot_trunk1_segment_5_window_2_ambient.wav,ambient,0,umass_tree2_robot_trunk1_segment_5,0,ambient,0.999999999995,1e-12,2.99999953431198e-12,1e-12
audio/umass_tree2_robot_trunk1_segment_5_window_3_ambient.wav,ambient,0,umass_tree2_robot_trunk1_segment_5,0,ambient,0.999999999995,1e-12,2.99999953431198e-12,1e-12
audio/umass_tree2_robot_trunk1_segment_5_window_4_ambient.wav,ambient,0,umass_tree2_robot_trunk1_segment_5,0,ambient,0.999999999995,1e-12,2.99999953431198e-12,1e-12
audio/umass_tree2_robot_trunk1_segment_5_window_5_ambient.wav,ambient,0,umass_tree2_robot_trunk1_segment_5,0,ambient,0.999999999995,1e-12,2.99999953431198e-12,1e-12
audio/umass_tree8_robot_twig1_segment_0_window_0_ambient.wav,ambient,0,umass_tree8_robot_twig1_segment_0,0,ambient,0.9999999999951216,1.0000000000000002e-12,1.0000000000000002e-12,2.8785262793744244e-12
audio/umass_tree8_robot_twig1_segment_0_window_1_ambient.wav,ambient,0,umass_tree8_robot_twig1_segment_0,0,ambient,0.9999999999951216,1.0000000000000002e-12,1.0000000000000002e-12,2.8785262793744244e-12
audio/umass_tree8_robot_twig1_segment_0_window_2_ambient.wav,ambient,0,umass_tree8_robot_twig1_segment_0,0,ambient,0.9999999999951216,1.0000000000000002e-12,1.0000000000000002e-12,2.8785262793744244e-12
audio/umass_tree8_robot_twig1_segment_0_window_3_ambient.wav,ambient,0,umass_tree8_robot_twig1_segment_0,0,ambient,0.9999999999951216,1.0000000000000002e-12,1.0000000000000002e-12,2.8785262793744244e-12
audio/umass_tree8_robot_twig1_segment_1_window_0_contact.wav,twig,3,umass_tree8_robot_twig1_segment_1,3,twig,1e-12,2.8314702056065935e-07,0.04049095705966217,0.9595087597923173
audio/umass_tree8_robot_twig1_segment_1_window_1_contact.wav,twig,3,umass_tree8_robot_twig1_segment_1,3,twig,1e-12,2.8314702056065935e-07,0.04049095705966217,0.9595087597923173
audio/umass_tree8_robot_twig1_segment_1_window_2_contact.wav,twig,3,umass_tree8_robot_twig1_segment_1,3,twig,1e-12,2.8314702056065935e-07,0.04049095705966217,0.9595087597923173
audio/umass_tree8_robot_twig1_segment_1_window_3_contact.wav,twig,3,umass_tree8_robot_twig1_segment_1,3,twig,1e-12,2.8314702056065935e-07,0.04049095705966217,0.9595087597923173
audio/umass_tree8_robot_twig1_segment_1_window_4_contact.wav,twig,3,umass_tree8_robot_twig1_segment_1,3,twig,1e-12,2.8314702056065935e-07,0.04049095705966217,0.9595087597923173
audio/umass_tree8_robot_twig1_segment_1_window_5_contact.wav,twig,3,umass_tree8_robot_twig1_segment_1,3,twig,1e-12,2.8314702056065935e-07,0.04049095705966217,0.9595087597923173
audio/umass_tree8_robot_twig1_segment_1_window_6_contact.wav,twig,3,umass_tree8_robot_twig1_segment_1,3,twig,1e-12,2.8314702056065935e-07,0.04049095705966217,0.9595087597923173
audio/umass_tree8_robot_twig1_segment_1_window_7_contact.wav,twig,3,umass_tree8_robot_twig1_segment_1,3,twig,1e-12,2.8314702056065935e-07,0.04049095705966217,0.9595087597923173
audio/umass_tree8_robot_twig1_segment_1_window_8_contact.wav,twig,3,umass_tree8_robot_twig1_segment_1,3,twig,1e-12,2.8314702056065935e-07,0.04049095705966217,0.9595087597923173
audio/umass_tree8_robot_twig1_segment_1_window_9_contact.wav,twig,3,umass_tree8_robot_twig1_segment_1,3,twig,1e-12,2.8314702056065935e-07,0.04049095705966217,0.9595087597923173
audio/umass_tree8_robot_twig1_segment_2_window_0_ambient.wav,ambient,0,umass_tree8_robot_twig1_segment_2,0,ambient,0.9999999999951216,1.0000000000000002e-12,1.0000000000000002e-12,2.8785262793744244e-12
audio/umass_tree8_robot_twig1_segment_2_window_1_ambient.wav,ambient,0,umass_tree8_robot_twig1_segment_2,0,ambient,0.9999999999951216,1.0000000000000002e-12,1.0000000000000002e-12,2.8785262793744244e-12
audio/umass_tree8_robot_twig1_segment_2_window_2_ambient.wav,ambient,0,umass_tree8_robot_twig1_segment_2,0,ambient,0.9999999999951216,1.0000000000000002e-12,1.0000000000000002e-12,2.8785262793744244e-12
audio/umass_tree8_robot_twig1_segment_2_window_3_ambient.wav,ambient,0,umass_tree8_robot_twig1_segment_2,0,ambient,0.9999999999951216,1.0000000000000002e-12,1.0000000000000002e-12,2.8785262793744244e-12
audio/umass_tree8_robot_twig1_segment_2_window_4_ambient.wav,ambient,0,umass_tree8_robot_twig1_segment_2,0,ambient,0.9999999999951216,1.0000000000000002e-12,1.0000000000000002e-12,2.8785262793744244e-12
audio/umass_tree8_robot_twig1_segment_2_window_5_ambient.wav,ambient,0,umass_tree8_robot_twig1_segment_2,0,ambient,0.9999999999951216,1.0000000000000002e-12,1.0000000000000002e-12,2.8785262793744244e-12
audio/umass_tree8_robot_twig1_segment_2_window_6_ambient.wav,ambient,0,umass_tree8_robot_twig1_segment_2,0,ambient,0.9999999999951216,1.0000000000000002e-12,1.0000000000000002e-12,2.8785262793744244e-12
audio/umass_tree8_robot_twig1_segment_2_window_7_ambient.wav,ambient,0,umass_tree8_robot_twig1_segment_2,0,ambient,0.9999999999951216,1.0000000000000002e-12,1.0000000000000002e-12,2.8785262793744244e-12
audio/umass_tree8_robot_twig1_segment_2_window_8_ambient.wav,ambient,0,umass_tree8_robot_twig1_segment_2,0,ambient,0.9999999999951216,1.0000000000000002e-12,1.0000000000000002e-12,2.8785262793744244e-12
audio/umass_tree8_robot_twig1_segment_3_window_0_contact.wav,twig,3,umass_tree8_robot_twig1_segment_3,3,twig,1e-12,2.8314702056065935e-07,0.04049095705966217,0.9595087597923173
audio/umass_tree8_robot_twig1_segment_3_window_1_contact.wav,twig,3,umass_tree8_robot_twig1_segment_3,3,twig,1e-12,2.8314702056065935e-07,0.04049095705966217,0.9595087597923173
audio/umass_tree8_robot_twig1_segment_3_window_2_contact.wav,twig,3,umass_tree8_robot_twig1_segment_3,3,twig,1e-12,2.8314702056065935e-07,0.04049095705966217,0.9595087597923173
audio/umass_tree8_robot_twig1_segment_3_window_3_contact.wav,twig,3,umass_tree8_robot_twig1_segment_3,3,twig,1e-12,2.8314702056065935e-07,0.04049095705966217,0.9595087597923173
audio/umass_tree8_robot_twig1_segment_3_window_4_contact.wav,twig,3,umass_tree8_robot_twig1_segment_3,3,twig,1e-12,2.8314702056065935e-07,0.04049095705966217,0.9595087597923173
audio/umass_tree8_robot_twig1_segment_3_window_5_contact.wav,twig,3,umass_tree8_robot_twig1_segment_3,3,twig,1e-12,2.8314702056065935e-07,0.04049095705966217,0.9595087597923173
audio/umass_tree8_robot_twig1_segment_3_window_6_contact.wav,twig,3,umass_tree8_robot_twig1_segment_3,3,twig,1e-12,2.8314702056065935e-07,0.04049095705966217,0.9595087597923173
audio/umass_tree8_robot_twig1_segment_3_window_7_contact.wav,twig,3,umass_tree8_robot_twig1_segment_3,3,twig,1e-12,2.8314702056065935e-07,0.04049095705966217,0.9595087597923173
audio/umass_tree8_robot_twig1_segment_4_window_0_ambient.wav,ambient,0,umass_tree8_robot_twig1_segment_4,0,ambient,0.9999999999951216,1.0000000000000002e-12,1.0000000000000002e-12,2.8785262793744244e-12
audio/umass_tree8_robot_twig1_segment_4_window_1_ambient.wav,ambient,0,umass_tree8_robot_twig1_segment_4,0,ambient,0.9999999999951216,1.0000000000000002e-12,1.0000000000000002e-12,2.8785262793744244e-12
audio/umass_tree8_robot_twig1_segment_4_window_2_ambient.wav,ambient,0,umass_tree8_robot_twig1_segment_4,0,ambient,0.9999999999951216,1.0000000000000002e-12,1.0000000000000002e-12,2.8785262793744244e-12
audio/umass_tree8_robot_twig1_segment_4_window_3_ambient.wav,ambient,0,umass_tree8_robot_twig1_segment_4,0,ambient,0.9999999999951216,1.0000000000000002e-12,1.0000000000000002e-12,2.8785262793744244e-12
audio/umass_tree8_robot_twig1_segment_4_window_4_ambient.wav,ambient,0,umass_tree8_robot_twig1_segment_4,0,ambient,0.9999999999951216,1.0000000000000002e-12,1.0000000000000002e-12,2.8785262793744244e-12
audio/umass_tree8_robot_twig1_segment_4_window_5_ambient.wav,ambient,0,umass_tree8_robot_twig1_segment_4,0,ambient,0.9999999999951216,1.0000000000000002e-12,1.0000000000000002e-12,2.8785262793744244e-12
audio/umass_tree8_robot_twig1_segment_4_window_6_ambient.wav,ambient,0,umass_tree8_robot_twig1_segment_4,0,ambient,0.9999999999951216,1.0000000000000002e-12,1.0000000000000002e-12,2.8785262793744244e-12
audio/umass_tree8_robot_twig1_segment_4_window_7_ambient.wav,ambient,0,umass_tree8_robot_twig1_segment_4,0,ambient,0.9999999999951216,1.0000000000000002e-12,1.0000000000000002e-12,2.8785262793744244e-12
audio/umass_tree8_robot_twig1_segment_4_window_8_ambient.wav,ambient,0,umass_tree8_robot_twig1_segment_4,0,ambient,0.9999999999951216,1.0000000000000002e-12,1.0000000000000002e-12,2.8785262793744244e-12
audio/umass_tree8_robot_twig1_segment_4_window_9_ambient.wav,ambient,0,umass_tree8_robot_twig1_segment_4,0,ambient,0.9999999999951216,1.0000000000000002e-12,1.0000000000000002e-12,2.8785262793744244e-12
audio/umass_tree8_robot_twig1_segment_5_window_0_contact.wav,twig,3,umass_tree8_robot_twig1_segment_5,3,twig,1e-12,2.8314702056065935e-07,0.04049095705966217,0.9595087597923173
audio/umass_tree8_robot_twig1_segment_5_window_1_contact.wav,twig,3,umass_tree8_robot_twig1_segment_5,3,twig,1e-12,2.8314702056065935e-07,0.04049095705966217,0.9595087597923173
audio/umass_tree8_robot_twig1_segment_5_window_2_contact.wav,twig,3,umass_tree8_robot_twig1_segment_5,3,twig,1e-12,2.8314702056065935e-07,0.04049095705966217,0.9595087597923173
audio/umass_tree8_robot_twig1_segment_6_window_0_ambient.wav,ambient,0,umass_tree8_robot_twig1_segment_6,0,ambient,0.9999999999951216,1.0000000000000002e-12,1.0000000000000002e-12,2.8785262793744244e-12
audio/umass_tree8_robot_twig1_segment_6_window_1_ambient.wav,ambient,0,umass_tree8_robot_twig1_segment_6,0,ambient,0.9999999999951216,1.0000000000000002e-12,1.0000000000000002e-12,2.8785262793744244e-12
audio/umass_tree8_robot_twig1_segment_6_window_2_ambient.wav,ambient,0,umass_tree8_robot_twig1_segment_6,0,ambient,0.9999999999951216,1.0000000000000002e-12,1.0000000000000002e-12,2.8785262793744244e-12
audio/umass_tree8_robot_twig1_segment_6_window_3_ambient.wav,ambient,0,umass_tree8_robot_twig1_segment_6,0,ambient,0.9999999999951216,1.0000000000000002e-12,1.0000000000000002e-12,2.8785262793744244e-12
audio/umass_tree8_robot_twig1_segment_6_window_4_ambient.wav,ambient,0,umass_tree8_robot_twig1_segment_6,0,ambient,0.9999999999951216,1.0000000000000002e-12,1.0000000000000002e-12,2.8785262793744244e-12
audio/umass_tree8_robot_twig1_segment_6_window_5_ambient.wav,ambient,0,umass_tree8_robot_twig1_segment_6,0,ambient,0.9999999999951216,1.0000000000000002e-12,1.0000000000000002e-12,2.8785262793744244e-12
audio/umass_tree8_robot_twig1_segment_6_window_6_ambient.wav,ambient,0,umass_tree8_robot_twig1_segment_6,0,ambient,0.9999999999951216,1.0000000000000002e-12,1.0000000000000002e-12,2.8785262793744244e-12
audio/umass_tree8_robot_twig1_segment_6_window_7_ambient.wav,ambient,0,umass_tree8_robot_twig1_segment_6,0,ambient,0.9999999999951216,1.0000000000000002e-12,1.0000000000000002e-12,2.8785262793744244e-12
audio/umass_tree8_robot_twig1_segment_6_window_8_ambient.wav,ambient,0,umass_tree8_robot_twig1_segment_6,0,ambient,0.9999999999951216,1.0000000000000002e-12,1.0000000000000002e-12,2.8785262793744244e-12
audio/umass_tree8_robot_twig1_segment_6_window_9_ambient.wav,ambient,0,umass_tree8_robot_twig1_segment_6,0,ambient,0.9999999999951216,1.0000000000000002e-12,1.0000000000000002e-12,2.8785262793744244e-12
audio/umass_tree8_robot_twig1_segment_6_window_10_ambient.wav,ambient,0,umass_tree8_robot_twig1_segment_6,0,ambient,0.9999999999951216,1.0000000000000002e-12,1.0000000000000002e-12,2.8785262793744244e-12
audio/umass_tree8_robot_twig1_segment_6_window_11_ambient.wav,ambient,0,umass_tree8_robot_twig1_segment_6,0,ambient,0.9999999999951216,1.0000000000000002e-12,1.0000000000000002e-12,2.8785262793744244e-12
audio/umass_tree1_robot_leaf1_split_2_segment_0_window_0_contact.wav,leaf,1,umass_tree1_robot_leaf1_split_2_segment_0,3,twig,1.000088900582341e-12,1e-12,1e-12,0.999999999997
audio/umass_tree1_robot_leaf1_split_2_segment_0_window_1_contact.wav,leaf,1,umass_tree1_robot_leaf1_split_2_segment_0,3,twig,1.000088900582341e-12,1e-12,1e-12,0.999999999997
audio/umass_tree1_robot_leaf1_split_2_segment_0_window_2_contact.wav,leaf,1,umass_tree1_robot_leaf1_split_2_segment_0,3,twig,1.000088900582341e-12,1e-12,1e-12,0.999999999997
audio/umass_tree1_robot_leaf1_split_2_segment_0_window_3_contact.wav,leaf,1,umass_tree1_robot_leaf1_split_2_segment_0,3,twig,1.000088900582341e-12,1e-12,1e-12,0.999999999997
audio/umass_tree1_robot_leaf1_split_2_segment_0_window_4_contact.wav,leaf,1,umass_tree1_robot_leaf1_split_2_segment_0,3,twig,1.000088900582341e-12,1e-12,1e-12,0.999999999997
audio/umass_tree1_robot_leaf1_split_2_segment_0_window_5_contact.wav,leaf,1,umass_tree1_robot_leaf1_split_2_segment_0,3,twig,1.000088900582341e-12,1e-12,1e-12,0.999999999997
audio/umass_tree1_robot_leaf1_split_2_segment_0_window_6_contact.wav,leaf,1,umass_tree1_robot_leaf1_split_2_segment_0,3,twig,1.000088900582341e-12,1e-12,1e-12,0.999999999997
audio/umass_tree1_robot_leaf1_split_2_segment_0_window_7_contact.wav,leaf,1,umass_tree1_robot_leaf1_split_2_segment_0,3,twig,1.000088900582341e-12,1e-12,1e-12,0.999999999997
audio/umass_tree1_robot_leaf1_split_2_segment_0_window_8_contact.wav,leaf,1,umass_tree1_robot_leaf1_split_2_segment_0,3,twig,1.000088900582341e-12,1e-12,1e-12,0.999999999997
audio/umass_tree1_robot_leaf1_split_2_segment_1_window_0_contact.wav,leaf,1,umass_tree1_robot_leaf1_split_2_segment_1,3,twig,1.000088900582341e-12,1e-12,1e-12,0.999999999997
audio/umass_tree1_robot_leaf1_split_2_segment_1_window_1_contact.wav,leaf,1,umass_tree1_robot_leaf1_split_2_segment_1,3,twig,1.000088900582341e-12,1e-12,1e-12,0.999999999997
audio/umass_tree1_robot_leaf1_split_2_segment_1_window_2_contact.wav,leaf,1,umass_tree1_robot_leaf1_split_2_segment_1,3,twig,1.000088900582341e-12,1e-12,1e-12,0.999999999997
audio/umass_tree1_robot_leaf1_split_2_segment_1_window_3_contact.wav,leaf,1,umass_tree1_robot_leaf1_split_2_segment_1,3,twig,1.000088900582341e-12,1e-12,1e-12,0.999999999997
audio/umass_tree1_robot_leaf1_split_2_segment_1_window_4_contact.wav,leaf,1,umass_tree1_robot_leaf1_split_2_segment_1,3,twig,1.000088900582341e-12,1e-12,1e-12,0.999999999997
audio/umass_tree1_robot_leaf2_split_2_segment_0_window_0_contact.wav,leaf,1,umass_tree1_robot_leaf2_split_2_segment_0,1,leaf,1e-12,0.8063783986538875,0.03188418564021619,0.1617374157048963
audio/umass_tree1_robot_leaf2_split_2_segment_0_window_1_contact.wav,leaf,1,umass_tree1_robot_leaf2_split_2_segment_0,1,leaf,1e-12,0.8063783986538875,0.03188418564021619,0.1617374157048963
audio/umass_tree1_robot_leaf2_split_2_segment_0_window_2_contact.wav,leaf,1,umass_tree1_robot_leaf2_split_2_segment_0,1,leaf,1e-12,0.8063783986538875,0.03188418564021619,0.1617374157048963
audio/umass_tree1_robot_leaf2_split_2_segment_0_window_3_contact.wav,leaf,1,umass_tree1_robot_leaf2_split_2_segment_0,1,leaf,1e-12,0.8063783986538875,0.03188418564021619,0.1617374157048963
audio/umass_tree1_robot_leaf2_split_2_segment_0_window_4_contact.wav,leaf,1,umass_tree1_robot_leaf2_split_2_segment_0,1,leaf,1e-12,0.8063783986538875,0.03188418564021619,0.1617374157048963
audio/umass_tree1_robot_leaf2_split_2_segment_0_window_5_contact.wav,leaf,1,umass_tree1_robot_leaf2_split_2_segment_0,1,leaf,1e-12,0.8063783986538875,0.03188418564021619,0.1617374157048963
audio/umass_tree1_robot_leaf2_split_2_segment_0_window_6_contact.wav,leaf,1,umass_tree1_robot_leaf2_split_2_segment_0,1,leaf,1e-12,0.8063783986538875,0.03188418564021619,0.1617374157048963
audio/umass_tree1_robot_leaf2_split_2_segment_0_window_7_contact.wav,leaf,1,umass_tree1_robot_leaf2_split_2_segment_0,1,leaf,1e-12,0.8063783986538875,0.03188418564021619,0.1617374157048963
audio/umass_tree1_robot_leaf2_split_2_segment_0_window_8_contact.wav,leaf,1,umass_tree1_robot_leaf2_split_2_segment_0,1,leaf,1e-12,0.8063783986538875,0.03188418564021619,0.1617374157048963
audio/umass_tree1_robot_leaf2_split_2_segment_0_window_9_contact.wav,leaf,1,umass_tree1_robot_leaf2_split_2_segment_0,1,leaf,1e-12,0.8063783986538875,0.03188418564021619,0.1617374157048963
audio/umass_tree1_robot_leaf2_split_2_segment_0_window_10_contact.wav,leaf,1,umass_tree1_robot_leaf2_split_2_segment_0,1,leaf,1e-12,0.8063783986538875,0.03188418564021619,0.1617374157048963
audio/umass_tree1_robot_leaf2_split_2_segment_0_window_11_contact.wav,leaf,1,umass_tree1_robot_leaf2_split_2_segment_0,1,leaf,1e-12,0.8063783986538875,0.03188418564021619,0.1617374157048963
audio/umass_tree1_robot_leaf2_split_2_segment_0_window_12_contact.wav,leaf,1,umass_tree1_robot_leaf2_split_2_segment_0,1,leaf,1e-12,0.8063783986538875,0.03188418564021619,0.1617374157048963
audio/umass_tree1_robot_leaf2_split_2_segment_1_window_0_contact.wav,leaf,1,umass_tree1_robot_leaf2_split_2_segment_1,1,leaf,1e-12,0.8063783986538875,0.03188418564021619,0.1617374157048963
audio/umass_tree1_robot_leaf2_split_2_segment_1_window_1_contact.wav,leaf,1,umass_tree1_robot_leaf2_split_2_segment_1,1,leaf,1e-12,0.8063783986538875,0.03188418564021619,0.1617374157048963
audio/umass_tree1_robot_leaf2_split_2_segment_1_window_2_contact.wav,leaf,1,umass_tree1_robot_leaf2_split_2_segment_1,1,leaf,1e-12,0.8063783986538875,0.03188418564021619,0.1617374157048963
audio/umass_tree1_robot_leaf2_split_2_segment_1_window_3_contact.wav,leaf,1,umass_tree1_robot_leaf2_split_2_segment_1,1,leaf,1e-12,0.8063783986538875,0.03188418564021619,0.1617374157048963
audio/umass_tree1_robot_leaf2_split_2_segment_1_window_4_contact.wav,leaf,1,umass_tree1_robot_leaf2_split_2_segment_1,1,leaf,1e-12,0.8063783986538875,0.03188418564021619,0.1617374157048963
audio/umass_tree1_robot_leaf2_split_2_segment_1_window_5_contact.wav,leaf,1,umass_tree1_robot_leaf2_split_2_segment_1,1,leaf,1e-12,0.8063783986538875,0.03188418564021619,0.1617374157048963
audio/umass_tree1_robot_leaf2_split_2_segment_2_window_0_contact.wav,leaf,1,umass_tree1_robot_leaf2_split_2_segment_2,1,leaf,1.0000000000000002e-12,0.8063783986538875,0.031884185640216195,0.16173741570489633
audio/umass_tree1_robot_leaf2_split_2_segment_2_window_1_contact.wav,leaf,1,umass_tree1_robot_leaf2_split_2_segment_2,1,leaf,1.0000000000000002e-12,0.8063783986538875,0.031884185640216195,0.16173741570489633
audio/umass_tree1_robot_leaf2_split_2_segment_2_window_2_contact.wav,leaf,1,umass_tree1_robot_leaf2_split_2_segment_2,1,leaf,1.0000000000000002e-12,0.8063783986538875,0.031884185640216195,0.16173741570489633
audio/umass_tree1_robot_leaf2_split_2_segment_2_window_3_contact.wav,leaf,1,umass_tree1_robot_leaf2_split_2_segment_2,1,leaf,1.0000000000000002e-12,0.8063783986538875,0.031884185640216195,0.16173741570489633
audio/umass_tree1_robot_leaf2_split_2_segment_3_window_0_ambient.wav,ambient,0,umass_tree1_robot_leaf2_split_2_segment_3,0,ambient,0.9999999999955809,2.419135195960649e-12,1.0000000000000002e-12,1.0000000000000002e-12
audio/umass_tree1_robot_leaf2_split_2_segment_3_window_1_ambient.wav,ambient,0,umass_tree1_robot_leaf2_split_2_segment_3,0,ambient,0.9999999999955809,2.419135195960649e-12,1.0000000000000002e-12,1.0000000000000002e-12
audio/umass_tree1_robot_leaf2_split_2_segment_3_window_2_ambient.wav,ambient,0,umass_tree1_robot_leaf2_split_2_segment_3,0,ambient,0.9999999999955809,2.419135195960649e-12,1.0000000000000002e-12,1.0000000000000002e-12
audio/umass_tree1_robot_leaf2_split_2_segment_4_window_0_ambient.wav,ambient,0,umass_tree1_robot_leaf2_split_2_segment_4,0,ambient,0.9999999999955809,2.419135195960649e-12,1.0000000000000002e-12,1.0000000000000002e-12
audio/umass_tree1_robot_leaf2_split_2_segment_4_window_1_ambient.wav,ambient,0,umass_tree1_robot_leaf2_split_2_segment_4,0,ambient,0.9999999999955809,2.419135195960649e-12,1.0000000000000002e-12,1.0000000000000002e-12
audio/umass_tree1_robot_leaf2_split_2_segment_4_window_2_ambient.wav,ambient,0,umass_tree1_robot_leaf2_split_2_segment_4,0,ambient,0.9999999999955809,2.419135195960649e-12,1.0000000000000002e-12,1.0000000000000002e-12
audio/umass_tree1_robot_leaf2_split_2_segment_4_window_3_ambient.wav,ambient,0,umass_tree1_robot_leaf2_split_2_segment_4,0,ambient,0.9999999999955809,2.419135195960649e-12,1.0000000000000002e-12,1.0000000000000002e-12
audio/umass_tree1_robot_leaf2_split_2_segment_4_window_4_ambient.wav,ambient,0,umass_tree1_robot_leaf2_split_2_segment_4,0,ambient,0.9999999999955809,2.419135195960649e-12,1.0000000000000002e-12,1.0000000000000002e-12
audio/umass_tree1_robot_leaf2_split_2_segment_4_window_5_ambient.wav,ambient,0,umass_tree1_robot_leaf2_split_2_segment_4,0,ambient,0.9999999999955809,2.419135195960649e-12,1.0000000000000002e-12,1.0000000000000002e-12
audio/umass_tree1_robot_leaf2_split_2_segment_4_window_6_ambient.wav,ambient,0,umass_tree1_robot_leaf2_split_2_segment_4,0,ambient,0.9999999999955809,2.419135195960649e-12,1.0000000000000002e-12,1.0000000000000002e-12
audio/umass_tree1_robot_leaf2_split_2_segment_4_window_7_ambient.wav,ambient,0,umass_tree1_robot_leaf2_split_2_segment_4,0,ambient,0.9999999999955809,2.419135195960649e-12,1.0000000000000002e-12,1.0000000000000002e-12
audio/umass_tree1_robot_leaf2_split_2_segment_4_window_8_ambient.wav,ambient,0,umass_tree1_robot_leaf2_split_2_segment_4,0,ambient,0.9999999999955809,2.419135195960649e-12,1.0000000000000002e-12,1.0000000000000002e-12
audio/umass_tree1_robot_leaf2_split_2_segment_4_window_9_ambient.wav,ambient,0,umass_tree1_robot_leaf2_split_2_segment_4,0,ambient,0.9999999999955809,2.419135195960649e-12,1.0000000000000002e-12,1.0000000000000002e-12
audio/umass_tree1_robot_leaf2_split_2_segment_4_window_10_ambient.wav,ambient,0,umass_tree1_robot_leaf2_split_2_segment_4,0,ambient,0.9999999999955809,2.419135195960649e-12,1.0000000000000002e-12,1.0000000000000002e-12
audio/umass_tree1_robot_leaf2_split_2_segment_4_window_11_ambient.wav,ambient,0,umass_tree1_robot_leaf2_split_2_segment_4,0,ambient,0.9999999999955809,2.419135195960649e-12,1.0000000000000002e-12,1.0000000000000002e-12
audio/umass_tree1_robot_leaf2_split_2_segment_4_window_12_ambient.wav,ambient,0,umass_tree1_robot_leaf2_split_2_segment_4,0,ambient,0.9999999999955809,2.419135195960649e-12,1.0000000000000002e-12,1.0000000000000002e-12
audio/umass_tree1_robot_leaf2_split_2_segment_4_window_13_ambient.wav,ambient,0,umass_tree1_robot_leaf2_split_2_segment_4,0,ambient,0.9999999999955809,2.419135195960649e-12,1.0000000000000002e-12,1.0000000000000002e-12
audio/umass_tree1_robot_leaf2_split_2_segment_4_window_14_ambient.wav,ambient,0,umass_tree1_robot_leaf2_split_2_segment_4,0,ambient,0.9999999999955809,2.419135195960649e-12,1.0000000000000002e-12,1.0000000000000002e-12
audio/umass_tree1_robot_leaf2_split_2_segment_4_window_15_ambient.wav,ambient,0,umass_tree1_robot_leaf2_split_2_segment_4,0,ambient,0.9999999999955809,2.419135195960649e-12,1.0000000000000002e-12,1.0000000000000002e-12
audio/umass_tree1_robot_leaf2_split_2_segment_4_window_16_ambient.wav,ambient,0,umass_tree1_robot_leaf2_split_2_segment_4,0,ambient,0.9999999999955809,2.419135195960649e-12,1.0000000000000002e-12,1.0000000000000002e-12
audio/umass_tree1_robot_leaf2_split_2_segment_4_window_17_ambient.wav,ambient,0,umass_tree1_robot_leaf2_split_2_segment_4,0,ambient,0.9999999999955809,2.419135195960649e-12,1.0000000000000002e-12,1.0000000000000002e-12
audio/umass_tree1_robot_leaf2_split_2_segment_4_window_18_ambient.wav,ambient,0,umass_tree1_robot_leaf2_split_2_segment_4,0,ambient,0.9999999999955809,2.419135195960649e-12,1.0000000000000002e-12,1.0000000000000002e-12
audio/umass_tree1_robot_leaf2_split_2_segment_4_window_19_ambient.wav,ambient,0,umass_tree1_robot_leaf2_split_2_segment_4,0,ambient,0.9999999999955809,2.419135195960649e-12,1.0000000000000002e-12,1.0000000000000002e-12
audio/umass_tree1_robot_leaf2_split_2_segment_4_window_20_ambient.wav,ambient,0,umass_tree1_robot_leaf2_split_2_segment_4,0,ambient,0.9999999999955809,2.419135195960649e-12,1.0000000000000002e-12,1.0000000000000002e-12
audio/umass_tree1_robot_leaf2_split_2_segment_5_window_0_contact.wav,leaf,1,umass_tree1_robot_leaf2_split_2_segment_5,1,leaf,1.7470726976220874e-08,0.806378384566677,0.03188418508320817,0.1617374128793878
audio/umass_tree1_robot_leaf2_split_2_segment_5_window_1_contact.wav,leaf,1,umass_tree1_robot_leaf2_split_2_segment_5,1,leaf,1.7470726976220874e-08,0.806378384566677,0.03188418508320817,0.1617374128793878
audio/umass_tree6_robot_twig2_segment_0_window_0_ambient.wav,ambient,0,umass_tree6_robot_twig2_segment_0,0,ambient,0.999999999995,1e-12,1e-12,2.999999999988001e-12
audio/umass_tree6_robot_twig2_segment_0_window_1_ambient.wav,ambient,0,umass_tree6_robot_twig2_segment_0,0,ambient,0.999999999995,1e-12,1e-12,2.999999999988001e-12
audio/umass_tree6_robot_twig2_segment_1_window_0_contact.wav,twig,3,umass_tree6_robot_twig2_segment_1,3,twig,1.000088900582341e-12,1e-12,1e-12,0.999999999997
audio/umass_tree6_robot_twig2_segment_1_window_1_contact.wav,twig,3,umass_tree6_robot_twig2_segment_1,3,twig,1.000088900582341e-12,1e-12,1e-12,0.999999999997
audio/umass_tree6_robot_twig2_segment_1_window_2_contact.wav,twig,3,umass_tree6_robot_twig2_segment_1,3,twig,1.000088900582341e-12,1e-12,1e-12,0.999999999997
audio/umass_tree6_robot_twig2_segment_1_window_3_contact.wav,twig,3,umass_tree6_robot_twig2_segment_1,3,twig,1.000088900582341e-12,1e-12,1e-12,0.999999999997
audio/umass_tree6_robot_twig2_segment_1_window_4_contact.wav,twig,3,umass_tree6_robot_twig2_segment_1,3,twig,1.000088900582341e-12,1e-12,1e-12,0.999999999997
audio/umass_tree6_robot_twig2_segment_1_window_5_contact.wav,twig,3,umass_tree6_robot_twig2_segment_1,3,twig,1.000088900582341e-12,1e-12,1e-12,0.999999999997
audio/umass_tree6_robot_twig2_segment_1_window_6_contact.wav,twig,3,umass_tree6_robot_twig2_segment_1,3,twig,1.000088900582341e-12,1e-12,1e-12,0.999999999997
audio/umass_tree6_robot_twig2_segment_1_window_7_contact.wav,twig,3,umass_tree6_robot_twig2_segment_1,3,twig,1.000088900582341e-12,1e-12,1e-12,0.999999999997
audio/umass_tree6_robot_twig2_segment_1_window_8_contact.wav,twig,3,umass_tree6_robot_twig2_segment_1,3,twig,1.000088900582341e-12,1e-12,1e-12,0.999999999997
audio/umass_tree6_robot_twig2_segment_1_window_9_contact.wav,twig,3,umass_tree6_robot_twig2_segment_1,3,twig,1.000088900582341e-12,1e-12,1e-12,0.999999999997
audio/umass_tree6_robot_twig2_segment_2_window_0_contact.wav,twig,3,umass_tree6_robot_twig2_segment_2,3,twig,1.000088900582341e-12,1e-12,1e-12,0.999999999997
audio/umass_tree6_robot_twig2_segment_2_window_1_contact.wav,twig,3,umass_tree6_robot_twig2_segment_2,3,twig,1.000088900582341e-12,1e-12,1e-12,0.999999999997
audio/umass_tree6_robot_twig2_segment_2_window_2_contact.wav,twig,3,umass_tree6_robot_twig2_segment_2,3,twig,1.000088900582341e-12,1e-12,1e-12,0.999999999997
audio/umass_tree6_robot_twig2_segment_2_window_3_contact.wav,twig,3,umass_tree6_robot_twig2_segment_2,3,twig,1.000088900582341e-12,1e-12,1e-12,0.999999999997
audio/umass_tree6_robot_twig2_segment_2_window_4_contact.wav,twig,3,umass_tree6_robot_twig2_segment_2,3,twig,1.000088900582341e-12,1e-12,1e-12,0.999999999997
audio/umass_tree6_robot_twig2_segment_2_window_5_contact.wav,twig,3,umass_tree6_robot_twig2_segment_2,3,twig,1.000088900582341e-12,1e-12,1e-12,0.999999999997
audio/umass_tree6_robot_twig2_segment_2_window_6_contact.wav,twig,3,umass_tree6_robot_twig2_segment_2,3,twig,1.000088900582341e-12,1e-12,1e-12,0.999999999997
audio/umass_tree6_robot_twig2_segment_2_window_7_contact.wav,twig,3,umass_tree6_robot_twig2_segment_2,3,twig,1.000088900582341e-12,1e-12,1e-12,0.999999999997
audio/umass_tree6_robot_twig2_segment_2_window_8_contact.wav,twig,3,umass_tree6_robot_twig2_segment_2,3,twig,1.000088900582341e-12,1e-12,1e-12,0.999999999997
audio/umass_tree6_robot_twig2_segment_2_window_9_contact.wav,twig,3,umass_tree6_robot_twig2_segment_2,3,twig,1.000088900582341e-12,1e-12,1e-12,0.999999999997
audio/umass_tree6_robot_twig2_segment_2_window_10_contact.wav,twig,3,umass_tree6_robot_twig2_segment_2,3,twig,1.000088900582341e-12,1e-12,1e-12,0.999999999997
audio/umass_tree6_robot_twig2_segment_2_window_11_contact.wav,twig,3,umass_tree6_robot_twig2_segment_2,3,twig,1.000088900582341e-12,1e-12,1e-12,0.999999999997
audio/umass_tree6_robot_twig2_segment_2_window_12_contact.wav,twig,3,umass_tree6_robot_twig2_segment_2,3,twig,1.000088900582341e-12,1e-12,1e-12,0.999999999997
audio/umass_tree6_robot_twig2_segment_2_window_13_contact.wav,twig,3,umass_tree6_robot_twig2_segment_2,3,twig,1.000088900582341e-12,1e-12,1e-12,0.999999999997
audio/umass_tree6_robot_twig2_segment_2_window_14_contact.wav,twig,3,umass_tree6_robot_twig2_segment_2,3,twig,1.000088900582341e-12,1e-12,1e-12,0.999999999997
audio/umass_tree6_robot_twig2_segment_3_window_0_ambient.wav,ambient,0,umass_tree6_robot_twig2_segment_3,0,ambient,0.999999999995,1e-12,1e-12,2.999999999988001e-12
audio/umass_tree6_robot_twig2_segment_3_window_1_ambient.wav,ambient,0,umass_tree6_robot_twig2_segment_3,0,ambient,0.999999999995,1e-12,1e-12,2.999999999988001e-12
audio/umass_tree6_robot_twig2_segment_3_window_2_ambient.wav,ambient,0,umass_tree6_robot_twig2_segment_3,0,ambient,0.999999999995,1e-12,1e-12,2.999999999988001e-12
audio/umass_tree6_robot_twig2_segment_3_window_3_ambient.wav,ambient,0,umass_tree6_robot_twig2_segment_3,0,ambient,0.999999999995,1e-12,1e-12,2.999999999988001e-12
audio/umass_tree6_robot_twig2_segment_3_window_4_ambient.wav,ambient,0,umass_tree6_robot_twig2_segment_3,0,ambient,0.999999999995,1e-12,1e-12,2.999999999988001e-12
audio/umass_tree6_robot_twig2_segment_4_window_0_ambient.wav,ambient,0,umass_tree6_robot_twig2_segment_4,0,ambient,0.999999999995,1e-12,1e-12,2.999999999988001e-12
audio/umass_tree6_robot_twig2_segment_4_window_1_ambient.wav,ambient,0,umass_tree6_robot_twig2_segment_4,0,ambient,0.999999999995,1e-12,1e-12,2.999999999988001e-12
audio/umass_tree6_robot_twig2_segment_4_window_2_ambient.wav,ambient,0,umass_tree6_robot_twig2_segment_4,0,ambient,0.999999999995,1e-12,1e-12,2.999999999988001e-12
audio/umass_tree6_robot_twig2_segment_4_window_3_ambient.wav,ambient,0,umass_tree6_robot_twig2_segment_4,0,ambient,0.999999999995,1e-12,1e-12,2.999999999988001e-12
audio/umass_tree6_robot_twig2_segment_4_window_4_ambient.wav,ambient,0,umass_tree6_robot_twig2_segment_4,0,ambient,0.999999999995,1e-12,1e-12,2.999999999988001e-12
audio/umass_tree6_robot_twig2_segment_4_window_5_ambient.wav,ambient,0,umass_tree6_robot_twig2_segment_4,0,ambient,0.999999999995,1e-12,1e-12,2.999999999988001e-12
audio/umass_tree6_robot_twig2_segment_4_window_6_ambient.wav,ambient,0,umass_tree6_robot_twig2_segment_4,0,ambient,0.999999999995,1e-12,1e-12,2.999999999988001e-12
audio/umass_tree6_robot_twig2_segment_4_window_7_ambient.wav,ambient,0,umass_tree6_robot_twig2_segment_4,0,ambient,0.999999999995,1e-12,1e-12,2.999999999988001e-12
audio/umass_tree6_robot_twig2_segment_4_window_8_ambient.wav,ambient,0,umass_tree6_robot_twig2_segment_4,0,ambient,0.999999999995,1e-12,1e-12,2.999999999988001e-12
audio/umass_tree6_robot_twig2_segment_4_window_9_ambient.wav,ambient,0,umass_tree6_robot_twig2_segment_4,0,ambient,0.999999999995,1e-12,1e-12,2.999999999988001e-12
audio/umass_tree6_robot_twig2_segment_4_window_10_ambient.wav,ambient,0,umass_tree6_robot_twig2_segment_4,0,ambient,0.999999999995,1e-12,1e-12,2.999999999988001e-12
audio/umass_tree6_robot_twig2_segment_4_window_11_ambient.wav,ambient,0,umass_tree6_robot_twig2_segment_4,0,ambient,0.999999999995,1e-12,1e-12,2.999999999988001e-12
audio/umass_tree8_robot_twig2_segment_0_window_0_ambient.wav,ambient,0,umass_tree8_robot_twig2_segment_0,0,ambient,0.9999999999957234,1e-12,1e-12,2.2766400989807337e-12
audio/umass_tree8_robot_twig2_segment_0_window_1_ambient.wav,ambient,0,umass_tree8_robot_twig2_segment_0,0,ambient,0.9999999999957234,1e-12,1e-12,2.2766400989807337e-12
audio/umass_tree8_robot_twig2_segment_1_window_0_contact.wav,twig,3,umass_tree8_robot_twig2_segment_1,3,twig,1.000088900582341e-12,0.04277476534254241,0.19834520166267014,0.7588800329937874
audio/umass_tree8_robot_twig2_segment_1_window_1_contact.wav,twig,3,umass_tree8_robot_twig2_segment_1,3,twig,1.000088900582341e-12,0.04277476534254241,0.19834520166267014,0.7588800329937874
audio/umass_tree8_robot_twig2_segment_1_window_2_contact.wav,twig,3,umass_tree8_robot_twig2_segment_1,3,twig,1.000088900582341e-12,0.04277476534254241,0.19834520166267014,0.7588800329937874
audio/umass_tree8_robot_twig2_segment_1_window_3_contact.wav,twig,3,umass_tree8_robot_twig2_segment_1,3,twig,1.000088900582341e-12,0.04277476534254241,0.19834520166267014,0.7588800329937874
audio/umass_tree8_robot_twig2_segment_2_window_0_contact.wav,twig,3,umass_tree8_robot_twig2_segment_2,3,twig,1e-12,0.04277476534254242,0.19834520166267017,0.7588800329937875
audio/umass_tree8_robot_twig2_segment_2_window_1_contact.wav,twig,3,umass_tree8_robot_twig2_segment_2,3,twig,1e-12,0.04277476534254242,0.19834520166267017,0.7588800329937875
audio/umass_tree8_robot_twig2_segment_2_window_2_contact.wav,twig,3,umass_tree8_robot_twig2_segment_2,3,twig,1e-12,0.04277476534254242,0.19834520166267017,0.7588800329937875
audio/umass_tree8_robot_twig2_segment_2_window_3_contact.wav,twig,3,umass_tree8_robot_twig2_segment_2,3,twig,1e-12,0.04277476534254242,0.19834520166267017,0.7588800329937875
audio/umass_tree8_robot_twig2_segment_2_window_4_contact.wav,twig,3,umass_tree8_robot_twig2_segment_2,3,twig,1e-12,0.04277476534254242,0.19834520166267017,0.7588800329937875
audio/umass_tree8_robot_twig2_segment_2_window_5_contact.wav,twig,3,umass_tree8_robot_twig2_segment_2,3,twig,1e-12,0.04277476534254242,0.19834520166267017,0.7588800329937875
audio/umass_tree8_robot_twig2_segment_3_window_0_ambient.wav,ambient,0,umass_tree8_robot_twig2_segment_3,0,ambient,0.9999999999957234,1e-12,1e-12,2.2766400989807337e-12
audio/umass_tree8_robot_twig2_segment_3_window_1_ambient.wav,ambient,0,umass_tree8_robot_twig2_segment_3,0,ambient,0.9999999999957234,1e-12,1e-12,2.2766400989807337e-12
audio/umass_tree8_robot_twig2_segment_3_window_2_ambient.wav,ambient,0,umass_tree8_robot_twig2_segment_3,0,ambient,0.9999999999957234,1e-12,1e-12,2.2766400989807337e-12
audio/umass_tree8_robot_twig2_segment_4_window_0_ambient.wav,ambient,0,umass_tree8_robot_twig2_segment_4,0,ambient,0.9999236734894911,3.2648485764352327e-06,1.513899711910467e-05,5.7922664813329074e-05
audio/umass_tree8_robot_twig2_segment_5_window_0_ambient.wav,ambient,0,umass_tree8_robot_twig2_segment_5,0,ambient,0.9999999999957234,1e-12,1e-12,2.2766400989807337e-12
audio/umass_tree8_robot_twig2_segment_5_window_1_ambient.wav,ambient,0,umass_tree8_robot_twig2_segment_5,0,ambient,0.9999999999957234,1e-12,1e-12,2.2766400989807337e-12
audio/umass_tree8_robot_twig2_segment_5_window_2_ambient.wav,ambient,0,umass_tree8_robot_twig2_segment_5,0,ambient,0.9999999999957234,1e-12,1e-12,2.2766400989807337e-12
audio/umass_tree8_robot_twig2_segment_5_window_3_ambient.wav,ambient,0,umass_tree8_robot_twig2_segment_5,0,ambient,0.9999999999957234,1e-12,1e-12,2.2766400989807337e-12
audio/umass_tree8_robot_twig2_segment_5_window_4_ambient.wav,ambient,0,umass_tree8_robot_twig2_segment_5,0,ambient,0.9999999999957234,1e-12,1e-12,2.2766400989807337e-12
audio/umass_tree8_robot_twig2_segment_5_window_5_ambient.wav,ambient,0,umass_tree8_robot_twig2_segment_5,0,ambient,0.9999999999957234,1e-12,1e-12,2.2766400989807337e-12
audio/umass_tree8_robot_twig2_segment_5_window_6_ambient.wav,ambient,0,umass_tree8_robot_twig2_segment_5,0,ambient,0.9999999999957234,1e-12,1e-12,2.2766400989807337e-12
audio/umass_tree8_robot_twig2_segment_5_window_7_ambient.wav,ambient,0,umass_tree8_robot_twig2_segment_5,0,ambient,0.9999999999957234,1e-12,1e-12,2.2766400989807337e-12
audio/umass_tree8_robot_twig2_segment_5_window_8_ambient.wav,ambient,0,umass_tree8_robot_twig2_segment_5,0,ambient,0.9999999999957234,1e-12,1e-12,2.2766400989807337e-12
audio/umass_tree8_robot_twig2_segment_5_window_9_ambient.wav,ambient,0,umass_tree8_robot_twig2_segment_5,0,ambient,0.9999999999957234,1e-12,1e-12,2.2766400989807337e-12
audio/umass_tree8_robot_twig2_segment_5_window_10_ambient.wav,ambient,0,umass_tree8_robot_twig2_segment_5,0,ambient,0.9999999999957234,1e-12,1e-12,2.2766400989807337e-12
audio/umass_tree8_robot_twig2_segment_5_window_11_ambient.wav,ambient,0,umass_tree8_robot_twig2_segment_5,0,ambient,0.9999999999957234,1e-12,1e-12,2.2766400989807337e-12
audio/umass_tree8_robot_twig2_segment_5_window_12_ambient.wav,ambient,0,umass_tree8_robot_twig2_segment_5,0,ambient,0.9999999999957234,1e-12,1e-12,2.2766400989807337e-12
audio/umass_tree8_robot_twig2_segment_5_window_13_ambient.wav,ambient,0,umass_tree8_robot_twig2_segment_5,0,ambient,0.9999999999957234,1e-12,1e-12,2.2766400989807337e-12
audio/umass_tree8_robot_twig2_segment_6_window_0_contact.wav,twig,3,umass_tree8_robot_twig2_segment_6,3,twig,1e-12,0.04277476534254242,0.19834520166267017,0.7588800329937875
audio/umass_tree8_robot_twig2_segment_6_window_1_contact.wav,twig,3,umass_tree8_robot_twig2_segment_6,3,twig,1e-12,0.04277476534254242,0.19834520166267017,0.7588800329937875
audio/umass_tree8_robot_twig2_segment_6_window_2_contact.wav,twig,3,umass_tree8_robot_twig2_segment_6,3,twig,1e-12,0.04277476534254242,0.19834520166267017,0.7588800329937875
audio/umass_tree8_robot_twig2_segment_6_window_3_contact.wav,twig,3,umass_tree8_robot_twig2_segment_6,3,twig,1e-12,0.04277476534254242,0.19834520166267017,0.7588800329937875
audio/umass_tree8_robot_twig2_segment_6_window_4_contact.wav,twig,3,umass_tree8_robot_twig2_segment_6,3,twig,1e-12,0.04277476534254242,0.19834520166267017,0.7588800329937875
audio/umass_tree8_robot_twig2_segment_6_window_5_contact.wav,twig,3,umass_tree8_robot_twig2_segment_6,3,twig,1e-12,0.04277476534254242,0.19834520166267017,0.7588800329937875
audio/umass_tree8_robot_twig2_segment_6_window_6_contact.wav,twig,3,umass_tree8_robot_twig2_segment_6,3,twig,1e-12,0.04277476534254242,0.19834520166267017,0.7588800329937875
audio/umass_tree8_robot_twig2_segment_6_window_7_contact.wav,twig,3,umass_tree8_robot_twig2_segment_6,3,twig,1e-12,0.04277476534254242,0.19834520166267017,0.7588800329937875
audio/umass_tree8_robot_twig2_segment_6_window_8_contact.wav,twig,3,umass_tree8_robot_twig2_segment_6,3,twig,1e-12,0.04277476534254242,0.19834520166267017,0.7588800329937875
audio/umass_tree8_robot_twig2_segment_6_window_9_contact.wav,twig,3,umass_tree8_robot_twig2_segment_6,3,twig,1e-12,0.04277476534254242,0.19834520166267017,0.7588800329937875
audio/umass_tree8_robot_twig2_segment_6_window_10_contact.wav,twig,3,umass_tree8_robot_twig2_segment_6,3,twig,1e-12,0.04277476534254242,0.19834520166267017,0.7588800329937875
audio/umass_tree8_robot_twig2_segment_6_window_11_contact.wav,twig,3,umass_tree8_robot_twig2_segment_6,3,twig,1e-12,0.04277476534254242,0.19834520166267017,0.7588800329937875
audio/umass_tree8_robot_twig2_segment_7_window_0_contact.wav,twig,3,umass_tree8_robot_twig2_segment_7,3,twig,6.267047220687161e-05,0.042772084627842634,0.19833277127542032,0.7588324736245302
audio/umass_tree8_robot_twig2_segment_8_window_0_contact.wav,twig,3,umass_tree8_robot_twig2_segment_8,3,twig,1e-12,0.04277476534254242,0.19834520166267017,0.7588800329937875
audio/umass_tree8_robot_twig2_segment_8_window_1_contact.wav,twig,3,umass_tree8_robot_twig2_segment_8,3,twig,1e-12,0.04277476534254242,0.19834520166267017,0.7588800329937875
audio/umass_tree8_robot_twig2_segment_8_window_2_contact.wav,twig,3,umass_tree8_robot_twig2_segment_8,3,twig,1e-12,0.04277476534254242,0.19834520166267017,0.7588800329937875
audio/umass_tree8_robot_twig2_segment_8_window_3_contact.wav,twig,3,umass_tree8_robot_twig2_segment_8,3,twig,1e-12,0.04277476534254242,0.19834520166267017,0.7588800329937875
audio/umass_tree8_robot_twig2_segment_8_window_4_contact.wav,twig,3,umass_tree8_robot_twig2_segment_8,3,twig,1e-12,0.04277476534254242,0.19834520166267017,0.7588800329937875
audio/umass_tree8_robot_twig2_segment_8_window_5_contact.wav,twig,3,umass_tree8_robot_twig2_segment_8,3,twig,1e-12,0.04277476534254242,0.19834520166267017,0.7588800329937875
audio/umass_tree8_robot_twig2_segment_8_window_6_contact.wav,twig,3,umass_tree8_robot_twig2_segment_8,3,twig,1e-12,0.04277476534254242,0.19834520166267017,0.7588800329937875
audio/umass_tree8_robot_twig2_segment_8_window_7_contact.wav,twig,3,umass_tree8_robot_twig2_segment_8,3,twig,1e-12,0.04277476534254242,0.19834520166267017,0.7588800329937875
audio/umass_tree8_robot_twig2_segment_9_window_0_ambient.wav,ambient,0,umass_tree8_robot_twig2_segment_9,0,ambient,0.9999999999957234,1e-12,1e-12,2.2766400989807337e-12
audio/umass_tree8_robot_twig2_segment_9_window_1_ambient.wav,ambient,0,umass_tree8_robot_twig2_segment_9,0,ambient,0.9999999999957234,1e-12,1e-12,2.2766400989807337e-12
audio/umass_tree8_robot_twig2_segment_9_window_2_ambient.wav,ambient,0,umass_tree8_robot_twig2_segment_9,0,ambient,0.9999999999957234,1e-12,1e-12,2.2766400989807337e-12
audio/umass_tree8_robot_twig2_segment_9_window_3_ambient.wav,ambient,0,umass_tree8_robot_twig2_segment_9,0,ambient,0.9999999999957234,1e-12,1e-12,2.2766400989807337e-12
audio/umass_tree5_robot_trunk1_segment_0_window_0_ambient.wav,ambient,0,umass_tree5_robot_trunk1_segment_0,0,ambient,0.999999999995,1e-12,2.999999999988001e-12,1e-12
audio/umass_tree5_robot_trunk1_segment_0_window_1_ambient.wav,ambient,0,umass_tree5_robot_trunk1_segment_0,0,ambient,0.999999999995,1e-12,2.999999999988001e-12,1e-12
audio/umass_tree5_robot_trunk1_segment_0_window_2_ambient.wav,ambient,0,umass_tree5_robot_trunk1_segment_0,0,ambient,0.999999999995,1e-12,2.999999999988001e-12,1e-12
audio/umass_tree5_robot_trunk1_segment_0_window_3_ambient.wav,ambient,0,umass_tree5_robot_trunk1_segment_0,0,ambient,0.999999999995,1e-12,2.999999999988001e-12,1e-12
audio/umass_tree5_robot_trunk1_segment_0_window_4_ambient.wav,ambient,0,umass_tree5_robot_trunk1_segment_0,0,ambient,0.999999999995,1e-12,2.999999999988001e-12,1e-12
audio/umass_tree5_robot_trunk1_segment_0_window_5_ambient.wav,ambient,0,umass_tree5_robot_trunk1_segment_0,0,ambient,0.999999999995,1e-12,2.999999999988001e-12,1e-12
audio/umass_tree5_robot_trunk1_segment_1_window_0_ambient.wav,ambient,0,umass_tree5_robot_trunk1_segment_1,0,ambient,0.999999999995,1e-12,2.999999999988001e-12,1e-12
audio/umass_tree5_robot_trunk1_segment_1_window_1_ambient.wav,ambient,0,umass_tree5_robot_trunk1_segment_1,0,ambient,0.999999999995,1e-12,2.999999999988001e-12,1e-12
audio/umass_tree5_robot_trunk1_segment_1_window_2_ambient.wav,ambient,0,umass_tree5_robot_trunk1_segment_1,0,ambient,0.999999999995,1e-12,2.999999999988001e-12,1e-12
audio/umass_tree5_robot_trunk1_segment_2_window_0_ambient.wav,ambient,0,umass_tree5_robot_trunk1_segment_2,0,ambient,0.999999999995,1e-12,2.999999999988001e-12,1e-12
audio/umass_tree5_robot_trunk1_segment_2_window_1_ambient.wav,ambient,0,umass_tree5_robot_trunk1_segment_2,0,ambient,0.999999999995,1e-12,2.999999999988001e-12,1e-12
audio/umass_tree5_robot_trunk1_segment_2_window_2_ambient.wav,ambient,0,umass_tree5_robot_trunk1_segment_2,0,ambient,0.999999999995,1e-12,2.999999999988001e-12,1e-12
audio/umass_tree5_robot_trunk1_segment_2_window_3_ambient.wav,ambient,0,umass_tree5_robot_trunk1_segment_2,0,ambient,0.999999999995,1e-12,2.999999999988001e-12,1e-12
audio/umass_tree5_robot_trunk1_segment_2_window_4_ambient.wav,ambient,0,umass_tree5_robot_trunk1_segment_2,0,ambient,0.999999999995,1e-12,2.999999999988001e-12,1e-12
audio/umass_tree5_robot_trunk1_segment_2_window_5_ambient.wav,ambient,0,umass_tree5_robot_trunk1_segment_2,0,ambient,0.999999999995,1e-12,2.999999999988001e-12,1e-12
audio/umass_tree5_robot_trunk1_segment_2_window_6_ambient.wav,ambient,0,umass_tree5_robot_trunk1_segment_2,0,ambient,0.999999999995,1e-12,2.999999999988001e-12,1e-12
audio/umass_tree5_robot_trunk1_segment_2_window_7_ambient.wav,ambient,0,umass_tree5_robot_trunk1_segment_2,0,ambient,0.999999999995,1e-12,2.999999999988001e-12,1e-12
audio/umass_tree5_robot_trunk1_segment_2_window_8_ambient.wav,ambient,0,umass_tree5_robot_trunk1_segment_2,0,ambient,0.999999999995,1e-12,2.999999999988001e-12,1e-12
audio/umass_tree5_robot_trunk1_segment_2_window_9_ambient.wav,ambient,0,umass_tree5_robot_trunk1_segment_2,0,ambient,0.999999999995,1e-12,2.999999999988001e-12,1e-12
audio/umass_tree5_robot_trunk1_segment_3_window_0_contact.wav,trunk,2,umass_tree5_robot_trunk1_segment_3,2,trunk,1e-12,1.0000000000000002e-12,0.9999999999970001,1.0000000000000002e-12
audio/umass_tree5_robot_trunk1_segment_3_window_1_contact.wav,trunk,2,umass_tree5_robot_trunk1_segment_3,2,trunk,1e-12,1.0000000000000002e-12,0.9999999999970001,1.0000000000000002e-12
audio/umass_tree5_robot_trunk1_segment_3_window_2_contact.wav,trunk,2,umass_tree5_robot_trunk1_segment_3,2,trunk,1e-12,1.0000000000000002e-12,0.9999999999970001,1.0000000000000002e-12
audio/umass_tree5_robot_trunk1_segment_3_window_3_contact.wav,trunk,2,umass_tree5_robot_trunk1_segment_3,2,trunk,1e-12,1.0000000000000002e-12,0.9999999999970001,1.0000000000000002e-12
audio/umass_tree5_robot_trunk1_segment_3_window_4_contact.wav,trunk,2,umass_tree5_robot_trunk1_segment_3,2,trunk,1e-12,1.0000000000000002e-12,0.9999999999970001,1.0000000000000002e-12
audio/umass_tree5_robot_trunk1_segment_3_window_5_contact.wav,trunk,2,umass_tree5_robot_trunk1_segment_3,2,trunk,1e-12,1.0000000000000002e-12,0.9999999999970001,1.0000000000000002e-12
audio/umass_tree5_robot_trunk1_segment_3_window_6_contact.wav,trunk,2,umass_tree5_robot_trunk1_segment_3,2,trunk,1e-12,1.0000000000000002e-12,0.9999999999970001,1.0000000000000002e-12
audio/umass_tree5_robot_trunk1_segment_3_window_7_contact.wav,trunk,2,umass_tree5_robot_trunk1_segment_3,2,trunk,1e-12,1.0000000000000002e-12,0.9999999999970001,1.0000000000000002e-12
audio/umass_tree5_robot_trunk1_segment_3_window_8_contact.wav,trunk,2,umass_tree5_robot_trunk1_segment_3,2,trunk,1e-12,1.0000000000000002e-12,0.9999999999970001,1.0000000000000002e-12
audio/umass_tree5_robot_trunk1_segment_3_window_9_contact.wav,trunk,2,umass_tree5_robot_trunk1_segment_3,2,trunk,1e-12,1.0000000000000002e-12,0.9999999999970001,1.0000000000000002e-12
audio/umass_tree5_robot_trunk1_segment_3_window_10_contact.wav,trunk,2,umass_tree5_robot_trunk1_segment_3,2,trunk,1e-12,1.0000000000000002e-12,0.9999999999970001,1.0000000000000002e-12
audio/umass_tree5_robot_trunk1_segment_3_window_11_contact.wav,trunk,2,umass_tree5_robot_trunk1_segment_3,2,trunk,1e-12,1.0000000000000002e-12,0.9999999999970001,1.0000000000000002e-12
audio/umass_tree5_robot_trunk1_segment_3_window_12_contact.wav,trunk,2,umass_tree5_robot_trunk1_segment_3,2,trunk,1e-12,1.0000000000000002e-12,0.9999999999970001,1.0000000000000002e-12
audio/umass_tree5_robot_trunk1_segment_3_window_13_contact.wav,trunk,2,umass_tree5_robot_trunk1_segment_3,2,trunk,1e-12,1.0000000000000002e-12,0.9999999999970001,1.0000000000000002e-12
audio/umass_tree5_robot_trunk1_segment_3_window_14_contact.wav,trunk,2,umass_tree5_robot_trunk1_segment_3,2,trunk,1e-12,1.0000000000000002e-12,0.9999999999970001,1.0000000000000002e-12
audio/umass_tree5_robot_trunk1_segment_4_window_0_ambient.wav,ambient,0,umass_tree5_robot_trunk1_segment_4,0,ambient,0.999999999995,1e-12,2.999999999988001e-12,1e-12
audio/umass_tree5_robot_trunk1_segment_4_window_1_ambient.wav,ambient,0,umass_tree5_robot_trunk1_segment_4,0,ambient,0.999999999995,1e-12,2.999999999988001e-12,1e-12
audio/umass_tree5_robot_trunk1_segment_4_window_2_ambient.wav,ambient,0,umass_tree5_robot_trunk1_segment_4,0,ambient,0.999999999995,1e-12,2.999999999988001e-12,1e-12
audio/umass_tree5_robot_trunk1_segment_4_window_3_ambient.wav,ambient,0,umass_tree5_robot_trunk1_segment_4,0,ambient,0.999999999995,1e-12,2.999999999988001e-12,1e-12
audio/umass_tree5_robot_trunk1_segment_4_window_4_ambient.wav,ambient,0,umass_tree5_robot_trunk1_segment_4,0,ambient,0.999999999995,1e-12,2.999999999988001e-12,1e-12
audio/umass_tree5_robot_trunk1_segment_4_window_5_ambient.wav,ambient,0,umass_tree5_robot_trunk1_segment_4,0,ambient,0.999999999995,1e-12,2.999999999988001e-12,1e-12
audio/umass_tree3_robot_leaf1_segment_0_window_0_ambient.wav,ambient,0,umass_tree3_robot_leaf1_segment_0,0,ambient,0.9999999999954412,2.5588191446816844e-12,1.0000000000000002e-12,1.0000000000000002e-12
audio/umass_tree3_robot_leaf1_segment_0_window_1_ambient.wav,ambient,0,umass_tree3_robot_leaf1_segment_0,0,ambient,0.9999999999954412,2.5588191446816844e-12,1.0000000000000002e-12,1.0000000000000002e-12
audio/umass_tree3_robot_leaf1_segment_0_window_2_ambient.wav,ambient,0,umass_tree3_robot_leaf1_segment_0,0,ambient,0.9999999999954412,2.5588191446816844e-12,1.0000000000000002e-12,1.0000000000000002e-12
audio/umass_tree3_robot_leaf1_segment_0_window_3_ambient.wav,ambient,0,umass_tree3_robot_leaf1_segment_0,0,ambient,0.9999999999954412,2.5588191446816844e-12,1.0000000000000002e-12,1.0000000000000002e-12
audio/umass_tree3_robot_leaf1_segment_0_window_4_ambient.wav,ambient,0,umass_tree3_robot_leaf1_segment_0,0,ambient,0.9999999999954412,2.5588191446816844e-12,1.0000000000000002e-12,1.0000000000000002e-12
audio/umass_tree3_robot_leaf1_segment_1_window_0_contact.wav,leaf,1,umass_tree3_robot_leaf1_segment_1,0,ambient,0.8913942034818372,0.0926341971181706,0.004235112238781045,0.011736487161211265
audio/umass_tree3_robot_leaf1_segment_1_window_1_contact.wav,leaf,1,umass_tree3_robot_leaf1_segment_1,0,ambient,0.8913942034818372,0.0926341971181706,0.004235112238781045,0.011736487161211265
audio/umass_tree3_robot_leaf1_segment_2_window_0_contact.wav,leaf,1,umass_tree3_robot_leaf1_segment_2,1,leaf,0.0012376464128500686,0.8518840771167067,0.03894700654033056,0.10793126993011268
audio/umass_tree3_robot_leaf1_segment_2_window_1_contact.wav,leaf,1,umass_tree3_robot_leaf1_segment_2,1,leaf,0.0012376464128500686,0.8518840771167067,0.03894700654033056,0.10793126993011268
audio/umass_tree3_robot_leaf1_segment_2_window_2_contact.wav,leaf,1,umass_tree3_robot_leaf1_segment_2,1,leaf,0.0012376464128500686,0.8518840771167067,0.03894700654033056,0.10793126993011268
audio/umass_tree3_robot_leaf1_segment_2_window_3_contact.wav,leaf,1,umass_tree3_robot_leaf1_segment_2,1,leaf,0.0012376464128500686,0.8518840771167067,0.03894700654033056,0.10793126993011268
audio/umass_tree3_robot_leaf1_segment_2_window_4_contact.wav,leaf,1,umass_tree3_robot_leaf1_segment_2,1,leaf,0.0012376464128500686,0.8518840771167067,0.03894700654033056,0.10793126993011268
audio/umass_tree3_robot_leaf1_segment_2_window_5_contact.wav,leaf,1,umass_tree3_robot_leaf1_segment_2,1,leaf,0.0012376464128500686,0.8518840771167067,0.03894700654033056,0.10793126993011268
audio/umass_tree3_robot_leaf1_segment_3_window_0_ambient.wav,ambient,0,umass_tree3_robot_leaf1_segment_3,0,ambient,0.9999999999954412,2.5588191446816844e-12,1.0000000000000002e-12,1.0000000000000002e-12
audio/umass_tree3_robot_leaf1_segment_3_window_1_ambient.wav,ambient,0,umass_tree3_robot_leaf1_segment_3,0,ambient,0.9999999999954412,2.5588191446816844e-12,1.0000000000000002e-12,1.0000000000000002e-12
audio/umass_tree3_robot_leaf1_segment_3_window_2_ambient.wav,ambient,0,umass_tree3_robot_leaf1_segment_3,0,ambient,0.9999999999954412,2.5588191446816844e-12,1.0000000000000002e-12,1.0000000000000002e-12
audio/umass_tree3_robot_leaf1_segment_3_window_3_ambient.wav,ambient,0,umass_tree3_robot_leaf1_segment_3,0,ambient,0.9999999999954412,2.5588191446816844e-12,1.0000000000000002e-12,1.0000000000000002e-12
audio/umass_tree3_robot_leaf1_segment_3_window_4_ambient.wav,ambient,0,umass_tree3_robot_leaf1_segment_3,0,ambient,0.9999999999954412,2.5588191446816844e-12,1.0000000000000002e-12,1.0000000000000002e-12
audio/umass_tree3_robot_leaf1_segment_4_window_0_ambient.wav,ambient,0,umass_tree3_robot_leaf1_segment_4,0,ambient,0.9999999999954412,2.5588191446816844e-12,1.0000000000000002e-12,1.0000000000000002e-12
audio/umass_tree3_robot_leaf1_segment_4_window_1_ambient.wav,ambient,0,umass_tree3_robot_leaf1_segment_4,0,ambient,0.9999999999954412,2.5588191446816844e-12,1.0000000000000002e-12,1.0000000000000002e-12
audio/umass_tree3_robot_leaf1_segment_4_window_2_ambient.wav,ambient,0,umass_tree3_robot_leaf1_segment_4,0,ambient,0.9999999999954412,2.5588191446816844e-12,1.0000000000000002e-12,1.0000000000000002e-12
audio/umass_tree3_robot_leaf1_segment_4_window_3_ambient.wav,ambient,0,umass_tree3_robot_leaf1_segment_4,0,ambient,0.9999999999954412,2.5588191446816844e-12,1.0000000000000002e-12,1.0000000000000002e-12
audio/umass_tree3_robot_leaf1_segment_4_window_4_ambient.wav,ambient,0,umass_tree3_robot_leaf1_segment_4,0,ambient,0.9999999999954412,2.5588191446816844e-12,1.0000000000000002e-12,1.0000000000000002e-12
audio/umass_tree3_robot_leaf1_segment_4_window_5_ambient.wav,ambient,0,umass_tree3_robot_leaf1_segment_4,0,ambient,0.9999999999954412,2.5588191446816844e-12,1.0000000000000002e-12,1.0000000000000002e-12
audio/umass_tree3_robot_leaf1_segment_4_window_6_ambient.wav,ambient,0,umass_tree3_robot_leaf1_segment_4,0,ambient,0.9999999999954412,2.5588191446816844e-12,1.0000000000000002e-12,1.0000000000000002e-12
audio/umass_tree3_robot_leaf1_segment_4_window_7_ambient.wav,ambient,0,umass_tree3_robot_leaf1_segment_4,0,ambient,0.9999999999954412,2.5588191446816844e-12,1.0000000000000002e-12,1.0000000000000002e-12
audio/umass_tree3_robot_leaf1_segment_4_window_8_ambient.wav,ambient,0,umass_tree3_robot_leaf1_segment_4,0,ambient,0.9999999999954412,2.5588191446816844e-12,1.0000000000000002e-12,1.0000000000000002e-12
audio/umass_tree3_robot_leaf1_segment_4_window_9_ambient.wav,ambient,0,umass_tree3_robot_leaf1_segment_4,0,ambient,0.9999999999954412,2.5588191446816844e-12,1.0000000000000002e-12,1.0000000000000002e-12
audio/umass_tree3_robot_leaf1_segment_4_window_10_ambient.wav,ambient,0,umass_tree3_robot_leaf1_segment_4,0,ambient,0.9999999999954412,2.5588191446816844e-12,1.0000000000000002e-12,1.0000000000000002e-12
audio/umass_tree3_robot_leaf1_segment_4_window_11_ambient.wav,ambient,0,umass_tree3_robot_leaf1_segment_4,0,ambient,0.9999999999954412,2.5588191446816844e-12,1.0000000000000002e-12,1.0000000000000002e-12
audio/umass_tree3_robot_leaf1_segment_5_window_0_contact.wav,leaf,1,umass_tree3_robot_leaf1_segment_5,1,leaf,1e-12,0.8529397148943713,0.03899526889495758,0.10806501620967122
audio/umass_tree3_robot_leaf1_segment_5_window_1_contact.wav,leaf,1,umass_tree3_robot_leaf1_segment_5,1,leaf,1e-12,0.8529397148943713,0.03899526889495758,0.10806501620967122
audio/umass_tree3_robot_leaf1_segment_5_window_2_contact.wav,leaf,1,umass_tree3_robot_leaf1_segment_5,1,leaf,1e-12,0.8529397148943713,0.03899526889495758,0.10806501620967122
audio/umass_tree3_robot_leaf1_segment_5_window_3_contact.wav,leaf,1,umass_tree3_robot_leaf1_segment_5,1,leaf,1e-12,0.8529397148943713,0.03899526889495758,0.10806501620967122
audio/umass_tree3_robot_leaf1_segment_5_window_4_contact.wav,leaf,1,umass_tree3_robot_leaf1_segment_5,1,leaf,1e-12,0.8529397148943713,0.03899526889495758,0.10806501620967122
audio/umass_tree3_robot_leaf1_segment_5_window_5_contact.wav,leaf,1,umass_tree3_robot_leaf1_segment_5,1,leaf,1e-12,0.8529397148943713,0.03899526889495758,0.10806501620967122
audio/umass_tree3_robot_leaf1_segment_5_window_6_contact.wav,leaf,1,umass_tree3_robot_leaf1_segment_5,1,leaf,1e-12,0.8529397148943713,0.03899526889495758,0.10806501620967122
audio/umass_tree3_robot_leaf1_segment_5_window_7_contact.wav,leaf,1,umass_tree3_robot_leaf1_segment_5,1,leaf,1e-12,0.8529397148943713,0.03899526889495758,0.10806501620967122
audio/umass_tree3_robot_leaf1_segment_5_window_8_contact.wav,leaf,1,umass_tree3_robot_leaf1_segment_5,1,leaf,1e-12,0.8529397148943713,0.03899526889495758,0.10806501620967122
audio/umass_tree3_robot_leaf1_segment_5_window_9_contact.wav,leaf,1,umass_tree3_robot_leaf1_segment_5,1,leaf,1e-12,0.8529397148943713,0.03899526889495758,0.10806501620967122
audio/umass_tree3_robot_leaf1_segment_6_window_0_contact.wav,leaf,1,umass_tree3_robot_leaf1_segment_6,1,leaf,1.000088900582341e-12,0.8529397148943711,0.03899526889495758,0.10806501620967121
audio/umass_tree3_robot_leaf1_segment_6_window_1_contact.wav,leaf,1,umass_tree3_robot_leaf1_segment_6,1,leaf,1.000088900582341e-12,0.8529397148943711,0.03899526889495758,0.10806501620967121
audio/umass_tree3_robot_leaf1_segment_6_window_2_contact.wav,leaf,1,umass_tree3_robot_leaf1_segment_6,1,leaf,1.000088900582341e-12,0.8529397148943711,0.03899526889495758,0.10806501620967121
audio/umass_tree3_robot_leaf1_segment_6_window_3_contact.wav,leaf,1,umass_tree3_robot_leaf1_segment_6,1,leaf,1.000088900582341e-12,0.8529397148943711,0.03899526889495758,0.10806501620967121
audio/umass_tree3_robot_leaf1_segment_6_window_4_contact.wav,leaf,1,umass_tree3_robot_leaf1_segment_6,1,leaf,1.000088900582341e-12,0.8529397148943711,0.03899526889495758,0.10806501620967121
audio/umass_tree3_robot_leaf1_segment_6_window_5_contact.wav,leaf,1,umass_tree3_robot_leaf1_segment_6,1,leaf,1.000088900582341e-12,0.8529397148943711,0.03899526889495758,0.10806501620967121
audio/umass_tree3_robot_leaf1_segment_6_window_6_contact.wav,leaf,1,umass_tree3_robot_leaf1_segment_6,1,leaf,1.000088900582341e-12,0.8529397148943711,0.03899526889495758,0.10806501620967121
audio/umass_tree3_robot_leaf1_segment_6_window_7_contact.wav,leaf,1,umass_tree3_robot_leaf1_segment_6,1,leaf,1.000088900582341e-12,0.8529397148943711,0.03899526889495758,0.10806501620967121
audio/umass_tree3_robot_leaf1_segment_6_window_8_contact.wav,leaf,1,umass_tree3_robot_leaf1_segment_6,1,leaf,1.000088900582341e-12,0.8529397148943711,0.03899526889495758,0.10806501620967121
audio/umass_tree3_robot_leaf1_segment_6_window_9_contact.wav,leaf,1,umass_tree3_robot_leaf1_segment_6,1,leaf,1.000088900582341e-12,0.8529397148943711,0.03899526889495758,0.10806501620967121
audio/umass_tree3_robot_leaf1_segment_7_window_0_ambient.wav,ambient,0,umass_tree3_robot_leaf1_segment_7,0,ambient,0.9999999999954412,2.5588191446816844e-12,1.0000000000000002e-12,1.0000000000000002e-12
audio/umass_tree3_robot_leaf1_segment_7_window_1_ambient.wav,ambient,0,umass_tree3_robot_leaf1_segment_7,0,ambient,0.9999999999954412,2.5588191446816844e-12,1.0000000000000002e-12,1.0000000000000002e-12
audio/umass_tree3_robot_leaf1_segment_8_window_0_contact.wav,leaf,1,umass_tree3_robot_leaf1_segment_8,1,leaf,0.012885314856698082,0.8419493181150168,0.03849280257736294,0.1066725644509221
audio/umass_tree1_robot_trunk2_split_1_segment_0_window_0_ambient.wav,ambient,0,umass_tree1_robot_trunk2_split_1_segment_0,0,ambient,0.999999999995595,1.0000000000000002e-12,2.405125096612506e-12,1.0000000000000002e-12
audio/umass_tree1_robot_trunk2_split_1_segment_0_window_1_ambient.wav,ambient,0,umass_tree1_robot_trunk2_split_1_segment_0,0,ambient,0.999999999995595,1.0000000000000002e-12,2.405125096612506e-12,1.0000000000000002e-12
audio/umass_tree1_robot_trunk2_split_1_segment_0_window_2_ambient.wav,ambient,0,umass_tree1_robot_trunk2_split_1_segment_0,0,ambient,0.999999999995595,1.0000000000000002e-12,2.405125096612506e-12,1.0000000000000002e-12
audio/umass_tree1_robot_trunk2_split_1_segment_1_window_0_contact.wav,trunk,2,umass_tree1_robot_trunk2_split_1_segment_1,2,trunk,1e-12,6.81980651729627e-10,0.8017083655378264,0.198291633779193
audio/umass_tree1_robot_trunk2_split_1_segment_1_window_1_contact.wav,trunk,2,umass_tree1_robot_trunk2_split_1_segment_1,2,trunk,1e-12,6.81980651729627e-10,0.8017083655378264,0.198291633779193
audio/umass_tree1_robot_trunk2_split_1_segment_1_window_2_contact.wav,trunk,2,umass_tree1_robot_trunk2_split_1_segment_1,2,trunk,1e-12,6.81980651729627e-10,0.8017083655378264,0.198291633779193
audio/umass_tree1_robot_trunk2_split_1_segment_1_window_3_contact.wav,trunk,2,umass_tree1_robot_trunk2_split_1_segment_1,2,trunk,1e-12,6.81980651729627e-10,0.8017083655378264,0.198291633779193
audio/umass_tree1_robot_trunk2_split_1_segment_2_window_0_ambient.wav,ambient,0,umass_tree1_robot_trunk2_split_1_segment_2,0,ambient,0.999999999995595,1.0000000000000002e-12,2.405125096612506e-12,1.0000000000000002e-12
audio/umass_tree1_robot_trunk2_split_1_segment_2_window_1_ambient.wav,ambient,0,umass_tree1_robot_trunk2_split_1_segment_2,0,ambient,0.999999999995595,1.0000000000000002e-12,2.405125096612506e-12,1.0000000000000002e-12
audio/umass_tree1_robot_trunk2_split_1_segment_2_window_2_ambient.wav,ambient,0,umass_tree1_robot_trunk2_split_1_segment_2,0,ambient,0.999999999995595,1.0000000000000002e-12,2.405125096612506e-12,1.0000000000000002e-12
audio/umass_tree1_robot_trunk2_split_1_segment_2_window_3_ambient.wav,ambient,0,umass_tree1_robot_trunk2_split_1_segment_2,0,ambient,0.999999999995595,1.0000000000000002e-12,2.405125096612506e-12,1.0000000000000002e-12
audio/umass_tree1_robot_trunk2_split_1_segment_2_window_4_ambient.wav,ambient,0,umass_tree1_robot_trunk2_split_1_segment_2,0,ambient,0.999999999995595,1.0000000000000002e-12,2.405125096612506e-12,1.0000000000000002e-12
audio/umass_tree1_robot_trunk2_split_1_segment_2_window_5_ambient.wav,ambient,0,umass_tree1_robot_trunk2_split_1_segment_2,0,ambient,0.999999999995595,1.0000000000000002e-12,2.405125096612506e-12,1.0000000000000002e-12
audio/umass_tree1_robot_trunk2_split_1_segment_2_window_6_ambient.wav,ambient,0,umass_tree1_robot_trunk2_split_1_segment_2,0,ambient,0.999999999995595,1.0000000000000002e-12,2.405125096612506e-12,1.0000000000000002e-12
audio/umass_tree1_robot_trunk2_split_1_segment_2_window_7_ambient.wav,ambient,0,umass_tree1_robot_trunk2_split_1_segment_2,0,ambient,0.999999999995595,1.0000000000000002e-12,2.405125096612506e-12,1.0000000000000002e-12
audio/umass_tree1_robot_trunk2_split_1_segment_2_window_8_ambient.wav,ambient,0,umass_tree1_robot_trunk2_split_1_segment_2,0,ambient,0.999999999995595,1.0000000000000002e-12,2.405125096612506e-12,1.0000000000000002e-12
audio/umass_tree1_robot_trunk2_split_1_segment_2_window_9_ambient.wav,ambient,0,umass_tree1_robot_trunk2_split_1_segment_2,0,ambient,0.999999999995595,1.0000000000000002e-12,2.405125096612506e-12,1.0000000000000002e-12
audio/umass_tree1_robot_trunk2_split_1_segment_2_window_10_ambient.wav,ambient,0,umass_tree1_robot_trunk2_split_1_segment_2,0,ambient,0.999999999995595,1.0000000000000002e-12,2.405125096612506e-12,1.0000000000000002e-12
audio/umass_tree1_robot_trunk2_split_1_segment_2_window_11_ambient.wav,ambient,0,umass_tree1_robot_trunk2_split_1_segment_2,0,ambient,0.999999999995595,1.0000000000000002e-12,2.405125096612506e-12,1.0000000000000002e-12
audio/umass_tree1_robot_trunk2_split_1_segment_2_window_12_ambient.wav,ambient,0,umass_tree1_robot_trunk2_split_1_segment_2,0,ambient,0.999999999995595,1.0000000000000002e-12,2.405125096612506e-12,1.0000000000000002e-12
audio/umass_tree1_robot_trunk2_split_1_segment_3_window_0_contact.wav,trunk,2,umass_tree1_robot_trunk2_split_1_segment_3,2,trunk,1e-12,6.81980651729627e-10,0.8017083655378264,0.198291633779193
audio/umass_tree1_robot_trunk2_split_1_segment_3_window_1_contact.wav,trunk,2,umass_tree1_robot_trunk2_split_1_segment_3,2,trunk,1e-12,6.81980651729627e-10,0.8017083655378264,0.198291633779193
audio/umass_tree1_robot_trunk2_split_1_segment_3_window_2_contact.wav,trunk,2,umass_tree1_robot_trunk2_split_1_segment_3,2,trunk,1e-12,6.81980651729627e-10,0.8017083655378264,0.198291633779193
audio/umass_tree1_robot_trunk2_split_1_segment_3_window_3_contact.wav,trunk,2,umass_tree1_robot_trunk2_split_1_segment_3,2,trunk,1e-12,6.81980651729627e-10,0.8017083655378264,0.198291633779193
audio/umass_tree1_robot_trunk2_split_1_segment_3_window_4_contact.wav,trunk,2,umass_tree1_robot_trunk2_split_1_segment_3,2,trunk,1e-12,6.81980651729627e-10,0.8017083655378264,0.198291633779193
audio/umass_tree1_robot_trunk2_split_1_segment_4_window_0_ambient.wav,ambient,0,umass_tree1_robot_trunk2_split_1_segment_4,0,ambient,0.999999999995595,1.0000000000000002e-12,2.405125096612506e-12,1.0000000000000002e-12
audio/umass_tree1_robot_trunk2_split_1_segment_4_window_1_ambient.wav,ambient,0,umass_tree1_robot_trunk2_split_1_segment_4,0,ambient,0.999999999995595,1.0000000000000002e-12,2.405125096612506e-12,1.0000000000000002e-12
audio/umass_tree1_robot_trunk2_split_1_segment_4_window_2_ambient.wav,ambient,0,umass_tree1_robot_trunk2_split_1_segment_4,0,ambient,0.999999999995595,1.0000000000000002e-12,2.405125096612506e-12,1.0000000000000002e-12
audio/umass_tree1_robot_trunk2_split_1_segment_4_window_3_ambient.wav,ambient,0,umass_tree1_robot_trunk2_split_1_segment_4,0,ambient,0.999999999995595,1.0000000000000002e-12,2.405125096612506e-12,1.0000000000000002e-12
audio/umass_tree1_robot_trunk2_split_1_segment_4_window_4_ambient.wav,ambient,0,umass_tree1_robot_trunk2_split_1_segment_4,0,ambient,0.999999999995595,1.0000000000000002e-12,2.405125096612506e-12,1.0000000000000002e-12
audio/umass_tree1_robot_trunk2_split_1_segment_4_window_5_ambient.wav,ambient,0,umass_tree1_robot_trunk2_split_1_segment_4,0,ambient,0.999999999995595,1.0000000000000002e-12,2.405125096612506e-12,1.0000000000000002e-12
audio/umass_tree1_robot_trunk2_split_1_segment_4_window_6_ambient.wav,ambient,0,umass_tree1_robot_trunk2_split_1_segment_4,0,ambient,0.999999999995595,1.0000000000000002e-12,2.405125096612506e-12,1.0000000000000002e-12
audio/umass_tree1_robot_trunk2_split_1_segment_4_window_7_ambient.wav,ambient,0,umass_tree1_robot_trunk2_split_1_segment_4,0,ambient,0.999999999995595,1.0000000000000002e-12,2.405125096612506e-12,1.0000000000000002e-12
audio/umass_tree1_robot_trunk2_split_1_segment_4_window_8_ambient.wav,ambient,0,umass_tree1_robot_trunk2_split_1_segment_4,0,ambient,0.999999999995595,1.0000000000000002e-12,2.405125096612506e-12,1.0000000000000002e-12
audio/umass_tree1_robot_trunk2_split_1_segment_4_window_9_ambient.wav,ambient,0,umass_tree1_robot_trunk2_split_1_segment_4,0,ambient,0.999999999995595,1.0000000000000002e-12,2.405125096612506e-12,1.0000000000000002e-12
audio/umass_tree1_robot_trunk2_split_1_segment_4_window_10_ambient.wav,ambient,0,umass_tree1_robot_trunk2_split_1_segment_4,0,ambient,0.999999999995595,1.0000000000000002e-12,2.405125096612506e-12,1.0000000000000002e-12
audio/umass_tree1_robot_trunk2_split_1_segment_4_window_11_ambient.wav,ambient,0,umass_tree1_robot_trunk2_split_1_segment_4,0,ambient,0.999999999995595,1.0000000000000002e-12,2.405125096612506e-12,1.0000000000000002e-12
audio/umass_tree1_robot_trunk2_split_1_segment_4_window_12_ambient.wav,ambient,0,umass_tree1_robot_trunk2_split_1_segment_4,0,ambient,0.999999999995595,1.0000000000000002e-12,2.405125096612506e-12,1.0000000000000002e-12
audio/umass_tree1_robot_trunk2_split_1_segment_5_window_0_contact.wav,trunk,2,umass_tree1_robot_trunk2_split_1_segment_5,2,trunk,0.2526250658960112,5.096952446471349e-10,0.5991767368650487,0.14819819672924484
audio/umass_tree1_robot_trunk2_split_1_segment_5_window_1_contact.wav,trunk,2,umass_tree1_robot_trunk2_split_1_segment_5,2,trunk,0.2526250658960112,5.096952446471349e-10,0.5991767368650487,0.14819819672924484
audio/umass_tree1_robot_trunk2_split_1_segment_5_window_2_contact.wav,trunk,2,umass_tree1_robot_trunk2_split_1_segment_5,2,trunk,0.2526250658960112,5.096952446471349e-10,0.5991767368650487,0.14819819672924484
audio/umass_tree6_robot_1_split_1_new_twig_segment_0_window_0_ambient.wav,ambient,0,umass_tree6_robot_1_split_1_new_twig_segment_0,0,ambient,0.999999999995,1e-12,1e-12,2.999999999988001e-12
audio/umass_tree6_robot_1_split_1_new_twig_segment_0_window_1_ambient.wav,ambient,0,umass_tree6_robot_1_split_1_new_twig_segment_0,0,ambient,0.999999999995,1e-12,1e-12,2.999999999988001e-12
audio/umass_tree6_robot_1_split_1_new_twig_segment_0_window_2_ambient.wav,ambient,0,umass_tree6_robot_1_split_1_new_twig_segment_0,0,ambient,0.999999999995,1e-12,1e-12,2.999999999988001e-12
audio/umass_tree6_robot_1_split_1_new_twig_segment_1_window_0_contact.wav,twig,3,umass_tree6_robot_1_split_1_new_twig_segment_1,3,twig,1.000088900582341e-12,1e-12,1e-12,0.999999999997
audio/umass_tree6_robot_1_split_1_new_twig_segment_1_window_1_contact.wav,twig,3,umass_tree6_robot_1_split_1_new_twig_segment_1,3,twig,1.000088900582341e-12,1e-12,1e-12,0.999999999997
audio/umass_tree6_robot_1_split_1_new_twig_segment_1_window_2_contact.wav,twig,3,umass_tree6_robot_1_split_1_new_twig_segment_1,3,twig,1.000088900582341e-12,1e-12,1e-12,0.999999999997
audio/umass_tree6_robot_1_split_1_new_twig_segment_1_window_3_contact.wav,twig,3,umass_tree6_robot_1_split_1_new_twig_segment_1,3,twig,1.000088900582341e-12,1e-12,1e-12,0.999999999997
audio/umass_tree6_robot_1_split_1_new_twig_segment_1_window_4_contact.wav,twig,3,umass_tree6_robot_1_split_1_new_twig_segment_1,3,twig,1.000088900582341e-12,1e-12,1e-12,0.999999999997
audio/umass_tree6_robot_1_split_1_new_twig_segment_2_window_0_ambient.wav,ambient,0,umass_tree6_robot_1_split_1_new_twig_segment_2,0,ambient,0.999999999995,1e-12,1e-12,2.999999999988001e-12
audio/umass_tree6_robot_1_split_1_new_twig_segment_2_window_1_ambient.wav,ambient,0,umass_tree6_robot_1_split_1_new_twig_segment_2,0,ambient,0.999999999995,1e-12,1e-12,2.999999999988001e-12
audio/umass_tree6_robot_1_split_1_new_twig_segment_2_window_2_ambient.wav,ambient,0,umass_tree6_robot_1_split_1_new_twig_segment_2,0,ambient,0.999999999995,1e-12,1e-12,2.999999999988001e-12
audio/umass_tree6_robot_1_split_1_new_twig_segment_2_window_3_ambient.wav,ambient,0,umass_tree6_robot_1_split_1_new_twig_segment_2,0,ambient,0.999999999995,1e-12,1e-12,2.999999999988001e-12
audio/umass_tree6_robot_1_split_1_new_twig_segment_2_window_4_ambient.wav,ambient,0,umass_tree6_robot_1_split_1_new_twig_segment_2,0,ambient,0.999999999995,1e-12,1e-12,2.999999999988001e-12
audio/umass_tree6_robot_1_split_1_new_twig_segment_2_window_5_ambient.wav,ambient,0,umass_tree6_robot_1_split_1_new_twig_segment_2,0,ambient,0.999999999995,1e-12,1e-12,2.999999999988001e-12
audio/umass_tree6_robot_1_split_1_new_twig_segment_2_window_6_ambient.wav,ambient,0,umass_tree6_robot_1_split_1_new_twig_segment_2,0,ambient,0.999999999995,1e-12,1e-12,2.999999999988001e-12
audio/umass_tree6_robot_1_split_1_new_twig_segment_2_window_7_ambient.wav,ambient,0,umass_tree6_robot_1_split_1_new_twig_segment_2,0,ambient,0.999999999995,1e-12,1e-12,2.999999999988001e-12
audio/umass_tree6_robot_1_split_1_new_twig_segment_2_window_8_ambient.wav,ambient,0,umass_tree6_robot_1_split_1_new_twig_segment_2,0,ambient,0.999999999995,1e-12,1e-12,2.999999999988001e-12
audio/umass_tree5_robot_leaf2_segment_0_window_0_contact.wav,leaf,1,umass_tree5_robot_leaf2_segment_0,1,leaf,1.000088900582341e-12,0.7550787213125677,0.24103440194188622,0.0038868767445460585
audio/umass_tree5_robot_leaf2_segment_0_window_1_contact.wav,leaf,1,umass_tree5_robot_leaf2_segment_0,1,leaf,1.000088900582341e-12,0.7550787213125677,0.24103440194188622,0.0038868767445460585
audio/umass_tree5_robot_leaf2_segment_0_window_2_contact.wav,leaf,1,umass_tree5_robot_leaf2_segment_0,1,leaf,1.000088900582341e-12,0.7550787213125677,0.24103440194188622,0.0038868767445460585
audio/umass_tree5_robot_leaf2_segment_0_window_3_contact.wav,leaf,1,umass_tree5_robot_leaf2_segment_0,1,leaf,1.000088900582341e-12,0.7550787213125677,0.24103440194188622,0.0038868767445460585
audio/umass_tree5_robot_leaf2_segment_0_window_4_contact.wav,leaf,1,umass_tree5_robot_leaf2_segment_0,1,leaf,1.000088900582341e-12,0.7550787213125677,0.24103440194188622,0.0038868767445460585
audio/umass_tree5_robot_leaf2_segment_1_window_0_ambient.wav,ambient,0,umass_tree5_robot_leaf2_segment_1,0,ambient,0.9999999999957349,2.265236163937104e-12,1.0000000000000002e-12,1.0000000000000002e-12
audio/umass_tree5_robot_leaf2_segment_1_window_1_ambient.wav,ambient,0,umass_tree5_robot_leaf2_segment_1,0,ambient,0.9999999999957349,2.265236163937104e-12,1.0000000000000002e-12,1.0000000000000002e-12
audio/umass_tree5_robot_leaf2_segment_1_window_2_ambient.wav,ambient,0,umass_tree5_robot_leaf2_segment_1,0,ambient,0.9999999999957349,2.265236163937104e-12,1.0000000000000002e-12,1.0000000000000002e-12
audio/umass_tree5_robot_leaf2_segment_1_window_3_ambient.wav,ambient,0,umass_tree5_robot_leaf2_segment_1,0,ambient,0.9999999999957349,2.265236163937104e-12,1.0000000000000002e-12,1.0000000000000002e-12
audio/umass_tree5_robot_leaf2_segment_1_window_4_ambient.wav,ambient,0,umass_tree5_robot_leaf2_segment_1,0,ambient,0.9999999999957349,2.265236163937104e-12,1.0000000000000002e-12,1.0000000000000002e-12
audio/umass_tree5_robot_leaf2_segment_1_window_5_ambient.wav,ambient,0,umass_tree5_robot_leaf2_segment_1,0,ambient,0.9999999999957349,2.265236163937104e-12,1.0000000000000002e-12,1.0000000000000002e-12
audio/umass_tree5_robot_leaf2_segment_1_window_6_ambient.wav,ambient,0,umass_tree5_robot_leaf2_segment_1,0,ambient,0.9999999999957349,2.265236163937104e-12,1.0000000000000002e-12,1.0000000000000002e-12
audio/umass_tree5_robot_leaf2_segment_1_window_7_ambient.wav,ambient,0,umass_tree5_robot_leaf2_segment_1,0,ambient,0.9999999999957349,2.265236163937104e-12,1.0000000000000002e-12,1.0000000000000002e-12
audio/umass_tree5_robot_leaf2_segment_1_window_8_ambient.wav,ambient,0,umass_tree5_robot_leaf2_segment_1,0,ambient,0.9999999999957349,2.265236163937104e-12,1.0000000000000002e-12,1.0000000000000002e-12
audio/umass_tree5_robot_leaf2_segment_1_window_9_ambient.wav,ambient,0,umass_tree5_robot_leaf2_segment_1,0,ambient,0.9999999999957349,2.265236163937104e-12,1.0000000000000002e-12,1.0000000000000002e-12
audio/umass_tree5_robot_leaf2_segment_1_window_10_ambient.wav,ambient,0,umass_tree5_robot_leaf2_segment_1,0,ambient,0.9999999999957349,2.265236163937104e-12,1.0000000000000002e-12,1.0000000000000002e-12
audio/umass_tree5_robot_leaf2_segment_1_window_11_ambient.wav,ambient,0,umass_tree5_robot_leaf2_segment_1,0,ambient,0.9999999999957349,2.265236163937104e-12,1.0000000000000002e-12,1.0000000000000002e-12
audio/umass_tree5_robot_leaf2_segment_1_window_12_ambient.wav,ambient,0,umass_tree5_robot_leaf2_segment_1,0,ambient,0.9999999999957349,2.265236163937104e-12,1.0000000000000002e-12,1.0000000000000002e-12
audio/umass_tree5_robot_leaf2_segment_1_window_13_ambient.wav,ambient,0,umass_tree5_robot_leaf2_segment_1,0,ambient,0.9999999999957349,2.265236163937104e-12,1.0000000000000002e-12,1.0000000000000002e-12
audio/umass_tree5_robot_leaf2_segment_1_window_14_ambient.wav,ambient,0,umass_tree5_robot_leaf2_segment_1,0,ambient,0.9999999999957349,2.265236163937104e-12,1.0000000000000002e-12,1.0000000000000002e-12
audio/umass_tree5_robot_leaf2_segment_1_window_15_ambient.wav,ambient,0,umass_tree5_robot_leaf2_segment_1,0,ambient,0.9999999999957349,2.265236163937104e-12,1.0000000000000002e-12,1.0000000000000002e-12
audio/umass_tree5_robot_leaf2_segment_1_window_16_ambient.wav,ambient,0,umass_tree5_robot_leaf2_segment_1,0,ambient,0.9999999999957349,2.265236163937104e-12,1.0000000000000002e-12,1.0000000000000002e-12
audio/umass_tree5_robot_leaf2_segment_2_window_0_ambient.wav,ambient,0,umass_tree5_robot_leaf2_segment_2,0,ambient,0.9999999999957349,2.265236163937104e-12,1.0000000000000002e-12,1.0000000000000002e-12
audio/umass_tree5_robot_leaf2_segment_2_window_1_ambient.wav,ambient,0,umass_tree5_robot_leaf2_segment_2,0,ambient,0.9999999999957349,2.265236163937104e-12,1.0000000000000002e-12,1.0000000000000002e-12
audio/umass_tree5_robot_leaf2_segment_2_window_2_ambient.wav,ambient,0,umass_tree5_robot_leaf2_segment_2,0,ambient,0.9999999999957349,2.265236163937104e-12,1.0000000000000002e-12,1.0000000000000002e-12
audio/umass_tree5_robot_leaf2_segment_2_window_3_ambient.wav,ambient,0,umass_tree5_robot_leaf2_segment_2,0,ambient,0.9999999999957349,2.265236163937104e-12,1.0000000000000002e-12,1.0000000000000002e-12
audio/umass_tree5_robot_leaf2_segment_2_window_4_ambient.wav,ambient,0,umass_tree5_robot_leaf2_segment_2,0,ambient,0.9999999999957349,2.265236163937104e-12,1.0000000000000002e-12,1.0000000000000002e-12
audio/umass_tree5_robot_leaf2_segment_2_window_5_ambient.wav,ambient,0,umass_tree5_robot_leaf2_segment_2,0,ambient,0.9999999999957349,2.265236163937104e-12,1.0000000000000002e-12,1.0000000000000002e-12
audio/umass_tree5_robot_leaf2_segment_2_window_6_ambient.wav,ambient,0,umass_tree5_robot_leaf2_segment_2,0,ambient,0.9999999999957349,2.265236163937104e-12,1.0000000000000002e-12,1.0000000000000002e-12
audio/umass_tree5_robot_leaf2_segment_2_window_7_ambient.wav,ambient,0,umass_tree5_robot_leaf2_segment_2,0,ambient,0.9999999999957349,2.265236163937104e-12,1.0000000000000002e-12,1.0000000000000002e-12
audio/umass_tree5_robot_leaf2_segment_2_window_8_ambient.wav,ambient,0,umass_tree5_robot_leaf2_segment_2,0,ambient,0.9999999999957349,2.265236163937104e-12,1.0000000000000002e-12,1.0000000000000002e-12
audio/umass_tree5_robot_leaf2_segment_2_window_9_ambient.wav,ambient,0,umass_tree5_robot_leaf2_segment_2,0,ambient,0.9999999999957349,2.265236163937104e-12,1.0000000000000002e-12,1.0000000000000002e-12
audio/umass_tree5_robot_leaf2_segment_2_window_10_ambient.wav,ambient,0,umass_tree5_robot_leaf2_segment_2,0,ambient,0.9999999999957349,2.265236163937104e-12,1.0000000000000002e-12,1.0000000000000002e-12
audio/umass_tree5_robot_leaf2_segment_3_window_0_contact.wav,leaf,1,umass_tree5_robot_leaf2_segment_3,1,leaf,3.868098064074843e-10,0.7550787210212511,0.2410344018488928,0.0038868767430464634
audio/umass_tree5_robot_leaf2_segment_3_window_1_contact.wav,leaf,1,umass_tree5_robot_leaf2_segment_3,1,leaf,3.868098064074843e-10,0.7550787210212511,0.2410344018488928,0.0038868767430464634
audio/umass_tree1_robot_2_split_1_new_trunk_segment_0_window_0_ambient.wav,ambient,0,umass_tree1_robot_2_split_1_new_trunk_segment_0,0,ambient,0.999999999995,1e-12,2.999999999988001e-12,1e-12
audio/umass_tree1_robot_2_split_1_new_trunk_segment_0_window_1_ambient.wav,ambient,0,umass_tree1_robot_2_split_1_new_trunk_segment_0,0,ambient,0.999999999995,1e-12,2.999999999988001e-12,1e-12
audio/umass_tree1_robot_2_split_1_new_trunk_segment_0_window_2_ambient.wav,ambient,0,umass_tree1_robot_2_split_1_new_trunk_segment_0,0,ambient,0.999999999995,1e-12,2.999999999988001e-12,1e-12
audio/umass_tree1_robot_2_split_1_new_trunk_segment_0_window_3_ambient.wav,ambient,0,umass_tree1_robot_2_split_1_new_trunk_segment_0,0,ambient,0.999999999995,1e-12,2.999999999988001e-12,1e-12
audio/umass_tree1_robot_2_split_1_new_trunk_segment_0_window_4_ambient.wav,ambient,0,umass_tree1_robot_2_split_1_new_trunk_segment_0,0,ambient,0.999999999995,1e-12,2.999999999988001e-12,1e-12
audio/umass_tree1_robot_2_split_1_new_trunk_segment_0_window_5_ambient.wav,ambient,0,umass_tree1_robot_2_split_1_new_trunk_segment_0,0,ambient,0.999999999995,1e-12,2.999999999988001e-12,1e-12
audio/umass_tree1_robot_2_split_1_new_trunk_segment_0_window_6_ambient.wav,ambient,0,umass_tree1_robot_2_split_1_new_trunk_segment_0,0,ambient,0.999999999995,1e-12,2.999999999988001e-12,1e-12
audio/umass_tree1_robot_2_split_1_new_trunk_segment_0_window_7_ambient.wav,ambient,0,umass_tree1_robot_2_split_1_new_trunk_segment_0,0,ambient,0.999999999995,1e-12,2.999999999988001e-12,1e-12
audio/umass_tree1_robot_2_split_1_new_trunk_segment_0_window_8_ambient.wav,ambient,0,umass_tree1_robot_2_split_1_new_trunk_segment_0,0,ambient,0.999999999995,1e-12,2.999999999988001e-12,1e-12
audio/umass_tree1_robot_2_split_1_new_trunk_segment_1_window_0_contact.wav,trunk,2,umass_tree1_robot_2_split_1_new_trunk_segment_1,2,trunk,1e-12,1.0000000000000002e-12,0.9999999999970001,1.0000000000000002e-12
audio/umass_tree1_robot_2_split_1_new_trunk_segment_1_window_1_contact.wav,trunk,2,umass_tree1_robot_2_split_1_new_trunk_segment_1,2,trunk,1e-12,1.0000000000000002e-12,0.9999999999970001,1.0000000000000002e-12
audio/umass_tree1_robot_2_split_1_new_trunk_segment_1_window_2_contact.wav,trunk,2,umass_tree1_robot_2_split_1_new_trunk_segment_1,2,trunk,1e-12,1.0000000000000002e-12,0.9999999999970001,1.0000000000000002e-12
audio/umass_tree1_robot_2_split_1_new_trunk_segment_1_window_3_contact.wav,trunk,2,umass_tree1_robot_2_split_1_new_trunk_segment_1,2,trunk,1e-12,1.0000000000000002e-12,0.9999999999970001,1.0000000000000002e-12
audio/umass_tree1_robot_2_split_1_new_trunk_segment_1_window_4_contact.wav,trunk,2,umass_tree1_robot_2_split_1_new_trunk_segment_1,2,trunk,1e-12,1.0000000000000002e-12,0.9999999999970001,1.0000000000000002e-12
audio/umass_tree1_robot_2_split_1_new_trunk_segment_1_window_5_contact.wav,trunk,2,umass_tree1_robot_2_split_1_new_trunk_segment_1,2,trunk,1e-12,1.0000000000000002e-12,0.9999999999970001,1.0000000000000002e-12
audio/umass_tree1_robot_2_split_1_new_trunk_segment_1_window_6_contact.wav,trunk,2,umass_tree1_robot_2_split_1_new_trunk_segment_1,2,trunk,1e-12,1.0000000000000002e-12,0.9999999999970001,1.0000000000000002e-12
audio/umass_tree1_robot_2_split_1_new_trunk_segment_1_window_7_contact.wav,trunk,2,umass_tree1_robot_2_split_1_new_trunk_segment_1,2,trunk,1e-12,1.0000000000000002e-12,0.9999999999970001,1.0000000000000002e-12
audio/umass_tree1_robot_2_split_1_new_trunk_segment_1_window_8_contact.wav,trunk,2,umass_tree1_robot_2_split_1_new_trunk_segment_1,2,trunk,1e-12,1.0000000000000002e-12,0.9999999999970001,1.0000000000000002e-12
audio/umass_tree1_robot_2_split_1_new_trunk_segment_1_window_9_contact.wav,trunk,2,umass_tree1_robot_2_split_1_new_trunk_segment_1,2,trunk,1e-12,1.0000000000000002e-12,0.9999999999970001,1.0000000000000002e-12
audio/umass_tree1_robot_2_split_1_new_trunk_segment_1_window_10_contact.wav,trunk,2,umass_tree1_robot_2_split_1_new_trunk_segment_1,2,trunk,1e-12,1.0000000000000002e-12,0.9999999999970001,1.0000000000000002e-12
audio/umass_tree1_robot_2_split_1_new_trunk_segment_1_window_11_contact.wav,trunk,2,umass_tree1_robot_2_split_1_new_trunk_segment_1,2,trunk,1e-12,1.0000000000000002e-12,0.9999999999970001,1.0000000000000002e-12
audio/umass_tree1_robot_2_split_1_new_trunk_segment_2_window_0_ambient.wav,ambient,0,umass_tree1_robot_2_split_1_new_trunk_segment_2,0,ambient,0.999999999995,1e-12,2.999999999988001e-12,1e-12
audio/umass_tree1_robot_2_split_1_new_trunk_segment_2_window_1_ambient.wav,ambient,0,umass_tree1_robot_2_split_1_new_trunk_segment_2,0,ambient,0.999999999995,1e-12,2.999999999988001e-12,1e-12
audio/umass_tree1_robot_2_split_1_new_trunk_segment_2_window_2_ambient.wav,ambient,0,umass_tree1_robot_2_split_1_new_trunk_segment_2,0,ambient,0.999999999995,1e-12,2.999999999988001e-12,1e-12
audio/umass_tree1_robot_2_split_1_new_trunk_segment_2_window_3_ambient.wav,ambient,0,umass_tree1_robot_2_split_1_new_trunk_segment_2,0,ambient,0.999999999995,1e-12,2.999999999988001e-12,1e-12
audio/umass_tree1_robot_2_split_1_new_trunk_segment_2_window_4_ambient.wav,ambient,0,umass_tree1_robot_2_split_1_new_trunk_segment_2,0,ambient,0.999999999995,1e-12,2.999999999988001e-12,1e-12
audio/umass_tree1_robot_2_split_1_new_trunk_segment_2_window_5_ambient.wav,ambient,0,umass_tree1_robot_2_split_1_new_trunk_segment_2,0,ambient,0.999999999995,1e-12,2.999999999988001e-12,1e-12
audio/umass_tree1_robot_2_split_1_new_trunk_segment_2_window_6_ambient.wav,ambient,0,umass_tree1_robot_2_split_1_new_trunk_segment_2,0,ambient,0.999999999995,1e-12,2.999999999988001e-12,1e-12
audio/umass_tree1_robot_2_split_1_new_trunk_segment_2_window_7_ambient.wav,ambient,0,umass_tree1_robot_2_split_1_new_trunk_segment_2,0,ambient,0.999999999995,1e-12,2.999999999988001e-12,1e-12
audio/umass_tree1_robot_2_split_1_new_trunk_segment_2_window_8_ambient.wav,ambient,0,umass_tree1_robot_2_split_1_new_trunk_segment_2,0,ambient,0.999999999995,1e-12,2.999999999988001e-12,1e-12
audio/umass_tree1_robot_2_split_1_new_trunk_segment_2_window_9_ambient.wav,ambient,0,umass_tree1_robot_2_split_1_new_trunk_segment_2,0,ambient,0.999999999995,1e-12,2.999999999988001e-12,1e-12
audio/umass_tree1_robot_2_split_1_new_trunk_segment_2_window_10_ambient.wav,ambient,0,umass_tree1_robot_2_split_1_new_trunk_segment_2,0,ambient,0.999999999995,1e-12,2.999999999988001e-12,1e-12
audio/umass_tree1_robot_2_split_1_new_trunk_segment_2_window_11_ambient.wav,ambient,0,umass_tree1_robot_2_split_1_new_trunk_segment_2,0,ambient,0.999999999995,1e-12,2.999999999988001e-12,1e-12
audio/umass_tree1_robot_2_split_1_new_trunk_segment_2_window_12_ambient.wav,ambient,0,umass_tree1_robot_2_split_1_new_trunk_segment_2,0,ambient,0.999999999995,1e-12,2.999999999988001e-12,1e-12
audio/umass_tree1_robot_2_split_1_new_trunk_segment_2_window_13_ambient.wav,ambient,0,umass_tree1_robot_2_split_1_new_trunk_segment_2,0,ambient,0.999999999995,1e-12,2.999999999988001e-12,1e-12
audio/umass_tree1_robot_2_split_1_new_trunk_segment_3_window_0_contact.wav,trunk,2,umass_tree1_robot_2_split_1_new_trunk_segment_3,2,trunk,1e-12,1.0000000000000002e-12,0.9999999999970001,1.0000000000000002e-12
audio/umass_tree1_robot_2_split_1_new_trunk_segment_3_window_1_contact.wav,trunk,2,umass_tree1_robot_2_split_1_new_trunk_segment_3,2,trunk,1e-12,1.0000000000000002e-12,0.9999999999970001,1.0000000000000002e-12
audio/umass_tree1_robot_2_split_1_new_trunk_segment_3_window_2_contact.wav,trunk,2,umass_tree1_robot_2_split_1_new_trunk_segment_3,2,trunk,1e-12,1.0000000000000002e-12,0.9999999999970001,1.0000000000000002e-12
audio/umass_tree1_robot_2_split_1_new_trunk_segment_3_window_3_contact.wav,trunk,2,umass_tree1_robot_2_split_1_new_trunk_segment_3,2,trunk,1e-12,1.0000000000000002e-12,0.9999999999970001,1.0000000000000002e-12
audio/umass_tree1_robot_2_split_1_new_trunk_segment_3_window_4_contact.wav,trunk,2,umass_tree1_robot_2_split_1_new_trunk_segment_3,2,trunk,1e-12,1.0000000000000002e-12,0.9999999999970001,1.0000000000000002e-12
audio/umass_tree1_robot_2_split_1_new_trunk_segment_3_window_5_contact.wav,trunk,2,umass_tree1_robot_2_split_1_new_trunk_segment_3,2,trunk,1e-12,1.0000000000000002e-12,0.9999999999970001,1.0000000000000002e-12
audio/umass_tree1_robot_2_split_1_new_trunk_segment_3_window_6_contact.wav,trunk,2,umass_tree1_robot_2_split_1_new_trunk_segment_3,2,trunk,1e-12,1.0000000000000002e-12,0.9999999999970001,1.0000000000000002e-12
audio/umass_tree1_robot_2_split_1_new_trunk_segment_3_window_7_contact.wav,trunk,2,umass_tree1_robot_2_split_1_new_trunk_segment_3,2,trunk,1e-12,1.0000000000000002e-12,0.9999999999970001,1.0000000000000002e-12
audio/umass_tree1_robot_2_split_1_new_trunk_segment_3_window_8_contact.wav,trunk,2,umass_tree1_robot_2_split_1_new_trunk_segment_3,2,trunk,1e-12,1.0000000000000002e-12,0.9999999999970001,1.0000000000000002e-12
audio/umass_tree1_robot_2_split_1_new_trunk_segment_3_window_9_contact.wav,trunk,2,umass_tree1_robot_2_split_1_new_trunk_segment_3,2,trunk,1e-12,1.0000000000000002e-12,0.9999999999970001,1.0000000000000002e-12
audio/umass_tree1_robot_2_split_1_new_trunk_segment_4_window_0_ambient.wav,ambient,0,umass_tree1_robot_2_split_1_new_trunk_segment_4,0,ambient,0.999999999995,1e-12,2.999999999988001e-12,1e-12
audio/umass_tree1_robot_2_split_1_new_trunk_segment_4_window_1_ambient.wav,ambient,0,umass_tree1_robot_2_split_1_new_trunk_segment_4,0,ambient,0.999999999995,1e-12,2.999999999988001e-12,1e-12
audio/umass_tree1_robot_2_split_1_new_trunk_segment_4_window_2_ambient.wav,ambient,0,umass_tree1_robot_2_split_1_new_trunk_segment_4,0,ambient,0.999999999995,1e-12,2.999999999988001e-12,1e-12
audio/umass_tree1_robot_2_split_1_new_trunk_segment_4_window_3_ambient.wav,ambient,0,umass_tree1_robot_2_split_1_new_trunk_segment_4,0,ambient,0.999999999995,1e-12,2.999999999988001e-12,1e-12
audio/umass_tree1_robot_2_split_1_new_trunk_segment_4_window_4_ambient.wav,ambient,0,umass_tree1_robot_2_split_1_new_trunk_segment_4,0,ambient,0.999999999995,1e-12,2.999999999988001e-12,1e-12
audio/umass_tree1_robot_2_split_1_new_trunk_segment_4_window_5_ambient.wav,ambient,0,umass_tree1_robot_2_split_1_new_trunk_segment_4,0,ambient,0.999999999995,1e-12,2.999999999988001e-12,1e-12
audio/umass_tree1_robot_2_split_1_new_trunk_segment_4_window_6_ambient.wav,ambient,0,umass_tree1_robot_2_split_1_new_trunk_segment_4,0,ambient,0.999999999995,1e-12,2.999999999988001e-12,1e-12
audio/umass_tree1_robot_2_split_1_new_trunk_segment_4_window_7_ambient.wav,ambient,0,umass_tree1_robot_2_split_1_new_trunk_segment_4,0,ambient,0.999999999995,1e-12,2.999999999988001e-12,1e-12
audio/umass_tree2_robot_leaf2_segment_0_window_0_ambient.wav,ambient,0,umass_tree2_robot_leaf2_segment_0,0,ambient,0.9999999999950936,2.9064985054785038e-12,1.0000000000000002e-12,1.0000000000000002e-12
audio/umass_tree2_robot_leaf2_segment_0_window_1_ambient.wav,ambient,0,umass_tree2_robot_leaf2_segment_0,0,ambient,0.9999999999950936,2.9064985054785038e-12,1.0000000000000002e-12,1.0000000000000002e-12
audio/umass_tree2_robot_leaf2_segment_0_window_2_ambient.wav,ambient,0,umass_tree2_robot_leaf2_segment_0,0,ambient,0.9999999999950936,2.9064985054785038e-12,1.0000000000000002e-12,1.0000000000000002e-12
audio/umass_tree2_robot_leaf2_segment_0_window_3_ambient.wav,ambient,0,umass_tree2_robot_leaf2_segment_0,0,ambient,0.9999999999950936,2.9064985054785038e-12,1.0000000000000002e-12,1.0000000000000002e-12
audio/umass_tree2_robot_leaf2_segment_0_window_4_ambient.wav,ambient,0,umass_tree2_robot_leaf2_segment_0,0,ambient,0.9999999999950936,2.9064985054785038e-12,1.0000000000000002e-12,1.0000000000000002e-12
audio/umass_tree2_robot_leaf2_segment_0_window_5_ambient.wav,ambient,0,umass_tree2_robot_leaf2_segment_0,0,ambient,0.9999999999950936,2.9064985054785038e-12,1.0000000000000002e-12,1.0000000000000002e-12
audio/umass_tree2_robot_leaf2_segment_0_window_6_ambient.wav,ambient,0,umass_tree2_robot_leaf2_segment_0,0,ambient,0.9999999999950936,2.9064985054785038e-12,1.0000000000000002e-12,1.0000000000000002e-12
audio/umass_tree2_robot_leaf2_segment_0_window_7_ambient.wav,ambient,0,umass_tree2_robot_leaf2_segment_0,0,ambient,0.9999999999950936,2.9064985054785038e-12,1.0000000000000002e-12,1.0000000000000002e-12
audio/umass_tree2_robot_leaf2_segment_0_window_8_ambient.wav,ambient,0,umass_tree2_robot_leaf2_segment_0,0,ambient,0.9999999999950936,2.9064985054785038e-12,1.0000000000000002e-12,1.0000000000000002e-12
audio/umass_tree2_robot_leaf2_segment_0_window_9_ambient.wav,ambient,0,umass_tree2_robot_leaf2_segment_0,0,ambient,0.9999999999950936,2.9064985054785038e-12,1.0000000000000002e-12,1.0000000000000002e-12
audio/umass_tree2_robot_leaf2_segment_1_window_0_contact.wav,leaf,1,umass_tree2_robot_leaf2_segment_1,1,leaf,1e-12,0.968832835160379,0.015741552320064665,0.015425612518556326
audio/umass_tree2_robot_leaf2_segment_1_window_1_contact.wav,leaf,1,umass_tree2_robot_leaf2_segment_1,1,leaf,1e-12,0.968832835160379,0.015741552320064665,0.015425612518556326
audio/umass_tree2_robot_leaf2_segment_1_window_2_contact.wav,leaf,1,umass_tree2_robot_leaf2_segment_1,1,leaf,1e-12,0.968832835160379,0.015741552320064665,0.015425612518556326
audio/umass_tree2_robot_leaf2_segment_1_window_3_contact.wav,leaf,1,umass_tree2_robot_leaf2_segment_1,1,leaf,1e-12,0.968832835160379,0.015741552320064665,0.015425612518556326
audio/umass_tree2_robot_leaf2_segment_1_window_4_contact.wav,leaf,1,umass_tree2_robot_leaf2_segment_1,1,leaf,1e-12,0.968832835160379,0.015741552320064665,0.015425612518556326
audio/umass_tree2_robot_leaf2_segment_1_window_5_contact.wav,leaf,1,umass_tree2_robot_leaf2_segment_1,1,leaf,1e-12,0.968832835160379,0.015741552320064665,0.015425612518556326
audio/umass_tree2_robot_leaf2_segment_1_window_6_contact.wav,leaf,1,umass_tree2_robot_leaf2_segment_1,1,leaf,1e-12,0.968832835160379,0.015741552320064665,0.015425612518556326
audio/umass_tree2_robot_leaf2_segment_1_window_7_contact.wav,leaf,1,umass_tree2_robot_leaf2_segment_1,1,leaf,1e-12,0.968832835160379,0.015741552320064665,0.015425612518556326
audio/umass_tree2_robot_leaf2_segment_1_window_8_contact.wav,leaf,1,umass_tree2_robot_leaf2_segment_1,1,leaf,1e-12,0.968832835160379,0.015741552320064665,0.015425612518556326
audio/umass_tree2_robot_leaf2_segment_1_window_9_contact.wav,leaf,1,umass_tree2_robot_leaf2_segment_1,1,leaf,1e-12,0.968832835160379,0.015741552320064665,0.015425612518556326
audio/umass_tree2_robot_leaf2_segment_1_window_10_contact.wav,leaf,1,umass_tree2_robot_leaf2_segment_1,1,leaf,1e-12,0.968832835160379,0.015741552320064665,0.015425612518556326
audio/umass_tree2_robot_leaf2_segment_1_window_11_contact.wav,leaf,1,umass_tree2_robot_leaf2_segment_1,1,leaf,1e-12,0.968832835160379,0.015741552320064665,0.015425612518556326
audio/umass_tree2_robot_leaf2_segment_1_window_12_contact.wav,leaf,1,umass_tree2_robot_leaf2_segment_1,1,leaf,1e-12,0.968832835160379,0.015741552320064665,0.015425612518556326
audio/umass_tree2_robot_leaf2_segment_1_window_13_contact.wav,leaf,1,umass_tree2_robot_leaf2_segment_1,1,leaf,1e-12,0.968832835160379,0.015741552320064665,0.015425612518556326
audio/umass_tree2_robot_leaf2_segment_1_window_14_contact.wav,leaf,1,umass_tree2_robot_leaf2_segment_1,1,leaf,1e-12,0.968832835160379,0.015741552320064665,0.015425612518556326
audio/umass_tree2_robot_leaf2_segment_1_window_15_contact.wav,leaf,1,umass_tree2_robot_leaf2_segment_1,1,leaf,1e-12,0.968832835160379,0.015741552320064665,0.015425612518556326
audio/umass_tree2_robot_leaf2_segment_1_window_16_contact.wav,leaf,1,umass_tree2_robot_leaf2_segment_1,1,leaf,1e-12,0.968832835160379,0.015741552320064665,0.015425612518556326
audio/umass_tree2_robot_leaf2_segment_1_window_17_contact.wav,leaf,1,umass_tree2_robot_leaf2_segment_1,1,leaf,1e-12,0.968832835160379,0.015741552320064665,0.015425612518556326
audio/umass_tree2_robot_leaf2_segment_1_window_18_contact.wav,leaf,1,umass_tree2_robot_leaf2_segment_1,1,leaf,1e-12,0.968832835160379,0.015741552320064665,0.015425612518556326
audio/umass_tree2_robot_leaf2_segment_1_window_19_contact.wav,leaf,1,umass_tree2_robot_leaf2_segment_1,1,leaf,1e-12,0.968832835160379,0.015741552320064665,0.015425612518556326
audio/umass_tree2_robot_leaf2_segment_1_window_20_contact.wav,leaf,1,umass_tree2_robot_leaf2_segment_1,1,leaf,1e-12,0.968832835160379,0.015741552320064665,0.015425612518556326
audio/umass_tree2_robot_leaf2_segment_1_window_21_contact.wav,leaf,1,umass_tree2_robot_leaf2_segment_1,1,leaf,1e-12,0.968832835160379,0.015741552320064665,0.015425612518556326
audio/umass_tree2_robot_leaf2_segment_1_window_22_contact.wav,leaf,1,umass_tree2_robot_leaf2_segment_1,1,leaf,1e-12,0.968832835160379,0.015741552320064665,0.015425612518556326
audio/umass_tree2_robot_leaf2_segment_2_window_0_ambient.wav,ambient,0,umass_tree2_robot_leaf2_segment_2,0,ambient,0.9999999999950936,2.9064985054785038e-12,1.0000000000000002e-12,1.0000000000000002e-12
audio/umass_tree2_robot_leaf2_segment_2_window_1_ambient.wav,ambient,0,umass_tree2_robot_leaf2_segment_2,0,ambient,0.9999999999950936,2.9064985054785038e-12,1.0000000000000002e-12,1.0000000000000002e-12
audio/umass_tree2_robot_leaf2_segment_2_window_2_ambient.wav,ambient,0,umass_tree2_robot_leaf2_segment_2,0,ambient,0.9999999999950936,2.9064985054785038e-12,1.0000000000000002e-12,1.0000000000000002e-12
audio/umass_tree2_robot_leaf2_segment_2_window_3_ambient.wav,ambient,0,umass_tree2_robot_leaf2_segment_2,0,ambient,0.9999999999950936,2.9064985054785038e-12,1.0000000000000002e-12,1.0000000000000002e-12
audio/umass_tree2_robot_leaf2_segment_2_window_4_ambient.wav,ambient,0,umass_tree2_robot_leaf2_segment_2,0,ambient,0.9999999999950936,2.9064985054785038e-12,1.0000000000000002e-12,1.0000000000000002e-12
audio/umass_tree2_robot_leaf2_segment_2_window_5_ambient.wav,ambient,0,umass_tree2_robot_leaf2_segment_2,0,ambient,0.9999999999950936,2.9064985054785038e-12,1.0000000000000002e-12,1.0000000000000002e-12
audio/umass_tree2_robot_leaf2_segment_2_window_6_ambient.wav,ambient,0,umass_tree2_robot_leaf2_segment_2,0,ambient,0.9999999999950936,2.9064985054785038e-12,1.0000000000000002e-12,1.0000000000000002e-12
audio/umass_tree2_robot_leaf2_segment_2_window_7_ambient.wav,ambient,0,umass_tree2_robot_leaf2_segment_2,0,ambient,0.9999999999950936,2.9064985054785038e-12,1.0000000000000002e-12,1.0000000000000002e-12
audio/umass_tree2_robot_leaf2_segment_2_window_8_ambient.wav,ambient,0,umass_tree2_robot_leaf2_segment_2,0,ambient,0.9999999999950936,2.9064985054785038e-12,1.0000000000000002e-12,1.0000000000000002e-12
audio/umass_tree2_robot_leaf2_segment_2_window_9_ambient.wav,ambient,0,umass_tree2_robot_leaf2_segment_2,0,ambient,0.9999999999950936,2.9064985054785038e-12,1.0000000000000002e-12,1.0000000000000002e-12
audio/umass_tree2_robot_leaf2_segment_2_window_10_ambient.wav,ambient,0,umass_tree2_robot_leaf2_segment_2,0,ambient,0.9999999999950936,2.9064985054785038e-12,1.0000000000000002e-12,1.0000000000000002e-12
audio/umass_tree2_robot_leaf2_segment_3_window_0_contact.wav,leaf,1,umass_tree2_robot_leaf2_segment_3,1,leaf,8.753960445417876e-09,0.9688328266802235,0.015741552182279482,0.015425612383536551
audio/umass_tree2_robot_leaf2_segment_3_window_1_contact.wav,leaf,1,umass_tree2_robot_leaf2_segment_3,1,leaf,8.753960445417876e-09,0.9688328266802235,0.015741552182279482,0.015425612383536551
audio/umass_tree2_robot_leaf2_segment_3_window_2_contact.wav,leaf,1,umass_tree2_robot_leaf2_segment_3,1,leaf,8.753960445417876e-09,0.9688328266802235,0.015741552182279482,0.015425612383536551
audio/umass_tree2_robot_leaf2_segment_3_window_3_contact.wav,leaf,1,umass_tree2_robot_leaf2_segment_3,1,leaf,8.753960445417876e-09,0.9688328266802235,0.015741552182279482,0.015425612383536551
audio/umass_tree2_robot_leaf2_segment_3_window_4_contact.wav,leaf,1,umass_tree2_robot_leaf2_segment_3,1,leaf,8.753960445417876e-09,0.9688328266802235,0.015741552182279482,0.015425612383536551
audio/umass_tree2_robot_leaf2_segment_4_window_0_contact.wav,leaf,1,umass_tree2_robot_leaf2_segment_4,1,leaf,1e-12,0.9688328351603791,0.015741552320064665,0.015425612518556328
audio/umass_tree2_robot_leaf2_segment_4_window_1_contact.wav,leaf,1,umass_tree2_robot_leaf2_segment_4,1,leaf,1e-12,0.9688328351603791,0.015741552320064665,0.015425612518556328
audio/umass_tree2_robot_leaf2_segment_4_window_2_contact.wav,leaf,1,umass_tree2_robot_leaf2_segment_4,1,leaf,1e-12,0.9688328351603791,0.015741552320064665,0.015425612518556328
audio/umass_tree2_robot_leaf2_segment_5_window_0_ambient.wav,ambient,0,umass_tree2_robot_leaf2_segment_5,0,ambient,0.9999999999950936,2.9064985054785038e-12,1.0000000000000002e-12,1.0000000000000002e-12
audio/umass_tree2_robot_leaf2_segment_5_window_1_ambient.wav,ambient,0,umass_tree2_robot_leaf2_segment_5,0,ambient,0.9999999999950936,2.9064985054785038e-12,1.0000000000000002e-12,1.0000000000000002e-12
audio/umass_tree2_robot_leaf2_segment_5_window_2_ambient.wav,ambient,0,umass_tree2_robot_leaf2_segment_5,0,ambient,0.9999999999950936,2.9064985054785038e-12,1.0000000000000002e-12,1.0000000000000002e-12
audio/umass_tree2_robot_leaf2_segment_5_window_3_ambient.wav,ambient,0,umass_tree2_robot_leaf2_segment_5,0,ambient,0.9999999999950936,2.9064985054785038e-12,1.0000000000000002e-12,1.0000000000000002e-12
audio/umass_tree2_robot_leaf2_segment_5_window_4_ambient.wav,ambient,0,umass_tree2_robot_leaf2_segment_5,0,ambient,0.9999999999950936,2.9064985054785038e-12,1.0000000000000002e-12,1.0000000000000002e-12
audio/umass_tree2_robot_leaf2_segment_6_window_0_ambient.wav,ambient,0,umass_tree2_robot_leaf2_segment_6,0,ambient,0.9999999999950936,2.9064985054785038e-12,1.0000000000000002e-12,1.0000000000000002e-12
audio/umass_tree2_robot_leaf2_segment_6_window_1_ambient.wav,ambient,0,umass_tree2_robot_leaf2_segment_6,0,ambient,0.9999999999950936,2.9064985054785038e-12,1.0000000000000002e-12,1.0000000000000002e-12
audio/umass_tree2_robot_leaf2_segment_6_window_2_ambient.wav,ambient,0,umass_tree2_robot_leaf2_segment_6,0,ambient,0.9999999999950936,2.9064985054785038e-12,1.0000000000000002e-12,1.0000000000000002e-12
audio/umass_tree2_robot_leaf2_segment_6_window_3_ambient.wav,ambient,0,umass_tree2_robot_leaf2_segment_6,0,ambient,0.9999999999950936,2.9064985054785038e-12,1.0000000000000002e-12,1.0000000000000002e-12
audio/umass_tree2_robot_leaf2_segment_6_window_4_ambient.wav,ambient,0,umass_tree2_robot_leaf2_segment_6,0,ambient,0.9999999999950936,2.9064985054785038e-12,1.0000000000000002e-12,1.0000000000000002e-12
audio/umass_tree2_robot_leaf2_segment_6_window_5_ambient.wav,ambient,0,umass_tree2_robot_leaf2_segment_6,0,ambient,0.9999999999950936,2.9064985054785038e-12,1.0000000000000002e-12,1.0000000000000002e-12
audio/umass_tree2_robot_leaf2_segment_7_window_0_contact.wav,leaf,1,umass_tree2_robot_leaf2_segment_7,1,leaf,1e-12,0.968832835160379,0.015741552320064665,0.015425612518556326
audio/umass_tree2_robot_leaf2_segment_7_window_1_contact.wav,leaf,1,umass_tree2_robot_leaf2_segment_7,1,leaf,1e-12,0.968832835160379,0.015741552320064665,0.015425612518556326
audio/umass_tree2_robot_leaf2_segment_7_window_2_contact.wav,leaf,1,umass_tree2_robot_leaf2_segment_7,1,leaf,1e-12,0.968832835160379,0.015741552320064665,0.015425612518556326
audio/umass_tree2_robot_leaf2_segment_7_window_3_contact.wav,leaf,1,umass_tree2_robot_leaf2_segment_7,1,leaf,1e-12,0.968832835160379,0.015741552320064665,0.015425612518556326
audio/umass_tree2_robot_leaf2_segment_7_window_4_contact.wav,leaf,1,umass_tree2_robot_leaf2_segment_7,1,leaf,1e-12,0.968832835160379,0.015741552320064665,0.015425612518556326
audio/umass_tree2_robot_leaf2_segment_7_window_5_contact.wav,leaf,1,umass_tree2_robot_leaf2_segment_7,1,leaf,1e-12,0.968832835160379,0.015741552320064665,0.015425612518556326
audio/umass_tree2_robot_leaf2_segment_7_window_6_contact.wav,leaf,1,umass_tree2_robot_leaf2_segment_7,1,leaf,1e-12,0.968832835160379,0.015741552320064665,0.015425612518556326
audio/umass_tree2_robot_leaf2_segment_7_window_7_contact.wav,leaf,1,umass_tree2_robot_leaf2_segment_7,1,leaf,1e-12,0.968832835160379,0.015741552320064665,0.015425612518556326
audio/umass_tree2_robot_leaf2_segment_8_window_0_ambient.wav,ambient,0,umass_tree2_robot_leaf2_segment_8,0,ambient,0.9999999999950936,2.9064985054785038e-12,1.0000000000000002e-12,1.0000000000000002e-12
audio/umass_tree2_robot_leaf2_segment_8_window_1_ambient.wav,ambient,0,umass_tree2_robot_leaf2_segment_8,0,ambient,0.9999999999950936,2.9064985054785038e-12,1.0000000000000002e-12,1.0000000000000002e-12
audio/umass_tree2_robot_leaf2_segment_8_window_2_ambient.wav,ambient,0,umass_tree2_robot_leaf2_segment_8,0,ambient,0.9999999999950936,2.9064985054785038e-12,1.0000000000000002e-12,1.0000000000000002e-12
audio/umass_tree2_robot_leaf2_segment_8_window_3_ambient.wav,ambient,0,umass_tree2_robot_leaf2_segment_8,0,ambient,0.9999999999950936,2.9064985054785038e-12,1.0000000000000002e-12,1.0000000000000002e-12
audio/umass_tree2_robot_leaf2_segment_8_window_4_ambient.wav,ambient,0,umass_tree2_robot_leaf2_segment_8,0,ambient,0.9999999999950936,2.9064985054785038e-12,1.0000000000000002e-12,1.0000000000000002e-12
audio/umass_tree2_robot_leaf2_segment_8_window_5_ambient.wav,ambient,0,umass_tree2_robot_leaf2_segment_8,0,ambient,0.9999999999950936,2.9064985054785038e-12,1.0000000000000002e-12,1.0000000000000002e-12
audio/umass_tree2_robot_leaf2_segment_8_window_6_ambient.wav,ambient,0,umass_tree2_robot_leaf2_segment_8,0,ambient,0.9999999999950936,2.9064985054785038e-12,1.0000000000000002e-12,1.0000000000000002e-12
audio/umass_tree2_robot_leaf2_segment_9_window_0_contact.wav,leaf,1,umass_tree2_robot_leaf2_segment_9,1,leaf,3.358868738700949e-12,0.9688328351580937,0.015741552320027535,0.01542561251851994
audio/umass_tree2_robot_leaf2_segment_9_window_1_contact.wav,leaf,1,umass_tree2_robot_leaf2_segment_9,1,leaf,3.358868738700949e-12,0.9688328351580937,0.015741552320027535,0.01542561251851994
audio/umass_tree2_robot_leaf2_segment_9_window_2_contact.wav,leaf,1,umass_tree2_robot_leaf2_segment_9,1,leaf,3.358868738700949e-12,0.9688328351580937,0.015741552320027535,0.01542561251851994
audio/umass_tree7_robot_trunk1_segment_0_window_0_contact.wav,trunk,2,umass_tree7_robot_trunk1_segment_0,0,ambient,0.4196234161103406,0.2754134619012251,1.1219563020720475e-10,0.3049631218762387
audio/umass_tree7_robot_trunk1_segment_0_window_1_contact.wav,trunk,2,umass_tree7_robot_trunk1_segment_0,0,ambient,0.4196234161103406,0.2754134619012251,1.1219563020720475e-10,0.3049631218762387
audio/umass_tree7_robot_trunk1_segment_0_window_2_contact.wav,trunk,2,umass_tree7_robot_trunk1_segment_0,0,ambient,0.4196234161103406,0.2754134619012251,1.1219563020720475e-10,0.3049631218762387
audio/umass_tree7_robot_trunk1_segment_1_window_0_contact.wav,trunk,2,umass_tree7_robot_trunk1_segment_1,0,ambient,0.9999999999960001,1.423628052264654e-12,1e-12,1.5763719471524017e-12
audio/umass_tree7_robot_trunk1_segment_1_window_1_contact.wav,trunk,2,umass_tree7_robot_trunk1_segment_1,0,ambient,0.9999999999960001,1.423628052264654e-12,1e-12,1.5763719471524017e-12
audio/umass_tree7_robot_trunk1_segment_1_window_2_contact.wav,trunk,2,umass_tree7_robot_trunk1_segment_1,0,ambient,0.9999999999960001,1.423628052264654e-12,1e-12,1.5763719471524017e-12
audio/umass_tree7_robot_trunk1_segment_1_window_3_contact.wav,trunk,2,umass_tree7_robot_trunk1_segment_1,0,ambient,0.9999999999960001,1.423628052264654e-12,1e-12,1.5763719471524017e-12
audio/umass_tree7_robot_trunk1_segment_1_window_4_contact.wav,trunk,2,umass_tree7_robot_trunk1_segment_1,0,ambient,0.9999999999960001,1.423628052264654e-12,1e-12,1.5763719471524017e-12
audio/umass_tree7_robot_trunk1_segment_1_window_5_contact.wav,trunk,2,umass_tree7_robot_trunk1_segment_1,0,ambient,0.9999999999960001,1.423628052264654e-12,1e-12,1.5763719471524017e-12
audio/umass_tree7_robot_trunk1_segment_1_window_6_contact.wav,trunk,2,umass_tree7_robot_trunk1_segment_1,0,ambient,0.9999999999960001,1.423628052264654e-12,1e-12,1.5763719471524017e-12
audio/umass_tree7_robot_trunk1_segment_1_window_7_contact.wav,trunk,2,umass_tree7_robot_trunk1_segment_1,0,ambient,0.9999999999960001,1.423628052264654e-12,1e-12,1.5763719471524017e-12
audio/umass_tree7_robot_trunk1_segment_1_window_8_contact.wav,trunk,2,umass_tree7_robot_trunk1_segment_1,0,ambient,0.9999999999960001,1.423628052264654e-12,1e-12,1.5763719471524017e-12
audio/umass_tree7_robot_trunk1_segment_1_window_9_contact.wav,trunk,2,umass_tree7_robot_trunk1_segment_1,0,ambient,0.9999999999960001,1.423628052264654e-12,1e-12,1.5763719471524017e-12
audio/umass_tree7_robot_trunk1_segment_1_window_10_contact.wav,trunk,2,umass_tree7_robot_trunk1_segment_1,0,ambient,0.9999999999960001,1.423628052264654e-12,1e-12,1.5763719471524017e-12
audio/umass_tree7_robot_trunk1_segment_2_window_0_contact.wav,trunk,2,umass_tree7_robot_trunk1_segment_2,0,ambient,0.9999999999960001,1.423628052264654e-12,1e-12,1.5763719471524017e-12
audio/umass_tree7_robot_trunk1_segment_2_window_1_contact.wav,trunk,2,umass_tree7_robot_trunk1_segment_2,0,ambient,0.9999999999960001,1.423628052264654e-12,1e-12,1.5763719471524017e-12
audio/umass_tree7_robot_trunk1_segment_2_window_2_contact.wav,trunk,2,umass_tree7_robot_trunk1_segment_2,0,ambient,0.9999999999960001,1.423628052264654e-12,1e-12,1.5763719471524017e-12
audio/umass_tree7_robot_trunk1_segment_2_window_3_contact.wav,trunk,2,umass_tree7_robot_trunk1_segment_2,0,ambient,0.9999999999960001,1.423628052264654e-12,1e-12,1.5763719471524017e-12
audio/umass_tree7_robot_trunk1_segment_2_window_4_contact.wav,trunk,2,umass_tree7_robot_trunk1_segment_2,0,ambient,0.9999999999960001,1.423628052264654e-12,1e-12,1.5763719471524017e-12
audio/umass_tree7_robot_trunk1_segment_2_window_5_contact.wav,trunk,2,umass_tree7_robot_trunk1_segment_2,0,ambient,0.9999999999960001,1.423628052264654e-12,1e-12,1.5763719471524017e-12
audio/umass_tree7_robot_trunk1_segment_2_window_6_contact.wav,trunk,2,umass_tree7_robot_trunk1_segment_2,0,ambient,0.9999999999960001,1.423628052264654e-12,1e-12,1.5763719471524017e-12
audio/umass_tree7_robot_trunk1_segment_2_window_7_contact.wav,trunk,2,umass_tree7_robot_trunk1_segment_2,0,ambient,0.9999999999960001,1.423628052264654e-12,1e-12,1.5763719471524017e-12
audio/umass_tree7_robot_trunk1_segment_2_window_8_contact.wav,trunk,2,umass_tree7_robot_trunk1_segment_2,0,ambient,0.9999999999960001,1.423628052264654e-12,1e-12,1.5763719471524017e-12
audio/umass_tree7_robot_trunk1_segment_2_window_9_contact.wav,trunk,2,umass_tree7_robot_trunk1_segment_2,0,ambient,0.9999999999960001,1.423628052264654e-12,1e-12,1.5763719471524017e-12
audio/umass_tree7_robot_trunk1_segment_2_window_10_contact.wav,trunk,2,umass_tree7_robot_trunk1_segment_2,0,ambient,0.9999999999960001,1.423628052264654e-12,1e-12,1.5763719471524017e-12
audio/umass_tree7_robot_trunk1_segment_3_window_0_contact.wav,trunk,2,umass_tree7_robot_trunk1_segment_3,3,twig,1.0000889005823408e-12,0.4745426840882177,1.9331522553022752e-10,0.5254573157174669
audio/umass_tree7_robot_trunk1_segment_3_window_1_contact.wav,trunk,2,umass_tree7_robot_trunk1_segment_3,3,twig,1.0000889005823408e-12,0.4745426840882177,1.9331522553022752e-10,0.5254573157174669
audio/umass_tree7_robot_trunk1_segment_3_window_2_contact.wav,trunk,2,umass_tree7_robot_trunk1_segment_3,3,twig,1.0000889005823408e-12,0.4745426840882177,1.9331522553022752e-10,0.5254573157174669
audio/umass_tree7_robot_trunk1_segment_3_window_3_contact.wav,trunk,2,umass_tree7_robot_trunk1_segment_3,3,twig,1.0000889005823408e-12,0.4745426840882177,1.9331522553022752e-10,0.5254573157174669
audio/umass_tree7_robot_trunk1_segment_4_window_0_ambient.wav,ambient,0,umass_tree7_robot_trunk1_segment_4,0,ambient,0.999397566480702,0.0002858804188134084,1e-12,0.00031655309948462547
audio/umass_tree8_robot_leaf1_segment_0_window_0_contact.wav,leaf,1,umass_tree8_robot_leaf1_segment_0,1,leaf,0.15287455232529815,0.8471254434470523,1e-12,4.226649596138002e-09
audio/umass_tree8_robot_leaf1_segment_0_window_1_contact.wav,leaf,1,umass_tree8_robot_leaf1_segment_0,1,leaf,0.15287455232529815,0.8471254434470523,1e-12,4.226649596138002e-09
audio/umass_tree8_robot_leaf1_segment_0_window_2_contact.wav,leaf,1,umass_tree8_robot_leaf1_segment_0,1,leaf,0.15287455232529815,0.8471254434470523,1e-12,4.226649596138002e-09
audio/umass_tree8_robot_leaf1_segment_0_window_3_contact.wav,leaf,1,umass_tree8_robot_leaf1_segment_0,1,leaf,0.15287455232529815,0.8471254434470523,1e-12,4.226649596138002e-09
audio/umass_tree8_robot_leaf1_segment_0_window_4_contact.wav,leaf,1,umass_tree8_robot_leaf1_segment_0,1,leaf,0.15287455232529815,0.8471254434470523,1e-12,4.226649596138002e-09
audio/umass_tree8_robot_leaf1_segment_0_window_5_contact.wav,leaf,1,umass_tree8_robot_leaf1_segment_0,1,leaf,0.15287455232529815,0.8471254434470523,1e-12,4.226649596138002e-09
audio/umass_tree8_robot_leaf1_segment_1_window_0_contact.wav,leaf,1,umass_tree8_robot_leaf1_segment_1,1,leaf,1e-12,0.9999999950085526,1.0451156770062656e-12,4.989402228130667e-09
audio/umass_tree8_robot_leaf1_segment_1_window_1_contact.wav,leaf,1,umass_tree8_robot_leaf1_segment_1,1,leaf,1e-12,0.9999999950085526,1.0451156770062656e-12,4.989402228130667e-09
audio/umass_tree8_robot_leaf1_segment_1_window_2_contact.wav,leaf,1,umass_tree8_robot_leaf1_segment_1,1,leaf,1e-12,0.9999999950085526,1.0451156770062656e-12,4.989402228130667e-09
audio/umass_tree8_robot_leaf1_segment_1_window_3_contact.wav,leaf,1,umass_tree8_robot_leaf1_segment_1,1,leaf,1e-12,0.9999999950085526,1.0451156770062656e-12,4.989402228130667e-09
audio/umass_tree8_robot_leaf1_segment_1_window_4_contact.wav,leaf,1,umass_tree8_robot_leaf1_segment_1,1,leaf,1e-12,0.9999999950085526,1.0451156770062656e-12,4.989402228130667e-09
audio/umass_tree8_robot_leaf1_segment_1_window_5_contact.wav,leaf,1,umass_tree8_robot_leaf1_segment_1,1,leaf,1e-12,0.9999999950085526,1.0451156770062656e-12,4.989402228130667e-09
audio/umass_tree8_robot_leaf1_segment_1_window_6_contact.wav,leaf,1,umass_tree8_robot_leaf1_segment_1,1,leaf,1e-12,0.9999999950085526,1.0451156770062656e-12,4.989402228130667e-09
audio/umass_tree8_robot_leaf1_segment_1_window_7_contact.wav,leaf,1,umass_tree8_robot_leaf1_segment_1,1,leaf,1e-12,0.9999999950085526,1.0451156770062656e-12,4.989402228130667e-09
audio/umass_tree8_robot_leaf1_segment_1_window_8_contact.wav,leaf,1,umass_tree8_robot_leaf1_segment_1,1,leaf,1e-12,0.9999999950085526,1.0451156770062656e-12,4.989402228130667e-09
audio/umass_tree8_robot_leaf1_segment_1_window_9_contact.wav,leaf,1,umass_tree8_robot_leaf1_segment_1,1,leaf,1e-12,0.9999999950085526,1.0451156770062656e-12,4.989402228130667e-09
audio/umass_tree8_robot_leaf1_segment_1_window_10_contact.wav,leaf,1,umass_tree8_robot_leaf1_segment_1,1,leaf,1e-12,0.9999999950085526,1.0451156770062656e-12,4.989402228130667e-09
audio/umass_tree8_robot_leaf1_segment_1_window_11_contact.wav,leaf,1,umass_tree8_robot_leaf1_segment_1,1,leaf,1e-12,0.9999999950085526,1.0451156770062656e-12,4.989402228130667e-09
audio/umass_tree8_robot_leaf1_segment_1_window_12_contact.wav,leaf,1,umass_tree8_robot_leaf1_segment_1,1,leaf,1e-12,0.9999999950085526,1.0451156770062656e-12,4.989402228130667e-09
audio/umass_tree8_robot_leaf1_segment_1_window_13_contact.wav,leaf,1,umass_tree8_robot_leaf1_segment_1,1,leaf,1e-12,0.9999999950085526,1.0451156770062656e-12,4.989402228130667e-09
audio/umass_tree8_robot_leaf1_segment_1_window_14_contact.wav,leaf,1,umass_tree8_robot_leaf1_segment_1,1,leaf,1e-12,0.9999999950085526,1.0451156770062656e-12,4.989402228130667e-09
audio/umass_tree8_robot_leaf1_segment_1_window_15_contact.wav,leaf,1,umass_tree8_robot_leaf1_segment_1,1,leaf,1e-12,0.9999999950085526,1.0451156770062656e-12,4.989402228130667e-09
audio/umass_tree8_robot_leaf1_segment_1_window_16_contact.wav,leaf,1,umass_tree8_robot_leaf1_segment_1,1,leaf,1e-12,0.9999999950085526,1.0451156770062656e-12,4.989402228130667e-09
audio/umass_tree8_robot_leaf1_segment_1_window_17_contact.wav,leaf,1,umass_tree8_robot_leaf1_segment_1,1,leaf,1e-12,0.9999999950085526,1.0451156770062656e-12,4.989402228130667e-09
audio/umass_tree8_robot_leaf1_segment_1_window_18_contact.wav,leaf,1,umass_tree8_robot_leaf1_segment_1,1,leaf,1e-12,0.9999999950085526,1.0451156770062656e-12,4.989402228130667e-09
audio/umass_tree8_robot_leaf1_segment_1_window_19_contact.wav,leaf,1,umass_tree8_robot_leaf1_segment_1,1,leaf,1e-12,0.9999999950085526,1.0451156770062656e-12,4.989402228130667e-09
audio/umass_tree8_robot_leaf1_segment_2_window_0_contact.wav,leaf,1,umass_tree8_robot_leaf1_segment_2,1,leaf,1e-12,0.9999999950085526,1.0451156770062656e-12,4.989402228130667e-09
audio/umass_tree8_robot_leaf1_segment_2_window_1_contact.wav,leaf,1,umass_tree8_robot_leaf1_segment_2,1,leaf,1e-12,0.9999999950085526,1.0451156770062656e-12,4.989402228130667e-09
audio/umass_tree8_robot_leaf1_segment_2_window_2_contact.wav,leaf,1,umass_tree8_robot_leaf1_segment_2,1,leaf,1e-12,0.9999999950085526,1.0451156770062656e-12,4.989402228130667e-09
audio/umass_tree8_robot_leaf1_segment_2_window_3_contact.wav,leaf,1,umass_tree8_robot_leaf1_segment_2,1,leaf,1e-12,0.9999999950085526,1.0451156770062656e-12,4.989402228130667e-09
audio/umass_tree8_robot_leaf1_segment_2_window_4_contact.wav,leaf,1,umass_tree8_robot_leaf1_segment_2,1,leaf,1e-12,0.9999999950085526,1.0451156770062656e-12,4.989402228130667e-09
audio/umass_tree8_robot_leaf1_segment_3_window_0_contact.wav,leaf,1,umass_tree8_robot_leaf1_segment_3,1,leaf,1e-12,0.9999999950085526,1.0451156770062656e-12,4.989402228130667e-09
audio/umass_tree8_robot_leaf1_segment_3_window_1_contact.wav,leaf,1,umass_tree8_robot_leaf1_segment_3,1,leaf,1e-12,0.9999999950085526,1.0451156770062656e-12,4.989402228130667e-09
audio/umass_tree8_robot_leaf1_segment_3_window_2_contact.wav,leaf,1,umass_tree8_robot_leaf1_segment_3,1,leaf,1e-12,0.9999999950085526,1.0451156770062656e-12,4.989402228130667e-09
audio/umass_tree8_robot_leaf1_segment_3_window_3_contact.wav,leaf,1,umass_tree8_robot_leaf1_segment_3,1,leaf,1e-12,0.9999999950085526,1.0451156770062656e-12,4.989402228130667e-09
audio/umass_tree8_robot_leaf1_segment_3_window_4_contact.wav,leaf,1,umass_tree8_robot_leaf1_segment_3,1,leaf,1e-12,0.9999999950085526,1.0451156770062656e-12,4.989402228130667e-09
audio/umass_tree8_robot_leaf1_segment_3_window_5_contact.wav,leaf,1,umass_tree8_robot_leaf1_segment_3,1,leaf,1e-12,0.9999999950085526,1.0451156770062656e-12,4.989402228130667e-09
audio/umass_tree8_robot_leaf1_segment_3_window_6_contact.wav,leaf,1,umass_tree8_robot_leaf1_segment_3,1,leaf,1e-12,0.9999999950085526,1.0451156770062656e-12,4.989402228130667e-09
audio/umass_tree8_robot_leaf1_segment_3_window_7_contact.wav,leaf,1,umass_tree8_robot_leaf1_segment_3,1,leaf,1e-12,0.9999999950085526,1.0451156770062656e-12,4.989402228130667e-09
audio/umass_tree8_robot_leaf1_segment_3_window_8_contact.wav,leaf,1,umass_tree8_robot_leaf1_segment_3,1,leaf,1e-12,0.9999999950085526,1.0451156770062656e-12,4.989402228130667e-09
audio/umass_tree8_robot_leaf1_segment_3_window_9_contact.wav,leaf,1,umass_tree8_robot_leaf1_segment_3,1,leaf,1e-12,0.9999999950085526,1.0451156770062656e-12,4.989402228130667e-09
audio/umass_tree8_robot_leaf1_segment_4_window_0_ambient.wav,ambient,0,umass_tree8_robot_leaf1_segment_4,0,ambient,0.999999999995,2.999999985022659e-12,1.0000000000000002e-12,1.0000000000000002e-12
audio/umass_tree8_robot_leaf1_segment_4_window_1_ambient.wav,ambient,0,umass_tree8_robot_leaf1_segment_4,0,ambient,0.999999999995,2.999999985022659e-12,1.0000000000000002e-12,1.0000000000000002e-12
audio/umass_tree8_robot_leaf1_segment_4_window_2_ambient.wav,ambient,0,umass_tree8_robot_leaf1_segment_4,0,ambient,0.999999999995,2.999999985022659e-12,1.0000000000000002e-12,1.0000000000000002e-12
audio/umass_tree8_robot_leaf1_segment_4_window_3_ambient.wav,ambient,0,umass_tree8_robot_leaf1_segment_4,0,ambient,0.999999999995,2.999999985022659e-12,1.0000000000000002e-12,1.0000000000000002e-12
audio/umass_tree8_robot_leaf1_segment_4_window_4_ambient.wav,ambient,0,umass_tree8_robot_leaf1_segment_4,0,ambient,0.999999999995,2.999999985022659e-12,1.0000000000000002e-12,1.0000000000000002e-12
audio/umass_tree8_robot_leaf1_segment_4_window_5_ambient.wav,ambient,0,umass_tree8_robot_leaf1_segment_4,0,ambient,0.999999999995,2.999999985022659e-12,1.0000000000000002e-12,1.0000000000000002e-12
audio/umass_tree1_robot_leaf1_split_0_segment_0_window_0_ambient.wav,ambient,0,umass_tree1_robot_leaf1_split_0_segment_0,0,ambient,0.9999999999950098,2.990228919196807e-12,1.0000000000000002e-12,1.0000000000000002e-12
audio/umass_tree1_robot_leaf1_split_0_segment_0_window_1_ambient.wav,ambient,0,umass_tree1_robot_leaf1_split_0_segment_0,0,ambient,0.9999999999950098,2.990228919196807e-12,1.0000000000000002e-12,1.0000000000000002e-12
audio/umass_tree1_robot_leaf1_split_0_segment_1_window_0_contact.wav,leaf,1,umass_tree1_robot_leaf1_split_0_segment_1,1,leaf,1e-12,0.9967429730665889,6.240935873235573e-05,0.0031946175736787654
audio/umass_tree1_robot_leaf1_split_0_segment_1_window_1_contact.wav,leaf,1,umass_tree1_robot_leaf1_split_0_segment_1,1,leaf,1e-12,0.9967429730665889,6.240935873235573e-05,0.0031946175736787654
audio/umass_tree1_robot_leaf1_split_0_segment_1_window_2_contact.wav,leaf,1,umass_tree1_robot_leaf1_split_0_segment_1,1,leaf,1e-12,0.9967429730665889,6.240935873235573e-05,0.0031946175736787654
audio/umass_tree1_robot_leaf1_split_0_segment_1_window_3_contact.wav,leaf,1,umass_tree1_robot_leaf1_split_0_segment_1,1,leaf,1e-12,0.9967429730665889,6.240935873235573e-05,0.0031946175736787654
audio/umass_tree1_robot_leaf1_split_0_segment_1_window_4_contact.wav,leaf,1,umass_tree1_robot_leaf1_split_0_segment_1,1,leaf,1e-12,0.9967429730665889,6.240935873235573e-05,0.0031946175736787654
audio/umass_tree1_robot_leaf1_split_0_segment_1_window_5_contact.wav,leaf,1,umass_tree1_robot_leaf1_split_0_segment_1,1,leaf,1e-12,0.9967429730665889,6.240935873235573e-05,0.0031946175736787654
audio/umass_tree1_robot_leaf1_split_0_segment_2_window_0_contact.wav,leaf,1,umass_tree1_robot_leaf1_split_0_segment_2,1,leaf,3.1041835768519377e-12,0.9967429730644916,6.24093587322244e-05,0.0031946175736720433
audio/umass_tree1_robot_leaf1_split_0_segment_2_window_1_contact.wav,leaf,1,umass_tree1_robot_leaf1_split_0_segment_2,1,leaf,3.1041835768519377e-12,0.9967429730644916,6.24093587322244e-05,0.0031946175736720433
audio/umass_tree4_robot_twig1_segment_0_window_0_contact.wav,twig,3,umass_tree4_robot_twig1_segment_0,2,trunk,1e-12,0.0167356840549949,0.8138551500149298,0.16940916592907532
audio/umass_tree4_robot_twig1_segment_0_window_1_contact.wav,twig,3,umass_tree4_robot_twig1_segment_0,2,trunk,1e-12,0.0167356840549949,0.8138551500149298,0.16940916592907532
audio/umass_tree4_robot_twig1_segment_0_window_2_contact.wav,twig,3,umass_tree4_robot_twig1_segment_0,2,trunk,1e-12,0.0167356840549949,0.8138551500149298,0.16940916592907532
audio/umass_tree4_robot_twig1_segment_1_window_0_ambient.wav,ambient,0,umass_tree4_robot_twig1_segment_1,0,ambient,0.9999999999955584,1e-12,2.441565450043712e-12,1e-12
audio/umass_tree4_robot_twig1_segment_1_window_1_ambient.wav,ambient,0,umass_tree4_robot_twig1_segment_1,0,ambient,0.9999999999955584,1e-12,2.441565450043712e-12,1e-12
audio/umass_tree4_robot_twig1_segment_1_window_2_ambient.wav,ambient,0,umass_tree4_robot_twig1_segment_1,0,ambient,0.9999999999955584,1e-12,2.441565450043712e-12,1e-12
audio/umass_tree4_robot_twig1_segment_1_window_3_ambient.wav,ambient,0,umass_tree4_robot_twig1_segment_1,0,ambient,0.9999999999955584,1e-12,2.441565450043712e-12,1e-12
audio/umass_tree4_robot_twig1_segment_1_window_4_ambient.wav,ambient,0,umass_tree4_robot_twig1_segment_1,0,ambient,0.9999999999955584,1e-12,2.441565450043712e-12,1e-12
audio/umass_tree4_robot_twig1_segment_1_window_5_ambient.wav,ambient,0,umass_tree4_robot_twig1_segment_1,0,ambient,0.9999999999955584,1e-12,2.441565450043712e-12,1e-12
audio/umass_tree4_robot_twig1_segment_1_window_6_ambient.wav,ambient,0,umass_tree4_robot_twig1_segment_1,0,ambient,0.9999999999955584,1e-12,2.441565450043712e-12,1e-12
audio/umass_tree4_robot_twig1_segment_1_window_7_ambient.wav,ambient,0,umass_tree4_robot_twig1_segment_1,0,ambient,0.9999999999955584,1e-12,2.441565450043712e-12,1e-12
audio/umass_tree4_robot_twig1_segment_1_window_8_ambient.wav,ambient,0,umass_tree4_robot_twig1_segment_1,0,ambient,0.9999999999955584,1e-12,2.441565450043712e-12,1e-12
audio/umass_tree4_robot_twig1_segment_1_window_9_ambient.wav,ambient,0,umass_tree4_robot_twig1_segment_1,0,ambient,0.9999999999955584,1e-12,2.441565450043712e-12,1e-12
audio/umass_tree4_robot_twig1_segment_2_window_0_ambient.wav,ambient,0,umass_tree4_robot_twig1_segment_2,0,ambient,0.9999999999955584,1e-12,2.441565450043712e-12,1e-12
audio/umass_tree4_robot_twig1_segment_2_window_1_ambient.wav,ambient,0,umass_tree4_robot_twig1_segment_2,0,ambient,0.9999999999955584,1e-12,2.441565450043712e-12,1e-12
audio/umass_tree4_robot_twig1_segment_2_window_2_ambient.wav,ambient,0,umass_tree4_robot_twig1_segment_2,0,ambient,0.9999999999955584,1e-12,2.441565450043712e-12,1e-12
audio/umass_tree4_robot_twig1_segment_3_window_0_contact.wav,twig,3,umass_tree4_robot_twig1_segment_3,2,trunk,0.00018914971567673966,0.016732518505130977,0.8137012095455161,0.16937712223367615
audio/umass_tree4_robot_twig1_segment_4_window_0_ambient.wav,ambient,0,umass_tree4_robot_twig1_segment_4,0,ambient,0.9999999999955584,1e-12,2.441565450043712e-12,1e-12
audio/umass_tree4_robot_twig1_segment_4_window_1_ambient.wav,ambient,0,umass_tree4_robot_twig1_segment_4,0,ambient,0.9999999999955584,1e-12,2.441565450043712e-12,1e-12
audio/umass_tree4_robot_twig1_segment_4_window_2_ambient.wav,ambient,0,umass_tree4_robot_twig1_segment_4,0,ambient,0.9999999999955584,1e-12,2.441565450043712e-12,1e-12
audio/umass_tree4_robot_twig1_segment_5_window_0_contact.wav,twig,3,umass_tree4_robot_twig1_segment_5,0,ambient,0.9999999999955584,1e-12,2.441565450043712e-12,1e-12
audio/umass_tree4_robot_twig1_segment_5_window_1_contact.wav,twig,3,umass_tree4_robot_twig1_segment_5,0,ambient,0.9999999999955584,1e-12,2.441565450043712e-12,1e-12
audio/umass_tree4_robot_twig1_segment_5_window_2_contact.wav,twig,3,umass_tree4_robot_twig1_segment_5,0,ambient,0.9999999999955584,1e-12,2.441565450043712e-12,1e-12
audio/umass_tree4_robot_twig1_segment_5_window_3_contact.wav,twig,3,umass_tree4_robot_twig1_segment_5,0,ambient,0.9999999999955584,1e-12,2.441565450043712e-12,1e-12
audio/umass_tree4_robot_twig1_segment_5_window_4_contact.wav,twig,3,umass_tree4_robot_twig1_segment_5,0,ambient,0.9999999999955584,1e-12,2.441565450043712e-12,1e-12
audio/umass_tree4_robot_twig1_segment_5_window_5_contact.wav,twig,3,umass_tree4_robot_twig1_segment_5,0,ambient,0.9999999999955584,1e-12,2.441565450043712e-12,1e-12
audio/umass_tree4_robot_twig1_segment_5_window_6_contact.wav,twig,3,umass_tree4_robot_twig1_segment_5,0,ambient,0.9999999999955584,1e-12,2.441565450043712e-12,1e-12
audio/umass_tree4_robot_twig1_segment_5_window_7_contact.wav,twig,3,umass_tree4_robot_twig1_segment_5,0,ambient,0.9999999999955584,1e-12,2.441565450043712e-12,1e-12
audio/umass_tree4_robot_twig1_segment_5_window_8_contact.wav,twig,3,umass_tree4_robot_twig1_segment_5,0,ambient,0.9999999999955584,1e-12,2.441565450043712e-12,1e-12
audio/umass_tree4_robot_twig1_segment_5_window_9_contact.wav,twig,3,umass_tree4_robot_twig1_segment_5,0,ambient,0.9999999999955584,1e-12,2.441565450043712e-12,1e-12
audio/umass_tree4_robot_twig1_segment_5_window_10_contact.wav,twig,3,umass_tree4_robot_twig1_segment_5,0,ambient,0.9999999999955584,1e-12,2.441565450043712e-12,1e-12
audio/umass_tree4_robot_twig1_segment_5_window_11_contact.wav,twig,3,umass_tree4_robot_twig1_segment_5,0,ambient,0.9999999999955584,1e-12,2.441565450043712e-12,1e-12
audio/umass_tree4_robot_twig1_segment_5_window_12_contact.wav,twig,3,umass_tree4_robot_twig1_segment_5,0,ambient,0.9999999999955584,1e-12,2.441565450043712e-12,1e-12
audio/umass_tree4_robot_twig1_segment_5_window_13_contact.wav,twig,3,umass_tree4_robot_twig1_segment_5,0,ambient,0.9999999999955584,1e-12,2.441565450043712e-12,1e-12
audio/umass_tree4_robot_twig1_segment_5_window_14_contact.wav,twig,3,umass_tree4_robot_twig1_segment_5,0,ambient,0.9999999999955584,1e-12,2.441565450043712e-12,1e-12
audio/umass_tree4_robot_twig1_segment_5_window_15_contact.wav,twig,3,umass_tree4_robot_twig1_segment_5,0,ambient,0.9999999999955584,1e-12,2.441565450043712e-12,1e-12
audio/umass_tree4_robot_twig1_segment_5_window_16_contact.wav,twig,3,umass_tree4_robot_twig1_segment_5,0,ambient,0.9999999999955584,1e-12,2.441565450043712e-12,1e-12
audio/umass_tree8_robot_trunk2_segment_0_window_0_ambient.wav,ambient,0,umass_tree8_robot_trunk2_segment_0,0,ambient,0.9999999999957399,1e-12,2.260169161183291e-12,1e-12
audio/umass_tree8_robot_trunk2_segment_0_window_1_ambient.wav,ambient,0,umass_tree8_robot_trunk2_segment_0,0,ambient,0.9999999999957399,1e-12,2.260169161183291e-12,1e-12
audio/umass_tree8_robot_trunk2_segment_0_window_2_ambient.wav,ambient,0,umass_tree8_robot_trunk2_segment_0,0,ambient,0.9999999999957399,1e-12,2.260169161183291e-12,1e-12
audio/umass_tree8_robot_trunk2_segment_0_window_3_ambient.wav,ambient,0,umass_tree8_robot_trunk2_segment_0,0,ambient,0.9999999999957399,1e-12,2.260169161183291e-12,1e-12
audio/umass_tree8_robot_trunk2_segment_1_window_0_contact.wav,trunk,2,umass_tree8_robot_trunk2_segment_1,2,trunk,1e-12,1.1085552120935168e-05,0.7533897203946259,0.24659919405225317
audio/umass_tree8_robot_trunk2_segment_1_window_1_contact.wav,trunk,2,umass_tree8_robot_trunk2_segment_1,2,trunk,1e-12,1.1085552120935168e-05,0.7533897203946259,0.24659919405225317
audio/umass_tree8_robot_trunk2_segment_1_window_2_contact.wav,trunk,2,umass_tree8_robot_trunk2_segment_1,2,trunk,1e-12,1.1085552120935168e-05,0.7533897203946259,0.24659919405225317
audio/umass_tree8_robot_trunk2_segment_1_window_3_contact.wav,trunk,2,umass_tree8_robot_trunk2_segment_1,2,trunk,1e-12,1.1085552120935168e-05,0.7533897203946259,0.24659919405225317
audio/umass_tree8_robot_trunk2_segment_1_window_4_contact.wav,trunk,2,umass_tree8_robot_trunk2_segment_1,2,trunk,1e-12,1.1085552120935168e-05,0.7533897203946259,0.24659919405225317
audio/umass_tree8_robot_trunk2_segment_1_window_5_contact.wav,trunk,2,umass_tree8_robot_trunk2_segment_1,2,trunk,1e-12,1.1085552120935168e-05,0.7533897203946259,0.24659919405225317
audio/umass_tree8_robot_trunk2_segment_1_window_6_contact.wav,trunk,2,umass_tree8_robot_trunk2_segment_1,2,trunk,1e-12,1.1085552120935168e-05,0.7533897203946259,0.24659919405225317
audio/umass_tree8_robot_trunk2_segment_1_window_7_contact.wav,trunk,2,umass_tree8_robot_trunk2_segment_1,2,trunk,1e-12,1.1085552120935168e-05,0.7533897203946259,0.24659919405225317
audio/umass_tree8_robot_trunk2_segment_1_window_8_contact.wav,trunk,2,umass_tree8_robot_trunk2_segment_1,2,trunk,1e-12,1.1085552120935168e-05,0.7533897203946259,0.24659919405225317
audio/umass_tree8_robot_trunk2_segment_1_window_9_contact.wav,trunk,2,umass_tree8_robot_trunk2_segment_1,2,trunk,1e-12,1.1085552120935168e-05,0.7533897203946259,0.24659919405225317
audio/umass_tree8_robot_trunk2_segment_1_window_10_contact.wav,trunk,2,umass_tree8_robot_trunk2_segment_1,2,trunk,1e-12,1.1085552120935168e-05,0.7533897203946259,0.24659919405225317
audio/umass_tree8_robot_trunk2_segment_1_window_11_contact.wav,trunk,2,umass_tree8_robot_trunk2_segment_1,2,trunk,1e-12,1.1085552120935168e-05,0.7533897203946259,0.24659919405225317
audio/umass_tree8_robot_trunk2_segment_1_window_12_contact.wav,trunk,2,umass_tree8_robot_trunk2_segment_1,2,trunk,1e-12,1.1085552120935168e-05,0.7533897203946259,0.24659919405225317
audio/umass_tree8_robot_trunk2_segment_1_window_13_contact.wav,trunk,2,umass_tree8_robot_trunk2_segment_1,2,trunk,1e-12,1.1085552120935168e-05,0.7533897203946259,0.24659919405225317
audio/umass_tree8_robot_trunk2_segment_1_window_14_contact.wav,trunk,2,umass_tree8_robot_trunk2_segment_1,2,trunk,1e-12,1.1085552120935168e-05,0.7533897203946259,0.24659919405225317
audio/umass_tree8_robot_trunk2_segment_1_window_15_contact.wav,trunk,2,umass_tree8_robot_trunk2_segment_1,2,trunk,1e-12,1.1085552120935168e-05,0.7533897203946259,0.24659919405225317
audio/umass_tree8_robot_trunk2_segment_1_window_16_contact.wav,trunk,2,umass_tree8_robot_trunk2_segment_1,2,trunk,1e-12,1.1085552120935168e-05,0.7533897203946259,0.24659919405225317
audio/umass_tree8_robot_trunk2_segment_2_window_0_ambient.wav,ambient,0,umass_tree8_robot_trunk2_segment_2,0,ambient,0.9999999999957399,1e-12,2.260169161183291e-12,1e-12
audio/umass_tree8_robot_trunk2_segment_2_window_1_ambient.wav,ambient,0,umass_tree8_robot_trunk2_segment_2,0,ambient,0.9999999999957399,1e-12,2.260169161183291e-12,1e-12
audio/umass_tree8_robot_trunk2_segment_2_window_2_ambient.wav,ambient,0,umass_tree8_robot_trunk2_segment_2,0,ambient,0.9999999999957399,1e-12,2.260169161183291e-12,1e-12
audio/umass_tree8_robot_trunk2_segment_2_window_3_ambient.wav,ambient,0,umass_tree8_robot_trunk2_segment_2,0,ambient,0.9999999999957399,1e-12,2.260169161183291e-12,1e-12
audio/umass_tree8_robot_trunk2_segment_2_window_4_ambient.wav,ambient,0,umass_tree8_robot_trunk2_segment_2,0,ambient,0.9999999999957399,1e-12,2.260169161183291e-12,1e-12
audio/umass_tree8_robot_trunk2_segment_2_window_5_ambient.wav,ambient,0,umass_tree8_robot_trunk2_segment_2,0,ambient,0.9999999999957399,1e-12,2.260169161183291e-12,1e-12
audio/umass_tree8_robot_trunk2_segment_2_window_6_ambient.wav,ambient,0,umass_tree8_robot_trunk2_segment_2,0,ambient,0.9999999999957399,1e-12,2.260169161183291e-12,1e-12
audio/umass_tree8_robot_trunk2_segment_2_window_7_ambient.wav,ambient,0,umass_tree8_robot_trunk2_segment_2,0,ambient,0.9999999999957399,1e-12,2.260169161183291e-12,1e-12
audio/umass_tree8_robot_trunk2_segment_2_window_8_ambient.wav,ambient,0,umass_tree8_robot_trunk2_segment_2,0,ambient,0.9999999999957399,1e-12,2.260169161183291e-12,1e-12
audio/umass_tree8_robot_trunk2_segment_2_window_9_ambient.wav,ambient,0,umass_tree8_robot_trunk2_segment_2,0,ambient,0.9999999999957399,1e-12,2.260169161183291e-12,1e-12
audio/umass_tree8_robot_trunk2_segment_2_window_10_ambient.wav,ambient,0,umass_tree8_robot_trunk2_segment_2,0,ambient,0.9999999999957399,1e-12,2.260169161183291e-12,1e-12
audio/umass_tree8_robot_trunk2_segment_3_window_0_contact.wav,trunk,2,umass_tree8_robot_trunk2_segment_3,2,trunk,7.599698648164122e-12,1.1085552120862006e-05,0.7533897203896538,0.24659919405062566
audio/umass_tree8_robot_trunk2_segment_3_window_1_contact.wav,trunk,2,umass_tree8_robot_trunk2_segment_3,2,trunk,7.599698648164122e-12,1.1085552120862006e-05,0.7533897203896538,0.24659919405062566
audio/umass_tree8_robot_trunk2_segment_4_window_0_ambient.wav,ambient,0,umass_tree8_robot_trunk2_segment_4,0,ambient,0.9999999999957399,1e-12,2.260169161183291e-12,1e-12
audio/umass_tree8_robot_trunk2_segment_4_window_1_ambient.wav,ambient,0,umass_tree8_robot_trunk2_segment_4,0,ambient,0.9999999999957399,1e-12,2.260169161183291e-12,1e-12
audio/umass_tree8_robot_trunk2_segment_4_window_2_ambient.wav,ambient,0,umass_tree8_robot_trunk2_segment_4,0,ambient,0.9999999999957399,1e-12,2.260169161183291e-12,1e-12
audio/umass_tree8_robot_trunk2_segment_4_window_3_ambient.wav,ambient,0,umass_tree8_robot_trunk2_segment_4,0,ambient,0.9999999999957399,1e-12,2.260169161183291e-12,1e-12
audio/umass_tree8_robot_trunk2_segment_4_window_4_ambient.wav,ambient,0,umass_tree8_robot_trunk2_segment_4,0,ambient,0.9999999999957399,1e-12,2.260169161183291e-12,1e-12
audio/umass_tree8_robot_trunk2_segment_4_window_5_ambient.wav,ambient,0,umass_tree8_robot_trunk2_segment_4,0,ambient,0.9999999999957399,1e-12,2.260169161183291e-12,1e-12
audio/umass_tree8_robot_trunk2_segment_4_window_6_ambient.wav,ambient,0,umass_tree8_robot_trunk2_segment_4,0,ambient,0.9999999999957399,1e-12,2.260169161183291e-12,1e-12
audio/umass_tree8_robot_trunk2_segment_4_window_7_ambient.wav,ambient,0,umass_tree8_robot_trunk2_segment_4,0,ambient,0.9999999999957399,1e-12,2.260169161183291e-12,1e-12
audio/umass_tree8_robot_trunk2_segment_4_window_8_ambient.wav,ambient,0,umass_tree8_robot_trunk2_segment_4,0,ambient,0.9999999999957399,1e-12,2.260169161183291e-12,1e-12
audio/umass_tree8_robot_trunk2_segment_4_window_9_ambient.wav,ambient,0,umass_tree8_robot_trunk2_segment_4,0,ambient,0.9999999999957399,1e-12,2.260169161183291e-12,1e-12
audio/umass_tree8_robot_trunk2_segment_4_window_10_ambient.wav,ambient,0,umass_tree8_robot_trunk2_segment_4,0,ambient,0.9999999999957399,1e-12,2.260169161183291e-12,1e-12
audio/umass_tree8_robot_trunk2_segment_5_window_0_contact.wav,trunk,2,umass_tree8_robot_trunk2_segment_5,2,trunk,1e-12,1.1085552120935168e-05,0.7533897203946259,0.24659919405225317
audio/umass_tree8_robot_trunk2_segment_5_window_1_contact.wav,trunk,2,umass_tree8_robot_trunk2_segment_5,2,trunk,1e-12,1.1085552120935168e-05,0.7533897203946259,0.24659919405225317
audio/umass_tree8_robot_trunk2_segment_6_window_0_contact.wav,trunk,2,umass_tree8_robot_trunk2_segment_6,0,ambient,0.9999999999957399,1e-12,2.260169161183291e-12,1e-12
audio/umass_tree8_robot_trunk2_segment_6_window_1_contact.wav,trunk,2,umass_tree8_robot_trunk2_segment_6,0,ambient,0.9999999999957399,1e-12,2.260169161183291e-12,1e-12
audio/umass_tree8_robot_trunk2_segment_6_window_2_contact.wav,trunk,2,umass_tree8_robot_trunk2_segment_6,0,ambient,0.9999999999957399,1e-12,2.260169161183291e-12,1e-12
audio/umass_tree8_robot_trunk2_segment_6_window_3_contact.wav,trunk,2,umass_tree8_robot_trunk2_segment_6,0,ambient,0.9999999999957399,1e-12,2.260169161183291e-12,1e-12
audio/umass_tree8_robot_trunk2_segment_6_window_4_contact.wav,trunk,2,umass_tree8_robot_trunk2_segment_6,0,ambient,0.9999999999957399,1e-12,2.260169161183291e-12,1e-12
audio/umass_tree8_robot_trunk2_segment_6_window_5_contact.wav,trunk,2,umass_tree8_robot_trunk2_segment_6,0,ambient,0.9999999999957399,1e-12,2.260169161183291e-12,1e-12
audio/umass_tree8_robot_trunk2_segment_6_window_6_contact.wav,trunk,2,umass_tree8_robot_trunk2_segment_6,0,ambient,0.9999999999957399,1e-12,2.260169161183291e-12,1e-12
audio/umass_tree8_robot_trunk2_segment_6_window_7_contact.wav,trunk,2,umass_tree8_robot_trunk2_segment_6,0,ambient,0.9999999999957399,1e-12,2.260169161183291e-12,1e-12
audio/umass_tree8_robot_trunk2_segment_6_window_8_contact.wav,trunk,2,umass_tree8_robot_trunk2_segment_6,0,ambient,0.9999999999957399,1e-12,2.260169161183291e-12,1e-12
audio/umass_tree8_robot_trunk2_segment_6_window_9_contact.wav,trunk,2,umass_tree8_robot_trunk2_segment_6,0,ambient,0.9999999999957399,1e-12,2.260169161183291e-12,1e-12
audio/umass_tree8_robot_trunk2_segment_6_window_10_contact.wav,trunk,2,umass_tree8_robot_trunk2_segment_6,0,ambient,0.9999999999957399,1e-12,2.260169161183291e-12,1e-12
audio/umass_tree8_robot_trunk2_segment_6_window_11_contact.wav,trunk,2,umass_tree8_robot_trunk2_segment_6,0,ambient,0.9999999999957399,1e-12,2.260169161183291e-12,1e-12
audio/umass_tree8_robot_trunk2_segment_6_window_12_contact.wav,trunk,2,umass_tree8_robot_trunk2_segment_6,0,ambient,0.9999999999957399,1e-12,2.260169161183291e-12,1e-12
audio/umass_tree8_robot_trunk2_segment_6_window_13_contact.wav,trunk,2,umass_tree8_robot_trunk2_segment_6,0,ambient,0.9999999999957399,1e-12,2.260169161183291e-12,1e-12
audio/umass_tree8_robot_trunk2_segment_6_window_14_contact.wav,trunk,2,umass_tree8_robot_trunk2_segment_6,0,ambient,0.9999999999957399,1e-12,2.260169161183291e-12,1e-12
audio/umass_tree8_robot_trunk2_segment_6_window_15_contact.wav,trunk,2,umass_tree8_robot_trunk2_segment_6,0,ambient,0.9999999999957399,1e-12,2.260169161183291e-12,1e-12
audio/umass_tree8_robot_trunk2_segment_6_window_16_contact.wav,trunk,2,umass_tree8_robot_trunk2_segment_6,0,ambient,0.9999999999957399,1e-12,2.260169161183291e-12,1e-12
audio/umass_tree8_robot_trunk2_segment_6_window_17_contact.wav,trunk,2,umass_tree8_robot_trunk2_segment_6,0,ambient,0.9999999999957399,1e-12,2.260169161183291e-12,1e-12
audio/umass_tree8_robot_trunk2_segment_6_window_18_contact.wav,trunk,2,umass_tree8_robot_trunk2_segment_6,0,ambient,0.9999999999957399,1e-12,2.260169161183291e-12,1e-12
audio/umass_tree8_robot_trunk2_segment_6_window_19_contact.wav,trunk,2,umass_tree8_robot_trunk2_segment_6,0,ambient,0.9999999999957399,1e-12,2.260169161183291e-12,1e-12
audio/umass_tree8_robot_trunk2_segment_6_window_20_contact.wav,trunk,2,umass_tree8_robot_trunk2_segment_6,0,ambient,0.9999999999957399,1e-12,2.260169161183291e-12,1e-12
audio/umass_tree8_robot_trunk2_segment_6_window_21_contact.wav,trunk,2,umass_tree8_robot_trunk2_segment_6,0,ambient,0.9999999999957399,1e-12,2.260169161183291e-12,1e-12
audio/umass_tree8_robot_trunk2_segment_6_window_22_contact.wav,trunk,2,umass_tree8_robot_trunk2_segment_6,0,ambient,0.9999999999957399,1e-12,2.260169161183291e-12,1e-12
audio/umass_tree8_robot_trunk2_segment_6_window_23_contact.wav,trunk,2,umass_tree8_robot_trunk2_segment_6,0,ambient,0.9999999999957399,1e-12,2.260169161183291e-12,1e-12
audio/umass_tree8_robot_trunk2_segment_6_window_24_contact.wav,trunk,2,umass_tree8_robot_trunk2_segment_6,0,ambient,0.9999999999957399,1e-12,2.260169161183291e-12,1e-12
audio/umass_tree8_robot_trunk2_segment_6_window_25_contact.wav,trunk,2,umass_tree8_robot_trunk2_segment_6,0,ambient,0.9999999999957399,1e-12,2.260169161183291e-12,1e-12
audio/umass_tree8_robot_trunk2_segment_6_window_26_contact.wav,trunk,2,umass_tree8_robot_trunk2_segment_6,0,ambient,0.9999999999957399,1e-12,2.260169161183291e-12,1e-12
audio/umass_tree8_robot_trunk2_segment_6_window_27_contact.wav,trunk,2,umass_tree8_robot_trunk2_segment_6,0,ambient,0.9999999999957399,1e-12,2.260169161183291e-12,1e-12
audio/umass_tree8_robot_trunk2_segment_6_window_28_contact.wav,trunk,2,umass_tree8_robot_trunk2_segment_6,0,ambient,0.9999999999957399,1e-12,2.260169161183291e-12,1e-12
audio/umass_tree8_robot_trunk2_segment_6_window_29_contact.wav,trunk,2,umass_tree8_robot_trunk2_segment_6,0,ambient,0.9999999999957399,1e-12,2.260169161183291e-12,1e-12
audio/umass_tree8_robot_trunk2_segment_6_window_30_contact.wav,trunk,2,umass_tree8_robot_trunk2_segment_6,0,ambient,0.9999999999957399,1e-12,2.260169161183291e-12,1e-12
audio/umass_tree8_robot_trunk2_segment_6_window_31_contact.wav,trunk,2,umass_tree8_robot_trunk2_segment_6,0,ambient,0.9999999999957399,1e-12,2.260169161183291e-12,1e-12
audio/umass_tree8_robot_trunk2_segment_6_window_32_contact.wav,trunk,2,umass_tree8_robot_trunk2_segment_6,0,ambient,0.9999999999957399,1e-12,2.260169161183291e-12,1e-12
audio/umass_tree8_robot_trunk2_segment_6_window_33_contact.wav,trunk,2,umass_tree8_robot_trunk2_segment_6,0,ambient,0.9999999999957399,1e-12,2.260169161183291e-12,1e-12
audio/umass_tree8_robot_trunk2_segment_6_window_34_contact.wav,trunk,2,umass_tree8_robot_trunk2_segment_6,0,ambient,0.9999999999957399,1e-12,2.260169161183291e-12,1e-12
audio/umass_tree1_robot_trunk2_segment_0_window_0_ambient.wav,ambient,0,umass_tree1_robot_trunk2_segment_0,0,ambient,0.999999999995,1e-12,1e-12,2.9999998276096874e-12
audio/umass_tree1_robot_trunk2_segment_0_window_1_ambient.wav,ambient,0,umass_tree1_robot_trunk2_segment_0,0,ambient,0.999999999995,1e-12,1e-12,2.9999998276096874e-12
audio/umass_tree1_robot_trunk2_segment_1_window_0_ambient.wav,ambient,0,umass_tree1_robot_trunk2_segment_1,0,ambient,0.999999999995,1e-12,1e-12,2.9999998276096874e-12
audio/umass_tree1_robot_trunk2_segment_1_window_1_ambient.wav,ambient,0,umass_tree1_robot_trunk2_segment_1,0,ambient,0.999999999995,1e-12,1e-12,2.9999998276096874e-12
audio/umass_tree1_robot_trunk2_segment_2_window_0_ambient.wav,ambient,0,umass_tree1_robot_trunk2_segment_2,0,ambient,0.999999999995,1e-12,1e-12,2.9999998276096874e-12
audio/umass_tree1_robot_trunk2_segment_2_window_1_ambient.wav,ambient,0,umass_tree1_robot_trunk2_segment_2,0,ambient,0.999999999995,1e-12,1e-12,2.9999998276096874e-12
audio/umass_tree1_robot_trunk2_segment_2_window_2_ambient.wav,ambient,0,umass_tree1_robot_trunk2_segment_2,0,ambient,0.999999999995,1e-12,1e-12,2.9999998276096874e-12
audio/umass_tree1_robot_trunk2_segment_2_window_3_ambient.wav,ambient,0,umass_tree1_robot_trunk2_segment_2,0,ambient,0.999999999995,1e-12,1e-12,2.9999998276096874e-12
audio/umass_tree1_robot_trunk2_segment_3_window_0_contact.wav,trunk,2,umass_tree1_robot_trunk2_segment_3,3,twig,1e-12,5.746043792269459e-08,1e-12,0.9999999425375621
audio/umass_tree1_robot_trunk2_segment_3_window_1_contact.wav,trunk,2,umass_tree1_robot_trunk2_segment_3,3,twig,1e-12,5.746043792269459e-08,1e-12,0.9999999425375621
audio/umass_tree1_robot_trunk2_segment_3_window_2_contact.wav,trunk,2,umass_tree1_robot_trunk2_segment_3,3,twig,1e-12,5.746043792269459e-08,1e-12,0.9999999425375621
audio/umass_tree1_robot_trunk2_segment_3_window_3_contact.wav,trunk,2,umass_tree1_robot_trunk2_segment_3,3,twig,1e-12,5.746043792269459e-08,1e-12,0.9999999425375621
audio/umass_tree1_robot_trunk2_segment_4_window_0_ambient.wav,ambient,0,umass_tree1_robot_trunk2_segment_4,0,ambient,0.999999999995,1e-12,1e-12,2.9999998276096874e-12
audio/umass_tree1_robot_trunk2_segment_4_window_1_ambient.wav,ambient,0,umass_tree1_robot_trunk2_segment_4,0,ambient,0.999999999995,1e-12,1e-12,2.9999998276096874e-12
audio/umass_tree1_robot_trunk2_segment_4_window_2_ambient.wav,ambient,0,umass_tree1_robot_trunk2_segment_4,0,ambient,0.999999999995,1e-12,1e-12,2.9999998276096874e-12
audio/umass_tree1_robot_trunk2_segment_4_window_3_ambient.wav,ambient,0,umass_tree1_robot_trunk2_segment_4,0,ambient,0.999999999995,1e-12,1e-12,2.9999998276096874e-12
audio/umass_tree1_robot_trunk2_segment_4_window_4_ambient.wav,ambient,0,umass_tree1_robot_trunk2_segment_4,0,ambient,0.999999999995,1e-12,1e-12,2.9999998276096874e-12
audio/umass_tree1_robot_trunk2_segment_4_window_5_ambient.wav,ambient,0,umass_tree1_robot_trunk2_segment_4,0,ambient,0.999999999995,1e-12,1e-12,2.9999998276096874e-12
audio/umass_tree1_robot_trunk2_segment_4_window_6_ambient.wav,ambient,0,umass_tree1_robot_trunk2_segment_4,0,ambient,0.999999999995,1e-12,1e-12,2.9999998276096874e-12
audio/umass_tree1_robot_trunk2_segment_4_window_7_ambient.wav,ambient,0,umass_tree1_robot_trunk2_segment_4,0,ambient,0.999999999995,1e-12,1e-12,2.9999998276096874e-12
audio/umass_tree1_robot_trunk2_segment_4_window_8_ambient.wav,ambient,0,umass_tree1_robot_trunk2_segment_4,0,ambient,0.999999999995,1e-12,1e-12,2.9999998276096874e-12
audio/umass_tree1_robot_trunk2_segment_4_window_9_ambient.wav,ambient,0,umass_tree1_robot_trunk2_segment_4,0,ambient,0.999999999995,1e-12,1e-12,2.9999998276096874e-12
audio/umass_tree1_robot_trunk2_segment_4_window_10_ambient.wav,ambient,0,umass_tree1_robot_trunk2_segment_4,0,ambient,0.999999999995,1e-12,1e-12,2.9999998276096874e-12
audio/umass_tree1_robot_trunk2_segment_4_window_11_ambient.wav,ambient,0,umass_tree1_robot_trunk2_segment_4,0,ambient,0.999999999995,1e-12,1e-12,2.9999998276096874e-12
audio/umass_tree1_robot_trunk2_segment_5_window_0_contact.wav,trunk,2,umass_tree1_robot_trunk2_segment_5,0,ambient,0.999999999995,1e-12,1e-12,2.9999998276096874e-12
audio/umass_tree1_robot_trunk2_segment_5_window_1_contact.wav,trunk,2,umass_tree1_robot_trunk2_segment_5,0,ambient,0.999999999995,1e-12,1e-12,2.9999998276096874e-12
audio/umass_tree1_robot_trunk2_segment_5_window_2_contact.wav,trunk,2,umass_tree1_robot_trunk2_segment_5,0,ambient,0.999999999995,1e-12,1e-12,2.9999998276096874e-12
audio/umass_tree1_robot_trunk2_segment_5_window_3_contact.wav,trunk,2,umass_tree1_robot_trunk2_segment_5,0,ambient,0.999999999995,1e-12,1e-12,2.9999998276096874e-12
audio/umass_tree1_robot_trunk2_segment_5_window_4_contact.wav,trunk,2,umass_tree1_robot_trunk2_segment_5,0,ambient,0.999999999995,1e-12,1e-12,2.9999998276096874e-12
audio/umass_tree1_robot_trunk2_segment_5_window_5_contact.wav,trunk,2,umass_tree1_robot_trunk2_segment_5,0,ambient,0.999999999995,1e-12,1e-12,2.9999998276096874e-12
audio/umass_tree1_robot_trunk2_segment_5_window_6_contact.wav,trunk,2,umass_tree1_robot_trunk2_segment_5,0,ambient,0.999999999995,1e-12,1e-12,2.9999998276096874e-12
audio/umass_tree1_robot_trunk2_segment_5_window_7_contact.wav,trunk,2,umass_tree1_robot_trunk2_segment_5,0,ambient,0.999999999995,1e-12,1e-12,2.9999998276096874e-12
audio/umass_tree1_robot_trunk2_segment_5_window_8_contact.wav,trunk,2,umass_tree1_robot_trunk2_segment_5,0,ambient,0.999999999995,1e-12,1e-12,2.9999998276096874e-12
audio/umass_tree1_robot_trunk2_segment_5_window_9_contact.wav,trunk,2,umass_tree1_robot_trunk2_segment_5,0,ambient,0.999999999995,1e-12,1e-12,2.9999998276096874e-12
audio/umass_tree1_robot_trunk2_segment_5_window_10_contact.wav,trunk,2,umass_tree1_robot_trunk2_segment_5,0,ambient,0.999999999995,1e-12,1e-12,2.9999998276096874e-12
audio/umass_tree1_robot_trunk2_segment_5_window_11_contact.wav,trunk,2,umass_tree1_robot_trunk2_segment_5,0,ambient,0.999999999995,1e-12,1e-12,2.9999998276096874e-12
audio/umass_tree1_robot_trunk2_segment_5_window_12_contact.wav,trunk,2,umass_tree1_robot_trunk2_segment_5,0,ambient,0.999999999995,1e-12,1e-12,2.9999998276096874e-12
audio/umass_tree1_robot_trunk2_segment_5_window_13_contact.wav,trunk,2,umass_tree1_robot_trunk2_segment_5,0,ambient,0.999999999995,1e-12,1e-12,2.9999998276096874e-12
audio/umass_tree1_robot_trunk2_segment_5_window_14_contact.wav,trunk,2,umass_tree1_robot_trunk2_segment_5,0,ambient,0.999999999995,1e-12,1e-12,2.9999998276096874e-12
audio/umass_tree1_robot_trunk2_segment_5_window_15_contact.wav,trunk,2,umass_tree1_robot_trunk2_segment_5,0,ambient,0.999999999995,1e-12,1e-12,2.9999998276096874e-12
audio/umass_tree1_robot_trunk2_segment_5_window_16_contact.wav,trunk,2,umass_tree1_robot_trunk2_segment_5,0,ambient,0.999999999995,1e-12,1e-12,2.9999998276096874e-12
audio/umass_tree1_robot_trunk2_segment_5_window_17_contact.wav,trunk,2,umass_tree1_robot_trunk2_segment_5,0,ambient,0.999999999995,1e-12,1e-12,2.9999998276096874e-12
audio/umass_tree1_robot_trunk2_segment_5_window_18_contact.wav,trunk,2,umass_tree1_robot_trunk2_segment_5,0,ambient,0.999999999995,1e-12,1e-12,2.9999998276096874e-12
audio/umass_tree1_robot_trunk2_segment_5_window_19_contact.wav,trunk,2,umass_tree1_robot_trunk2_segment_5,0,ambient,0.999999999995,1e-12,1e-12,2.9999998276096874e-12
audio/umass_tree1_robot_trunk2_segment_5_window_20_contact.wav,trunk,2,umass_tree1_robot_trunk2_segment_5,0,ambient,0.999999999995,1e-12,1e-12,2.9999998276096874e-12
audio/umass_tree1_robot_trunk2_segment_5_window_21_contact.wav,trunk,2,umass_tree1_robot_trunk2_segment_5,0,ambient,0.999999999995,1e-12,1e-12,2.9999998276096874e-12
audio/umass_tree1_robot_trunk2_segment_5_window_22_contact.wav,trunk,2,umass_tree1_robot_trunk2_segment_5,0,ambient,0.999999999995,1e-12,1e-12,2.9999998276096874e-12
audio/umass_tree1_robot_trunk2_segment_5_window_23_contact.wav,trunk,2,umass_tree1_robot_trunk2_segment_5,0,ambient,0.999999999995,1e-12,1e-12,2.9999998276096874e-12
audio/umass_tree1_robot_trunk2_segment_5_window_24_contact.wav,trunk,2,umass_tree1_robot_trunk2_segment_5,0,ambient,0.999999999995,1e-12,1e-12,2.9999998276096874e-12
audio/umass_tree1_robot_trunk2_segment_5_window_25_contact.wav,trunk,2,umass_tree1_robot_trunk2_segment_5,0,ambient,0.999999999995,1e-12,1e-12,2.9999998276096874e-12
audio/umass_tree1_robot_trunk2_segment_5_window_26_contact.wav,trunk,2,umass_tree1_robot_trunk2_segment_5,0,ambient,0.999999999995,1e-12,1e-12,2.9999998276096874e-12
audio/umass_tree1_robot_trunk2_segment_5_window_27_contact.wav,trunk,2,umass_tree1_robot_trunk2_segment_5,0,ambient,0.999999999995,1e-12,1e-12,2.9999998276096874e-12
audio/umass_tree1_robot_trunk2_segment_5_window_28_contact.wav,trunk,2,umass_tree1_robot_trunk2_segment_5,0,ambient,0.999999999995,1e-12,1e-12,2.9999998276096874e-12
audio/umass_tree1_robot_trunk2_segment_5_window_29_contact.wav,trunk,2,umass_tree1_robot_trunk2_segment_5,0,ambient,0.999999999995,1e-12,1e-12,2.9999998276096874e-12
audio/umass_tree1_robot_trunk2_segment_5_window_30_contact.wav,trunk,2,umass_tree1_robot_trunk2_segment_5,0,ambient,0.999999999995,1e-12,1e-12,2.9999998276096874e-12
audio/umass_tree1_robot_trunk2_segment_5_window_31_contact.wav,trunk,2,umass_tree1_robot_trunk2_segment_5,0,ambient,0.999999999995,1e-12,1e-12,2.9999998276096874e-12
audio/umass_tree1_robot_trunk2_segment_5_window_32_contact.wav,trunk,2,umass_tree1_robot_trunk2_segment_5,0,ambient,0.999999999995,1e-12,1e-12,2.9999998276096874e-12
audio/umass_tree1_robot_trunk2_segment_5_window_33_contact.wav,trunk,2,umass_tree1_robot_trunk2_segment_5,0,ambient,0.999999999995,1e-12,1e-12,2.9999998276096874e-12
audio/umass_tree1_robot_trunk2_segment_5_window_34_contact.wav,trunk,2,umass_tree1_robot_trunk2_segment_5,0,ambient,0.999999999995,1e-12,1e-12,2.9999998276096874e-12
audio/umass_tree1_robot_trunk2_segment_5_window_35_contact.wav,trunk,2,umass_tree1_robot_trunk2_segment_5,0,ambient,0.999999999995,1e-12,1e-12,2.9999998276096874e-12
audio/umass_tree1_robot_trunk2_segment_5_window_36_contact.wav,trunk,2,umass_tree1_robot_trunk2_segment_5,0,ambient,0.999999999995,1e-12,1e-12,2.9999998276096874e-12
audio/umass_tree1_robot_trunk2_segment_5_window_37_contact.wav,trunk,2,umass_tree1_robot_trunk2_segment_5,0,ambient,0.999999999995,1e-12,1e-12,2.9999998276096874e-12
audio/umass_tree1_robot_trunk2_segment_5_window_38_contact.wav,trunk,2,umass_tree1_robot_trunk2_segment_5,0,ambient,0.999999999995,1e-12,1e-12,2.9999998276096874e-12
audio/umass_tree1_robot_trunk2_segment_5_window_39_contact.wav,trunk,2,umass_tree1_robot_trunk2_segment_5,0,ambient,0.999999999995,1e-12,1e-12,2.9999998276096874e-12
audio/umass_tree1_robot_trunk2_segment_5_window_40_contact.wav,trunk,2,umass_tree1_robot_trunk2_segment_5,0,ambient,0.999999999995,1e-12,1e-12,2.9999998276096874e-12
audio/umass_tree1_robot_trunk2_segment_5_window_41_contact.wav,trunk,2,umass_tree1_robot_trunk2_segment_5,0,ambient,0.999999999995,1e-12,1e-12,2.9999998276096874e-12
audio/umass_tree1_robot_trunk2_segment_5_window_42_contact.wav,trunk,2,umass_tree1_robot_trunk2_segment_5,0,ambient,0.999999999995,1e-12,1e-12,2.9999998276096874e-12
audio/umass_tree1_robot_trunk2_segment_5_window_43_contact.wav,trunk,2,umass_tree1_robot_trunk2_segment_5,0,ambient,0.999999999995,1e-12,1e-12,2.9999998276096874e-12
audio/umass_tree1_robot_trunk2_segment_5_window_44_contact.wav,trunk,2,umass_tree1_robot_trunk2_segment_5,0,ambient,0.999999999995,1e-12,1e-12,2.9999998276096874e-12
audio/umass_tree1_robot_trunk2_segment_5_window_45_contact.wav,trunk,2,umass_tree1_robot_trunk2_segment_5,0,ambient,0.999999999995,1e-12,1e-12,2.9999998276096874e-12
audio/umass_tree1_robot_trunk2_segment_5_window_46_contact.wav,trunk,2,umass_tree1_robot_trunk2_segment_5,0,ambient,0.999999999995,1e-12,1e-12,2.9999998276096874e-12
audio/umass_tree1_robot_trunk2_segment_5_window_47_contact.wav,trunk,2,umass_tree1_robot_trunk2_segment_5,0,ambient,0.999999999995,1e-12,1e-12,2.9999998276096874e-12
audio/umass_tree1_robot_trunk2_segment_5_window_48_contact.wav,trunk,2,umass_tree1_robot_trunk2_segment_5,0,ambient,0.999999999995,1e-12,1e-12,2.9999998276096874e-12
audio/umass_tree1_robot_trunk2_segment_5_window_49_contact.wav,trunk,2,umass_tree1_robot_trunk2_segment_5,0,ambient,0.999999999995,1e-12,1e-12,2.9999998276096874e-12
audio/umass_tree1_robot_trunk2_segment_5_window_50_contact.wav,trunk,2,umass_tree1_robot_trunk2_segment_5,0,ambient,0.999999999995,1e-12,1e-12,2.9999998276096874e-12
audio/umass_tree1_robot_trunk2_segment_5_window_51_contact.wav,trunk,2,umass_tree1_robot_trunk2_segment_5,0,ambient,0.999999999995,1e-12,1e-12,2.9999998276096874e-12
audio/umass_tree1_robot_trunk2_segment_5_window_52_contact.wav,trunk,2,umass_tree1_robot_trunk2_segment_5,0,ambient,0.999999999995,1e-12,1e-12,2.9999998276096874e-12
audio/umass_tree1_robot_trunk2_segment_5_window_53_contact.wav,trunk,2,umass_tree1_robot_trunk2_segment_5,0,ambient,0.999999999995,1e-12,1e-12,2.9999998276096874e-12
audio/umass_tree1_robot_trunk2_segment_5_window_54_contact.wav,trunk,2,umass_tree1_robot_trunk2_segment_5,0,ambient,0.999999999995,1e-12,1e-12,2.9999998276096874e-12
audio/umass_tree1_robot_trunk2_segment_5_window_55_contact.wav,trunk,2,umass_tree1_robot_trunk2_segment_5,0,ambient,0.999999999995,1e-12,1e-12,2.9999998276096874e-12
